IdxCd,IdxNm,TrdDt,OpPr,HiPr,LoPr,ClPr
000001,上证指数,2011-01-04,2825.33,2855.40,2810.11,2852.65
000001,上证指数,2011-01-05,2833.12,2850.49,2824.30,2838.59
000001,上证指数,2011-01-06,2838.43,2853.88,2816.95,2824.20
000001,上证指数,2011-01-07,2820.66,2868.01,2807.87,2838.80
000001,上证指数,2011-01-10,2832.62,2847.36,2786.86,2791.81
000001,上证指数,2011-01-11,2783.48,2810.76,2770.34,2804.05
000001,上证指数,2011-01-12,2811.78,2828.47,2788.13,2821.30
000001,上证指数,2011-01-13,2830.53,2837.53,2810.87,2827.71
000001,上证指数,2011-01-14,2817.05,2817.05,2780.44,2791.34
000001,上证指数,2011-01-17,2772.45,2780.94,2698.78,2706.66
000001,上证指数,2011-01-18,2696.15,2715.41,2683.37,2708.98
000001,上证指数,2011-01-19,2707.82,2759.60,2700.81,2758.10
000001,上证指数,2011-01-20,2752.80,2752.80,2676.13,2677.65
000001,上证指数,2011-01-21,2668.68,2746.18,2667.29,2715.29
000001,上证指数,2011-01-24,2716.52,2736.11,2690.65,2695.72
000001,上证指数,2011-01-25,2691.69,2701.04,2661.45,2677.43
000001,上证指数,2011-01-26,2677.17,2710.74,2676.77,2708.81
000001,上证指数,2011-01-27,2690.82,2753.00,2677.21,2749.15
000001,上证指数,2011-01-28,2741.31,2759.44,2733.29,2752.75
000001,上证指数,2011-01-31,2751.53,2790.92,2748.54,2790.69
000001,上证指数,2011-02-01,2795.07,2805.05,2785.30,2798.96
000001,上证指数,2011-02-09,2778.70,2804.21,2764.87,2774.07
000001,上证指数,2011-02-10,2769.65,2819.06,2760.18,2818.16
000001,上证指数,2011-02-11,2815.12,2835.41,2807.61,2827.33
000001,上证指数,2011-02-14,2828.57,2906.26,2828.57,2899.13
000001,上证指数,2011-02-15,2900.43,2934.47,2892.64,2899.24
000001,上证指数,2011-02-16,2893.68,2924.19,2882.55,2923.90
000001,上证指数,2011-02-17,2929.26,2939.28,2905.03,2926.96
000001,上证指数,2011-02-18,2924.23,2924.23,2890.26,2899.79
000001,上证指数,2011-02-21,2886.54,2932.82,2884.19,2932.25
000001,上证指数,2011-02-22,2941.32,2944.41,2851.62,2855.52
000001,上证指数,2011-02-23,2844.99,2868.48,2839.20,2862.63
000001,上证指数,2011-02-24,2861.39,2881.54,2854.56,2878.60
000001,上证指数,2011-02-25,2876.78,2890.32,2848.65,2878.57
000001,上证指数,2011-02-28,2880.17,2906.17,2861.82,2905.05
000001,上证指数,2011-03-01,2906.28,2931.58,2901.55,2918.92
000001,上证指数,2011-03-02,2905.51,2924.96,2883.57,2913.81
000001,上证指数,2011-03-03,2918.73,2937.56,2900.76,2902.98
000001,上证指数,2011-03-04,2902.19,2944.46,2898.08,2942.31
000001,上证指数,2011-03-07,2952.72,3000.43,2952.72,2996.21
000001,上证指数,2011-03-08,2996.73,3001.62,2976.60,2999.94
000001,上证指数,2011-03-09,3002.55,3012.04,2989.34,3002.15
000001,上证指数,2011-03-10,2995.77,2995.77,2954.37,2957.14
000001,上证指数,2011-03-11,2942.42,2966.98,2927.68,2933.80
000001,上证指数,2011-03-14,2923.98,2939.65,2914.46,2937.63
000001,上证指数,2011-03-15,2927.98,2927.98,2850.95,2896.26
000001,上证指数,2011-03-16,2894.25,2934.02,2894.25,2930.80
000001,上证指数,2011-03-17,2906.95,2935.63,2885.65,2897.30
000001,上证指数,2011-03-18,2920.81,2930.61,2900.87,2906.89
000001,上证指数,2011-03-21,2913.91,2927.07,2895.15,2909.14
000001,上证指数,2011-03-22,2917.69,2923.39,2884.75,2919.14
000001,上证指数,2011-03-23,2919.02,2950.42,2911.63,2948.48
000001,上证指数,2011-03-24,2949.85,2958.66,2942.13,2946.71
000001,上证指数,2011-03-25,2948.54,2985.08,2946.70,2977.81
000001,上证指数,2011-03-28,2985.36,3005.78,2979.20,2984.01
000001,上证指数,2011-03-29,2979.86,2994.17,2953.54,2958.08
000001,上证指数,2011-03-30,2955.45,2968.18,2935.75,2955.77
000001,上证指数,2011-03-31,2954.65,2961.63,2914.38,2928.11
000001,上证指数,2011-04-01,2932.48,2967.85,2924.39,2967.41
000001,上证指数,2011-04-06,2964.21,3005.24,2963.90,3001.36
000001,上证指数,2011-04-07,3003.20,3012.29,2990.31,3007.91
000001,上证指数,2011-04-08,3005.37,3031.10,2998.34,3030.02
000001,上证指数,2011-04-11,3037.91,3059.57,3019.89,3022.75
000001,上证指数,2011-04-12,3012.80,3039.12,3003.45,3021.37
000001,上证指数,2011-04-13,3006.83,3050.40,2994.47,3050.40
000001,上证指数,2011-04-14,3049.67,3058.24,3036.73,3042.64
000001,上证指数,2011-04-15,3036.34,3062.53,3020.16,3050.53
000001,上证指数,2011-04-18,3040.53,3067.46,3037.19,3057.33
000001,上证指数,2011-04-19,3038.81,3038.81,2996.22,2999.04
000001,上证指数,2011-04-20,3005.97,3019.12,2992.67,3007.04
000001,上证指数,2011-04-21,3021.77,3035.47,3012.54,3026.67
000001,上证指数,2011-04-22,3025.70,3032.97,3004.47,3010.52
000001,上证指数,2011-04-25,3003.03,3003.61,2964.64,2964.95
000001,上证指数,2011-04-26,2956.95,2970.28,2931.50,2938.98
000001,上证指数,2011-04-27,2946.33,2961.13,2907.66,2925.41
000001,上证指数,2011-04-28,2937.95,2953.19,2884.84,2887.04
000001,上证指数,2011-04-29,2886.63,2913.56,2871.01,2911.51
000001,上证指数,2011-05-03,2911.51,2933.46,2890.22,2932.19
000001,上证指数,2011-05-04,2916.84,2916.97,2860.07,2866.02
000001,上证指数,2011-05-05,2854.77,2880.13,2849.91,2872.40
000001,上证指数,2011-05-06,2842.76,2881.71,2834.46,2863.89
000001,上证指数,2011-05-09,2868.24,2885.18,2861.42,2872.46
000001,上证指数,2011-05-10,2876.98,2891.03,2865.10,2890.63
000001,上证指数,2011-05-11,2890.35,2897.14,2868.35,2883.42
000001,上证指数,2011-05-12,2864.98,2876.45,2843.10,2844.08
000001,上证指数,2011-05-13,2846.31,2871.99,2832.25,2871.03
000001,上证指数,2011-05-16,2864.38,2877.09,2846.31,2849.07
000001,上证指数,2011-05-17,2846.45,2869.23,2821.20,2852.77
000001,上证指数,2011-05-18,2846.72,2877.43,2843.68,2872.77
000001,上证指数,2011-05-19,2879.39,2884.14,2856.83,2859.57
000001,上证指数,2011-05-20,2858.31,2866.76,2850.45,2858.46
000001,上证指数,2011-05-23,2853.29,2853.29,2771.12,2774.57
000001,上证指数,2011-05-24,2766.06,2771.75,2744.78,2767.06
000001,上证指数,2011-05-25,2764.56,2771.18,2737.33,2741.74
000001,上证指数,2011-05-26,2755.39,2764.89,2734.54,2736.53
000001,上证指数,2011-05-27,2739.39,2746.84,2708.55,2709.95
000001,上证指数,2011-05-30,2704.49,2728.06,2689.21,2706.36
000001,上证指数,2011-05-31,2707.56,2744.93,2702.09,2743.47
000001,上证指数,2011-06-01,2737.06,2744.56,2726.49,2743.57
000001,上证指数,2011-06-02,2715.32,2727.99,2676.54,2705.18
000001,上证指数,2011-06-03,2701.77,2732.43,2701.25,2728.02
000001,上证指数,2011-06-07,2720.97,2745.77,2717.31,2744.30
000001,上证指数,2011-06-08,2742.04,2754.12,2715.25,2750.29
000001,上证指数,2011-06-09,2743.54,2747.33,2702.70,2703.34
000001,上证指数,2011-06-10,2696.13,2707.74,2672.32,2705.14
000001,上证指数,2011-06-13,2687.65,2703.42,2669.39,2700.38
000001,上证指数,2011-06-14,2696.22,2735.55,2691.67,2730.04
000001,上证指数,2011-06-15,2717.68,2730.48,2705.07,2705.43
000001,上证指数,2011-06-16,2685.63,2691.94,2663.12,2664.28
000001,上证指数,2011-06-17,2661.41,2675.03,2641.39,2642.82
000001,上证指数,2011-06-20,2635.83,2637.88,2610.99,2621.25
000001,上证指数,2011-06-21,2628.02,2648.02,2618.81,2646.48
000001,上证指数,2011-06-22,2648.53,2657.72,2633.47,2649.32
000001,上证指数,2011-06-23,2640.66,2693.42,2630.34,2688.25
000001,上证指数,2011-06-24,2678.05,2759.71,2674.30,2746.21
000001,上证指数,2011-06-27,2746.79,2769.04,2743.50,2758.23
000001,上证指数,2011-06-28,2759.71,2763.28,2736.40,2759.20
000001,上证指数,2011-06-29,2757.40,2759.23,2727.25,2728.48
000001,上证指数,2011-06-30,2729.99,2774.36,2729.99,2762.08
000001,上证指数,2011-07-01,2767.83,2778.67,2752.97,2759.36
000001,上证指数,2011-07-04,2770.94,2813.27,2770.94,2812.82
000001,上证指数,2011-07-05,2812.72,2818.14,2799.11,2816.36
000001,上证指数,2011-07-06,2811.82,2811.82,2780.73,2810.48
000001,上证指数,2011-07-07,2813.19,2825.12,2793.89,2794.27
000001,上证指数,2011-07-08,2797.03,2807.38,2784.13,2797.77
000001,上证指数,2011-07-11,2789.45,2807.32,2780.66,2802.69
000001,上证指数,2011-07-12,2783.72,2783.72,2752.19,2754.58
000001,上证指数,2011-07-13,2756.03,2797.27,2756.03,2795.48
000001,上证指数,2011-07-14,2798.21,2811.70,2788.98,2810.44
000001,上证指数,2011-07-15,2803.59,2821.34,2794.16,2820.17
000001,上证指数,2011-07-18,2821.36,2826.96,2807.11,2816.69
000001,上证指数,2011-07-19,2804.92,2809.32,2790.68,2796.98
000001,上证指数,2011-07-20,2810.44,2817.28,2779.38,2794.20
000001,上证指数,2011-07-21,2795.90,2799.85,2763.42,2765.89
000001,上证指数,2011-07-22,2769.86,2782.17,2763.80,2770.79
000001,上证指数,2011-07-25,2759.63,2759.63,2680.75,2688.75
000001,上证指数,2011-07-26,2685.75,2704.94,2677.12,2703.03
000001,上证指数,2011-07-27,2690.14,2726.80,2680.43,2723.49
000001,上证指数,2011-07-28,2701.77,2712.09,2684.66,2708.78
000001,上证指数,2011-07-29,2706.50,2721.53,2681.27,2701.73
000001,上证指数,2011-08-01,2697.57,2712.89,2688.53,2703.78
000001,上证指数,2011-08-02,2689.97,2689.97,2651.28,2679.26
000001,上证指数,2011-08-03,2659.12,2688.07,2654.36,2678.49
000001,上证指数,2011-08-04,2683.19,2698.82,2675.53,2684.04
000001,上证指数,2011-08-05,2620.28,2644.58,2605.14,2626.42
000001,上证指数,2011-08-08,2599.29,2614.19,2497.92,2526.82
000001,上证指数,2011-08-09,2468.03,2537.41,2437.68,2526.07
000001,上证指数,2011-08-10,2562.39,2579.16,2544.95,2549.18
000001,上证指数,2011-08-11,2508.86,2582.16,2505.01,2581.51
000001,上证指数,2011-08-12,2593.39,2605.45,2585.85,2593.17
000001,上证指数,2011-08-15,2598.14,2627.10,2584.41,2626.77
000001,上证指数,2011-08-16,2627.85,2636.36,2601.50,2608.17
000001,上证指数,2011-08-17,2603.96,2617.16,2596.04,2601.26
000001,上证指数,2011-08-18,2601.99,2603.49,2556.86,2559.47
000001,上证指数,2011-08-19,2519.64,2538.27,2513.75,2534.36
000001,上证指数,2011-08-22,2534.57,2553.41,2507.78,2515.86
000001,上证指数,2011-08-23,2524.88,2554.18,2514.95,2554.02
000001,上证指数,2011-08-24,2562.41,2569.28,2536.26,2541.09
000001,上证指数,2011-08-25,2546.40,2616.30,2545.05,2615.26
000001,上证指数,2011-08-26,2602.21,2616.64,2593.24,2612.19
000001,上证指数,2011-08-29,2595.47,2595.47,2570.84,2576.41
000001,上证指数,2011-08-30,2592.60,2615.14,2563.69,2566.59
000001,上证指数,2011-08-31,2566.53,2574.41,2545.10,2567.34
000001,上证指数,2011-09-01,2569.80,2584.80,2547.86,2556.04
000001,上证指数,2011-09-02,2551.56,2557.31,2517.62,2528.28
000001,上证指数,2011-09-05,2510.10,2510.10,2478.20,2478.74
000001,上证指数,2011-09-06,2465.57,2482.24,2459.54,2470.52
000001,上证指数,2011-09-07,2480.94,2516.75,2475.22,2516.09
000001,上证指数,2011-09-08,2523.96,2524.38,2498.11,2498.94
000001,上证指数,2011-09-09,2506.97,2528.42,2487.14,2497.75
000001,上证指数,2011-09-13,2467.73,2477.08,2453.80,2471.30
000001,上证指数,2011-09-14,2478.59,2485.93,2439.37,2484.83
000001,上证指数,2011-09-15,2482.86,2496.57,2477.65,2479.05
000001,上证指数,2011-09-16,2490.18,2499.48,2475.76,2482.34
000001,上证指数,2011-09-19,2469.60,2469.60,2437.16,2437.80
000001,上证指数,2011-09-20,2433.72,2460.03,2426.70,2447.76
000001,上证指数,2011-09-21,2450.12,2517.67,2438.85,2512.96
000001,上证指数,2011-09-22,2491.21,2499.98,2442.46,2443.06
000001,上证指数,2011-09-23,2411.83,2440.75,2400.14,2433.16
000001,上证指数,2011-09-26,2416.23,2441.73,2384.64,2393.18
000001,上证指数,2011-09-27,2410.99,2423.91,2395.16,2415.05
000001,上证指数,2011-09-28,2427.29,2430.27,2383.40,2392.06
000001,上证指数,2011-09-29,2378.42,2387.54,2358.57,2365.34
000001,上证指数,2011-09-30,2368.40,2377.54,2348.22,2359.22
000001,上证指数,2011-10-10,2363.08,2368.15,2338.68,2344.79
000001,上证指数,2011-10-11,2401.74,2412.38,2323.41,2348.52
000001,上证指数,2011-10-12,2335.49,2421.69,2318.63,2420.00
000001,上证指数,2011-10-13,2412.83,2439.64,2406.28,2438.79
000001,上证指数,2011-10-14,2429.89,2437.59,2409.29,2431.38
000001,上证指数,2011-10-17,2434.49,2452.99,2424.73,2440.40
000001,上证指数,2011-10-18,2423.28,2425.65,2378.67,2383.49
000001,上证指数,2011-10-19,2387.83,2401.69,2374.42,2377.51
000001,上证指数,2011-10-20,2365.91,2368.64,2315.90,2331.37
000001,上证指数,2011-10-21,2330.51,2340.32,2313.78,2317.28
000001,上证指数,2011-10-24,2322.02,2371.09,2307.15,2370.33
000001,上证指数,2011-10-25,2366.40,2414.05,2357.39,2409.67
000001,上证指数,2011-10-26,2398.19,2448.98,2394.73,2427.48
000001,上证指数,2011-10-27,2432.47,2449.70,2426.32,2435.61
000001,上证指数,2011-10-28,2462.09,2483.76,2456.18,2473.41
000001,上证指数,2011-10-31,2470.25,2478.31,2455.20,2468.25
000001,上证指数,2011-11-01,2450.33,2491.36,2445.53,2470.02
000001,上证指数,2011-11-02,2437.87,2505.12,2433.72,2504.11
000001,上证指数,2011-11-03,2510.84,2535.24,2507.30,2508.09
000001,上证指数,2011-11-04,2525.24,2536.78,2512.90,2528.29
000001,上证指数,2011-11-07,2518.90,2536.18,2507.61,2509.80
000001,上证指数,2011-11-08,2514.26,2524.82,2500.02,2503.84
000001,上证指数,2011-11-09,2512.59,2527.70,2489.03,2524.92
000001,上证指数,2011-11-10,2498.59,2507.45,2478.14,2479.54
000001,上证指数,2011-11-11,2483.96,2496.53,2472.76,2481.08
000001,上证指数,2011-11-14,2498.67,2529.63,2496.34,2528.71
000001,上证指数,2011-11-15,2525.95,2534.06,2518.70,2529.76
000001,上证指数,2011-11-16,2529.07,2529.46,2456.86,2466.96
000001,上证指数,2011-11-17,2467.70,2482.53,2459.16,2463.05
000001,上证指数,2011-11-18,2448.39,2448.51,2411.04,2416.56
000001,上证指数,2011-11-21,2416.73,2419.24,2396.09,2415.13
000001,上证指数,2011-11-22,2400.98,2414.85,2387.83,2412.63
000001,上证指数,2011-11-23,2415.20,2418.56,2390.65,2395.07
000001,上证指数,2011-11-24,2379.15,2409.72,2370.70,2397.55
000001,上证指数,2011-11-25,2393.33,2403.94,2372.62,2380.22
000001,上证指数,2011-11-28,2383.89,2396.83,2372.16,2383.03
000001,上证指数,2011-11-29,2398.99,2413.33,2388.20,2412.39
000001,上证指数,2011-11-30,2406.33,2407.33,2319.44,2333.41
000001,上证指数,2011-12-01,2392.49,2423.56,2376.92,2386.86
000001,上证指数,2011-12-02,2374.90,2378.30,2344.85,2360.66
000001,上证指数,2011-12-05,2363.11,2363.13,2327.61,2333.23
000001,上证指数,2011-12-06,2326.66,2331.89,2310.16,2325.91
000001,上证指数,2011-12-07,2325.56,2339.85,2317.81,2332.73
000001,上证指数,2011-12-08,2329.91,2346.65,2302.64,2329.82
000001,上证指数,2011-12-09,2315.51,2331.26,2309.46,2315.27
000001,上证指数,2011-12-12,2312.15,2315.81,2290.26,2291.55
000001,上证指数,2011-12-13,2283.22,2285.81,2245.87,2248.59
000001,上证指数,2011-12-14,2241.39,2256.74,2224.72,2228.53
000001,上证指数,2011-12-15,2215.79,2216.91,2179.47,2180.89
000001,上证指数,2011-12-16,2179.51,2225.54,2170.75,2224.84
000001,上证指数,2011-12-19,2208.07,2221.45,2164.89,2218.24
000001,上证指数,2011-12-20,2209.70,2239.86,2206.52,2215.93
000001,上证指数,2011-12-21,2230.18,2237.47,2188.71,2191.15
000001,上证指数,2011-12-22,2178.57,2201.59,2149.42,2186.30
000001,上证指数,2011-12-23,2183.91,2219.79,2178.14,2204.78
000001,上证指数,2011-12-26,2193.66,2213.45,2186.07,2190.11
000001,上证指数,2011-12-27,2186.71,2196.97,2162.72,2166.20
000001,上证指数,2011-12-28,2157.65,2170.67,2134.02,2170.01
000001,上证指数,2011-12-29,2161.18,2181.95,2157.11,2173.56
000001,上证指数,2011-12-30,2177.52,2200.99,2177.52,2199.42
000001,上证指数,2012-01-04,2211.99,2217.52,2168.64,2169.39
000001,上证指数,2012-01-05,2160.90,2183.40,2145.56,2148.45
000001,上证指数,2012-01-06,2148.15,2164.32,2132.63,2163.39
000001,上证指数,2012-01-09,2164.74,2226.22,2148.45,2225.89
000001,上证指数,2012-01-10,2221.83,2288.63,2218.28,2285.74
000001,上证指数,2012-01-11,2282.91,2290.64,2265.18,2276.05
000001,上证指数,2012-01-12,2268.74,2295.22,2265.26,2275.01
000001,上证指数,2012-01-13,2277.08,2281.53,2225.74,2244.58
000001,上证指数,2012-01-16,2230.43,2241.26,2206.05,2206.19
000001,上证指数,2012-01-17,2206.53,2298.38,2196.12,2298.38
000001,上证指数,2012-01-18,2298.83,2311.58,2257.90,2266.38
000001,上证指数,2012-01-19,2266.08,2305.71,2259.34,2296.07
000001,上证指数,2012-01-20,2300.50,2322.89,2293.89,2319.12
000001,上证指数,2012-01-30,2324.49,2324.49,2284.29,2285.04
000001,上证指数,2012-01-31,2285.95,2296.38,2277.06,2292.61
000001,上证指数,2012-02-01,2288.07,2305.86,2263.34,2268.08
000001,上证指数,2012-02-02,2273.85,2312.56,2268.69,2312.56
000001,上证指数,2012-02-03,2306.66,2336.27,2300.98,2330.41
000001,上证指数,2012-02-06,2334.25,2341.57,2317.42,2331.14
000001,上证指数,2012-02-07,2319.42,2319.71,2278.82,2291.90
000001,上证指数,2012-02-08,2291.81,2350.97,2286.82,2347.53
000001,上证指数,2012-02-09,2344.22,2363.61,2333.93,2349.59
000001,上证指数,2012-02-10,2342.01,2368.98,2339.89,2351.98
000001,上证指数,2012-02-13,2332.05,2365.34,2325.03,2351.86
000001,上证指数,2012-02-14,2348.88,2352.47,2332.25,2344.77
000001,上证指数,2012-02-15,2340.45,2374.28,2335.10,2366.70
000001,上证指数,2012-02-16,2363.90,2373.80,2342.07,2356.86
000001,上证指数,2012-02-17,2366.63,2372.51,2344.76,2357.18
000001,上证指数,2012-02-20,2383.69,2388.01,2362.01,2363.60
000001,上证指数,2012-02-21,2365.49,2382.15,2345.05,2381.43
000001,上证指数,2012-02-22,2380.50,2404.44,2374.03,2403.59
000001,上证指数,2012-02-23,2401.74,2416.80,2396.71,2409.55
000001,上证指数,2012-02-24,2410.88,2439.98,2405.27,2439.63
000001,上证指数,2012-02-27,2447.41,2478.38,2444.63,2447.06
000001,上证指数,2012-02-28,2440.91,2458.65,2431.83,2451.86
000001,上证指数,2012-02-29,2446.23,2453.07,2426.33,2428.49
000001,上证指数,2012-03-01,2418.79,2437.87,2418.33,2426.11
000001,上证指数,2012-03-02,2430.10,2461.12,2430.10,2460.69
000001,上证指数,2012-03-05,2464.85,2469.84,2442.11,2445.00
000001,上证指数,2012-03-06,2439.78,2442.00,2406.06,2410.45
000001,上证指数,2012-03-07,2391.20,2413.70,2388.52,2394.79
000001,上证指数,2012-03-08,2401.10,2426.70,2401.10,2420.28
000001,上证指数,2012-03-09,2425.89,2440.51,2414.97,2439.46
000001,上证指数,2012-03-12,2438.55,2440.86,2420.84,2434.86
000001,上证指数,2012-03-13,2432.84,2457.22,2428.61,2455.80
000001,上证指数,2012-03-14,2464.91,2476.22,2382.84,2391.23
000001,上证指数,2012-03-15,2388.06,2403.74,2366.02,2373.77
000001,上证指数,2012-03-16,2377.76,2406.15,2368.31,2404.74
000001,上证指数,2012-03-19,2401.22,2412.34,2383.67,2410.18
000001,上证指数,2012-03-20,2407.54,2407.54,2376.03,2376.84
000001,上证指数,2012-03-21,2384.71,2396.72,2361.22,2378.20
000001,上证指数,2012-03-22,2376.99,2386.10,2364.13,2375.77
000001,上证指数,2012-03-23,2369.08,2371.26,2342.12,2349.54
000001,上证指数,2012-03-26,2349.09,2358.00,2339.14,2350.60
000001,上证指数,2012-03-27,2358.55,2363.77,2344.30,2347.18
000001,上证指数,2012-03-28,2341.00,2341.42,2281.43,2284.88
000001,上证指数,2012-03-29,2276.74,2280.96,2242.34,2252.16
000001,上证指数,2012-03-30,2256.04,2266.21,2246.24,2262.79
000001,上证指数,2012-04-05,2258.03,2303.82,2251.39,2302.24
000001,上证指数,2012-04-06,2299.05,2309.64,2291.56,2306.55
000001,上证指数,2012-04-09,2300.05,2304.65,2284.44,2285.78
000001,上证指数,2012-04-10,2281.02,2306.39,2258.85,2305.86
000001,上证指数,2012-04-11,2286.72,2319.05,2280.03,2308.93
000001,上证指数,2012-04-12,2310.48,2351.05,2307.84,2350.86
000001,上证指数,2012-04-13,2351.51,2369.70,2346.94,2359.16
000001,上证指数,2012-04-16,2346.31,2364.11,2342.20,2357.03
000001,上证指数,2012-04-17,2355.37,2363.01,2333.34,2334.99
000001,上证指数,2012-04-18,2341.14,2383.64,2337.86,2380.85
000001,上证指数,2012-04-19,2378.63,2386.98,2369.46,2378.63
000001,上证指数,2012-04-20,2374.66,2407.29,2372.13,2406.86
000001,上证指数,2012-04-23,2403.52,2411.51,2383.07,2388.59
000001,上证指数,2012-04-24,2380.24,2415.75,2350.40,2388.83
000001,上证指数,2012-04-25,2382.21,2411.42,2376.63,2406.81
000001,上证指数,2012-04-26,2408.56,2414.75,2393.26,2404.70
000001,上证指数,2012-04-27,2402.43,2408.42,2393.87,2396.32
000001,上证指数,2012-05-02,2421.08,2446.35,2407.79,2438.44
000001,上证指数,2012-05-03,2433.59,2441.95,2427.73,2440.08
000001,上证指数,2012-05-04,2437.47,2453.73,2427.97,2452.01
000001,上证指数,2012-05-07,2441.76,2451.95,2432.74,2451.95
000001,上证指数,2012-05-08,2451.57,2451.60,2431.03,2448.88
000001,上证指数,2012-05-09,2432.47,2432.47,2407.51,2408.59
000001,上证指数,2012-05-10,2409.95,2419.12,2402.20,2410.23
000001,上证指数,2012-05-11,2406.07,2415.98,2393.38,2394.98
000001,上证指数,2012-05-14,2408.26,2411.27,2377.98,2380.72
000001,上证指数,2012-05-15,2367.08,2376.59,2354.61,2374.84
000001,上证指数,2012-05-16,2369.30,2372.03,2344.50,2346.19
000001,上证指数,2012-05-17,2347.18,2383.31,2342.35,2378.89
000001,上证指数,2012-05-18,2364.90,2369.60,2338.24,2344.52
000001,上证指数,2012-05-21,2343.58,2360.39,2330.32,2348.30
000001,上证指数,2012-05-22,2355.73,2374.06,2354.87,2373.31
000001,上证指数,2012-05-23,2369.26,2378.08,2350.55,2363.44
000001,上证指数,2012-05-24,2359.68,2373.06,2344.58,2350.97
000001,上证指数,2012-05-25,2350.54,2355.81,2327.41,2333.55
000001,上证指数,2012-05-28,2325.32,2361.74,2309.07,2361.37
000001,上证指数,2012-05-29,2361.00,2393.28,2358.37,2389.64
000001,上证指数,2012-05-30,2385.39,2391.69,2378.13,2384.67
000001,上证指数,2012-05-31,2370.01,2382.99,2362.31,2372.23
000001,上证指数,2012-06-01,2373.22,2388.09,2365.44,2373.44
000001,上证指数,2012-06-04,2346.98,2348.20,2308.23,2308.55
000001,上证指数,2012-06-05,2313.74,2323.30,2304.05,2311.92
000001,上证指数,2012-06-06,2315.56,2323.11,2301.03,2309.55
000001,上证指数,2012-06-07,2324.67,2328.67,2288.66,2293.13
000001,上证指数,2012-06-08,2306.22,2306.88,2276.71,2281.45
000001,上证指数,2012-06-11,2282.89,2311.77,2278.16,2305.86
000001,上证指数,2012-06-12,2295.07,2298.95,2280.95,2289.79
000001,上证指数,2012-06-13,2289.71,2319.71,2284.65,2318.92
000001,上证指数,2012-06-14,2306.78,2314.59,2293.07,2295.95
000001,上证指数,2012-06-15,2299.78,2314.24,2283.40,2306.85
000001,上证指数,2012-06-18,2313.53,2325.05,2309.71,2316.05
000001,上证指数,2012-06-19,2313.45,2313.45,2298.39,2300.80
000001,上证指数,2012-06-20,2300.41,2304.46,2291.54,2292.88
000001,上证指数,2012-06-21,2288.45,2288.45,2253.79,2260.88
000001,上证指数,2012-06-25,2253.51,2253.51,2223.05,2224.11
000001,上证指数,2012-06-26,2214.65,2229.24,2203.94,2222.07
000001,上证指数,2012-06-27,2219.94,2233.54,2213.32,2216.93
000001,上证指数,2012-06-28,2220.24,2224.16,2195.36,2195.84
000001,上证指数,2012-06-29,2190.58,2226.49,2188.72,2225.43
000001,上证指数,2012-07-02,2234.32,2234.87,2215.36,2226.11
000001,上证指数,2012-07-03,2225.57,2244.83,2219.05,2229.19
000001,上证指数,2012-07-04,2233.34,2239.27,2219.45,2227.32
000001,上证指数,2012-07-05,2218.22,2218.22,2192.65,2201.35
000001,上证指数,2012-07-06,2203.73,2227.47,2185.52,2223.58
000001,上证指数,2012-07-09,2210.71,2216.70,2168.61,2170.81
000001,上证指数,2012-07-10,2166.95,2178.20,2156.73,2164.44
000001,上证指数,2012-07-11,2160.02,2176.49,2156.60,2175.38
000001,上证指数,2012-07-12,2172.06,2197.04,2152.68,2185.49
000001,上证指数,2012-07-13,2180.17,2198.66,2177.92,2185.89
000001,上证指数,2012-07-16,2187.89,2188.06,2146.15,2147.95
000001,上证指数,2012-07-17,2142.43,2165.34,2141.48,2161.19
000001,上证指数,2012-07-18,2159.86,2170.30,2138.79,2169.10
000001,上证指数,2012-07-19,2164.27,2197.79,2159.94,2184.84
000001,上证指数,2012-07-20,2180.01,2185.73,2162.06,2168.64
000001,上证指数,2012-07-23,2154.17,2154.17,2135.56,2141.40
000001,上证指数,2012-07-24,2132.32,2158.95,2131.01,2146.59
000001,上证指数,2012-07-25,2141.04,2151.45,2132.83,2136.15
000001,上证指数,2012-07-26,2134.99,2147.66,2124.16,2126.00
000001,上证指数,2012-07-27,2132.01,2139.15,2120.63,2128.76
000001,上证指数,2012-07-30,2128.16,2137.74,2107.63,2109.91
000001,上证指数,2012-07-31,2109.32,2116.90,2100.25,2103.63
000001,上证指数,2012-08-01,2101.72,2130.71,2101.71,2123.36
000001,上证指数,2012-08-02,2120.15,2126.46,2103.49,2111.18
000001,上证指数,2012-08-03,2113.96,2133.27,2108.33,2132.80
000001,上证指数,2012-08-06,2129.15,2158.68,2127.26,2154.92
000001,上证指数,2012-08-07,2153.09,2159.68,2148.90,2157.62
000001,上证指数,2012-08-08,2158.98,2168.73,2153.02,2160.99
000001,上证指数,2012-08-09,2159.43,2175.55,2148.69,2174.10
000001,上证指数,2012-08-10,2172.96,2176.80,2165.28,2168.81
000001,上证指数,2012-08-13,2164.04,2164.04,2134.55,2136.08
000001,上证指数,2012-08-14,2137.05,2144.01,2119.25,2142.53
000001,上证指数,2012-08-15,2138.28,2139.14,2118.50,2118.95
000001,上证指数,2012-08-16,2116.08,2122.68,2109.66,2112.20
000001,上证指数,2012-08-17,2111.65,2120.71,2100.79,2114.89
000001,上证指数,2012-08-20,2102.23,2110.78,2089.02,2106.96
000001,上证指数,2012-08-21,2106.38,2124.20,2103.07,2118.27
000001,上证指数,2012-08-22,2118.88,2121.15,2097.61,2107.71
000001,上证指数,2012-08-23,2106.96,2118.74,2097.08,2113.07
000001,上证指数,2012-08-24,2108.36,2109.82,2089.22,2092.10
000001,上证指数,2012-08-27,2085.37,2085.37,2055.38,2055.71
000001,上证指数,2012-08-28,2054.97,2083.96,2052.49,2073.15
000001,上证指数,2012-08-29,2066.82,2073.95,2051.78,2053.24
000001,上证指数,2012-08-30,2044.03,2060.18,2032.54,2052.59
000001,上证指数,2012-08-31,2046.29,2059.30,2044.65,2047.52
000001,上证指数,2012-09-03,2044.83,2066.78,2041.16,2059.15
000001,上证指数,2012-09-04,2060.61,2063.82,2039.27,2043.65
000001,上证指数,2012-09-05,2038.87,2048.32,2029.05,2037.68
000001,上证指数,2012-09-06,2040.67,2052.95,2036.37,2051.92
000001,上证指数,2012-09-07,2062.99,2145.00,2062.99,2127.76
000001,上证指数,2012-09-10,2128.07,2140.17,2120.49,2134.89
000001,上证指数,2012-09-11,2127.52,2127.52,2107.22,2120.55
000001,上证指数,2012-09-12,2129.69,2137.89,2109.14,2126.55
000001,上证指数,2012-09-13,2123.84,2130.08,2110.00,2110.38
000001,上证指数,2012-09-14,2127.39,2136.23,2111.12,2123.85
000001,上证指数,2012-09-17,2120.62,2121.58,2077.48,2078.50
000001,上证指数,2012-09-18,2069.34,2074.76,2053.66,2059.54
000001,上证指数,2012-09-19,2061.06,2069.95,2055.20,2067.83
000001,上证指数,2012-09-20,2060.31,2060.31,2023.09,2024.84
000001,上证指数,2012-09-21,2020.55,2041.95,2018.26,2026.69
000001,上证指数,2012-09-24,2015.77,2040.85,2005.26,2033.19
000001,上证指数,2012-09-25,2028.63,2039.10,2021.81,2029.29
000001,上证指数,2012-09-26,2027.86,2033.04,1999.48,2004.17
000001,上证指数,2012-09-27,2003.10,2068.07,2002.32,2056.32
000001,上证指数,2012-09-28,2042.89,2089.63,2040.35,2086.17
000001,上证指数,2012-10-08,2084.85,2096.26,2063.09,2074.42
000001,上证指数,2012-10-09,2081.59,2119.34,2081.59,2115.23
000001,上证指数,2012-10-10,2111.59,2121.99,2102.53,2119.94
000001,上证指数,2012-10-11,2114.23,2117.84,2101.14,2102.87
000001,上证指数,2012-10-12,2109.07,2127.31,2092.51,2104.93
000001,上证指数,2012-10-15,2105.02,2107.20,2085.11,2098.70
000001,上证指数,2012-10-16,2097.05,2111.78,2089.70,2098.81
000001,上证指数,2012-10-17,2104.28,2113.16,2088.04,2105.62
000001,上证指数,2012-10-18,2108.50,2137.69,2107.49,2131.69
000001,上证指数,2012-10-19,2129.82,2136.87,2125.74,2128.30
000001,上证指数,2012-10-22,2118.52,2138.03,2112.75,2132.76
000001,上证指数,2012-10-23,2132.11,2136.22,2111.92,2114.45
000001,上证指数,2012-10-24,2106.83,2124.00,2104.67,2115.99
000001,上证指数,2012-10-25,2114.76,2128.74,2100.61,2101.58
000001,上证指数,2012-10-26,2100.10,2102.16,2058.06,2066.21
000001,上证指数,2012-10-29,2061.85,2068.24,2053.09,2058.94
000001,上证指数,2012-10-30,2059.20,2075.91,2054.26,2062.35
000001,上证指数,2012-10-31,2061.12,2070.48,2053.58,2068.88
000001,上证指数,2012-11-01,2070.02,2109.50,2069.95,2104.43
000001,上证指数,2012-11-02,2105.45,2119.22,2096.53,2117.05
000001,上证指数,2012-11-05,2113.33,2123.33,2104.58,2114.03
000001,上证指数,2012-11-06,2113.66,2114.79,2078.47,2106.00
000001,上证指数,2012-11-07,2102.42,2112.63,2093.29,2105.73
000001,上证指数,2012-11-08,2091.25,2092.57,2070.65,2071.51
000001,上证指数,2012-11-09,2066.49,2077.23,2062.42,2069.07
000001,上证指数,2012-11-12,2069.21,2079.57,2061.84,2079.27
000001,上证指数,2012-11-13,2078.13,2078.13,2044.04,2047.89
000001,上证指数,2012-11-14,2047.26,2056.49,2040.17,2055.42
000001,上证指数,2012-11-15,2045.46,2053.56,2029.87,2030.29
000001,上证指数,2012-11-16,2026.56,2028.69,2001.72,2014.72
000001,上证指数,2012-11-19,2013.25,2018.38,1995.72,2016.98
000001,上证指数,2012-11-20,2020.43,2023.61,2004.17,2008.92
000001,上证指数,2012-11-21,2008.21,2031.15,1995.17,2030.32
000001,上证指数,2012-11-22,2021.21,2023.09,2009.72,2015.61
000001,上证指数,2012-11-23,2020.02,2034.88,2017.00,2027.38
000001,上证指数,2012-11-26,2023.34,2027.27,2014.03,2017.46
000001,上证指数,2012-11-27,2012.08,2014.21,1990.34,1991.16
000001,上证指数,2012-11-28,1984.48,1984.86,1968.21,1973.52
000001,上证指数,2012-11-29,1972.92,1980.56,1961.82,1963.49
000001,上证指数,2012-11-30,1961.82,1983.42,1959.33,1980.12
000001,上证指数,2012-12-03,1977.25,1988.19,1957.88,1959.77
000001,上证指数,2012-12-04,1956.62,1980.12,1949.46,1975.14
000001,上证指数,2012-12-05,1973.11,2040.60,1970.20,2031.91
000001,上证指数,2012-12-06,2029.56,2036.61,2018.38,2029.24
000001,上证指数,2012-12-07,2028.77,2065.74,2023.96,2061.79
000001,上证指数,2012-12-10,2067.32,2087.01,2064.61,2083.77
000001,上证指数,2012-12-11,2077.56,2088.64,2070.19,2074.70
000001,上证指数,2012-12-12,2073.27,2085.93,2066.39,2082.73
000001,上证指数,2012-12-13,2077.42,2081.36,2059.47,2061.48
000001,上证指数,2012-12-14,2062.69,2152.50,2062.54,2150.63
000001,上证指数,2012-12-17,2152.10,2169.57,2151.94,2160.34
000001,上证指数,2012-12-18,2155.86,2183.71,2144.73,2162.46
000001,上证指数,2012-12-19,2158.67,2175.39,2154.29,2162.24
000001,上证指数,2012-12-20,2156.19,2174.82,2142.95,2168.35
000001,上证指数,2012-12-21,2169.57,2190.40,2148.17,2153.31
000001,上证指数,2012-12-24,2150.65,2170.39,2149.82,2159.05
000001,上证指数,2012-12-25,2154.32,2220.26,2146.86,2213.61
000001,上证指数,2012-12-26,2211.59,2220.47,2206.79,2219.13
000001,上证指数,2012-12-27,2223.66,2234.72,2204.79,2205.90
000001,上证指数,2012-12-28,2207.91,2234.87,2204.00,2233.25
000001,上证指数,2012-12-31,2236.46,2269.51,2236.46,2269.13
000001,上证指数,2013-01-04,2289.51,2296.11,2256.56,2276.99
000001,上证指数,2013-01-07,2271.66,2293.32,2266.86,2285.36
000001,上证指数,2013-01-08,2284.65,2289.14,2262.98,2276.07
000001,上证指数,2013-01-09,2271.30,2283.90,2259.05,2275.34
000001,上证指数,2013-01-10,2274.38,2295.48,2268.65,2283.66
000001,上证指数,2013-01-11,2285.18,2290.20,2234.95,2243.00
000001,上证指数,2013-01-14,2236.29,2317.62,2235.11,2311.74
000001,上证指数,2013-01-15,2312.47,2332.78,2309.32,2325.68
000001,上证指数,2013-01-16,2322.16,2326.76,2279.51,2309.50
000001,上证指数,2013-01-17,2305.14,2305.60,2275.88,2284.91
000001,上证指数,2013-01-18,2295.81,2324.51,2285.97,2317.07
000001,上证指数,2013-01-21,2321.49,2329.58,2305.10,2328.22
000001,上证指数,2013-01-22,2326.49,2335.81,2301.30,2315.14
000001,上证指数,2013-01-23,2308.52,2325.12,2296.49,2320.91
000001,上证指数,2013-01-24,2320.26,2362.94,2287.30,2302.60
000001,上证指数,2013-01-25,2300.00,2308.38,2288.26,2291.30
000001,上证指数,2013-01-28,2295.35,2346.92,2295.35,2346.51
000001,上证指数,2013-01-29,2347.22,2363.80,2337.35,2358.98
000001,上证指数,2013-01-30,2360.75,2383.76,2347.89,2382.47
000001,上证指数,2013-01-31,2383.43,2391.82,2371.23,2385.42
000001,上证指数,2013-02-01,2377.41,2421.15,2369.57,2419.02
000001,上证指数,2013-02-04,2425.92,2440.38,2417.59,2428.15
000001,上证指数,2013-02-05,2411.00,2437.41,2403.30,2433.13
000001,上证指数,2013-02-06,2432.68,2441.73,2427.70,2434.48
000001,上证指数,2013-02-07,2430.69,2433.89,2394.22,2418.53
000001,上证指数,2013-02-08,2416.62,2443.03,2414.40,2432.40
000001,上证指数,2013-02-18,2441.91,2444.80,2415.43,2421.56
000001,上证指数,2013-02-19,2420.26,2427.07,2373.53,2382.91
000001,上证指数,2013-02-20,2383.49,2397.94,2370.61,2397.18
000001,上证指数,2013-02-21,2378.82,2378.82,2309.17,2325.95
000001,上证指数,2013-02-22,2322.94,2330.88,2308.76,2314.16
000001,上证指数,2013-02-25,2320.62,2338.78,2315.01,2325.82
000001,上证指数,2013-02-26,2313.74,2340.71,2289.89,2293.34
000001,上证指数,2013-02-27,2297.77,2324.63,2292.03,2313.22
000001,上证指数,2013-02-28,2322.32,2366.16,2308.92,2365.59
000001,上证指数,2013-03-01,2364.54,2369.65,2330.86,2359.51
000001,上证指数,2013-03-04,2332.08,2333.54,2259.25,2273.40
000001,上证指数,2013-03-05,2274.81,2328.14,2270.10,2326.31
000001,上证指数,2013-03-06,2333.61,2351.44,2321.60,2347.18
000001,上证指数,2013-03-07,2340.44,2352.02,2304.27,2324.29
000001,上证指数,2013-03-08,2326.42,2333.67,2314.59,2318.61
000001,上证指数,2013-03-11,2314.68,2320.96,2296.58,2310.59
000001,上证指数,2013-03-12,2309.16,2333.29,2264.83,2286.61
000001,上证指数,2013-03-13,2282.17,2286.33,2253.25,2263.97
000001,上证指数,2013-03-14,2255.78,2276.22,2253.31,2270.28
000001,上证指数,2013-03-15,2269.32,2312.08,2250.01,2278.40
000001,上证指数,2013-03-18,2267.29,2276.05,2239.21,2240.02
000001,上证指数,2013-03-19,2244.26,2261.31,2232.02,2257.43
000001,上证指数,2013-03-20,2257.74,2317.86,2257.42,2317.37
000001,上证指数,2013-03-21,2318.20,2330.81,2311.60,2324.24
000001,上证指数,2013-03-22,2321.40,2331.99,2314.97,2328.28
000001,上证指数,2013-03-25,2334.74,2344.89,2319.91,2326.72
000001,上证指数,2013-03-26,2318.58,2319.99,2281.12,2297.67
000001,上证指数,2013-03-27,2299.38,2323.48,2288.99,2301.26
000001,上证指数,2013-03-28,2273.55,2273.55,2232.91,2236.30
000001,上证指数,2013-03-29,2238.49,2246.87,2228.81,2236.62
000001,上证指数,2013-04-01,2229.46,2243.95,2227.31,2234.39
000001,上证指数,2013-04-02,2234.90,2253.42,2220.44,2227.74
000001,上证指数,2013-04-03,2232.69,2241.34,2217.25,2225.30
000001,上证指数,2013-04-08,2196.24,2212.59,2180.67,2211.59
000001,上证指数,2013-04-09,2215.47,2234.72,2215.47,2225.78
000001,上证指数,2013-04-10,2224.93,2233.04,2212.56,2226.13
000001,上证指数,2013-04-11,2236.98,2242.48,2217.26,2219.55
000001,上证指数,2013-04-12,2218.09,2226.26,2204.44,2206.78
000001,上证指数,2013-04-15,2199.91,2204.99,2177.39,2181.94
000001,上证指数,2013-04-16,2169.63,2196.43,2165.78,2194.85
000001,上证指数,2013-04-17,2195.03,2197.51,2178.47,2193.80
000001,上证指数,2013-04-18,2181.82,2206.03,2175.44,2197.60
000001,上证指数,2013-04-19,2201.12,2250.11,2200.58,2244.64
000001,上证指数,2013-04-22,2236.40,2245.12,2232.26,2242.17
000001,上证指数,2013-04-23,2242.62,2242.62,2182.81,2184.54
000001,上证指数,2013-04-24,2187.35,2226.12,2184.11,2218.32
000001,上证指数,2013-04-25,2213.18,2224.63,2191.85,2199.31
000001,上证指数,2013-04-26,2203.89,2210.58,2173.86,2177.91
000001,上证指数,2013-05-02,2170.78,2179.65,2161.14,2174.12
000001,上证指数,2013-05-03,2179.05,2222.81,2179.05,2205.50
000001,上证指数,2013-05-06,2212.49,2236.07,2212.49,2231.17
000001,上证指数,2013-05-07,2227.86,2240.26,2219.43,2235.57
000001,上证指数,2013-05-08,2242.39,2255.21,2235.42,2246.30
000001,上证指数,2013-05-09,2246.96,2247.86,2221.38,2232.97
000001,上证指数,2013-05-10,2228.82,2247.67,2225.81,2246.83
000001,上证指数,2013-05-13,2247.68,2250.85,2231.36,2241.92
000001,上证指数,2013-05-14,2238.90,2239.93,2205.87,2217.01
000001,上证指数,2013-05-15,2217.09,2225.19,2213.58,2224.80
000001,上证指数,2013-05-16,2221.34,2252.87,2210.77,2251.81
000001,上证指数,2013-05-17,2249.81,2288.09,2248.41,2282.87
000001,上证指数,2013-05-20,2286.33,2309.39,2281.90,2299.99
000001,上证指数,2013-05-21,2297.11,2305.30,2290.12,2305.11
000001,上证指数,2013-05-22,2303.75,2314.18,2292.43,2302.40
000001,上证指数,2013-05-23,2293.81,2304.95,2274.10,2275.67
000001,上证指数,2013-05-24,2281.45,2292.59,2270.25,2288.53
000001,上证指数,2013-05-27,2286.66,2301.70,2283.93,2293.08
000001,上证指数,2013-05-28,2293.40,2322.10,2281.47,2321.32
000001,上证指数,2013-05-29,2323.54,2334.34,2321.17,2324.02
000001,上证指数,2013-05-30,2316.25,2325.72,2310.49,2317.75
000001,上证指数,2013-05-31,2320.74,2325.53,2299.37,2300.59
000001,上证指数,2013-06-03,2300.21,2313.43,2294.11,2299.25
000001,上证指数,2013-06-04,2297.10,2297.10,2264.76,2272.42
000001,上证指数,2013-06-05,2270.71,2276.86,2260.87,2270.93
000001,上证指数,2013-06-06,2264.43,2266.69,2240.07,2242.11
000001,上证指数,2013-06-07,2242.26,2250.63,2205.07,2210.90
000001,上证指数,2013-06-13,2190.10,2190.10,2126.22,2148.36
000001,上证指数,2013-06-14,2150.06,2163.85,2142.78,2162.04
000001,上证指数,2013-06-17,2165.99,2169.36,2147.03,2156.22
000001,上证指数,2013-06-18,2158.55,2161.68,2138.35,2159.29
000001,上证指数,2013-06-19,2150.82,2150.82,2115.79,2143.45
000001,上证指数,2013-06-20,2132.81,2132.81,2082.82,2084.02
000001,上证指数,2013-06-21,2058.98,2085.86,2042.88,2073.09
000001,上证指数,2013-06-24,2068.86,2068.86,1958.40,1963.23
000001,上证指数,2013-06-25,1948.32,1963.57,1849.65,1959.51
000001,上证指数,2013-06-26,1954.47,1959.16,1922.82,1951.49
000001,上证指数,2013-06-27,1955.13,1980.54,1942.37,1950.01
000001,上证指数,2013-06-28,1935.52,1987.98,1925.65,1979.21
000001,上证指数,2013-07-01,1965.99,1995.92,1957.57,1995.24
000001,上证指数,2013-07-02,1992.89,2007.62,1978.43,2006.56
000001,上证指数,2013-07-03,1996.51,1996.54,1965.52,1994.27
000001,上证指数,2013-07-04,1982.87,2022.14,1974.10,2006.10
000001,上证指数,2013-07-05,2006.19,2021.54,2002.37,2007.20
000001,上证指数,2013-07-08,1983.21,1983.21,1953.12,1958.27
000001,上证指数,2013-07-09,1953.60,1969.15,1946.37,1965.45
000001,上证指数,2013-07-10,1962.84,2009.36,1960.28,2008.13
000001,上证指数,2013-07-11,2011.02,2092.87,2010.40,2072.99
000001,上证指数,2013-07-12,2068.04,2074.86,2036.05,2039.49
000001,上证指数,2013-07-15,2046.12,2076.66,2037.25,2059.39
000001,上证指数,2013-07-16,2054.60,2066.36,2038.54,2065.72
000001,上证指数,2013-07-17,2061.19,2075.81,2043.23,2044.92
000001,上证指数,2013-07-18,2038.40,2043.37,2016.90,2023.40
000001,上证指数,2013-07-19,2025.32,2035.22,1990.25,1992.65
000001,上证指数,2013-07-22,1977.73,2005.47,1970.64,2004.76
000001,上证指数,2013-07-23,2008.95,2051.53,2005.09,2043.88
000001,上证指数,2013-07-24,2035.69,2042.77,2010.42,2033.33
000001,上证指数,2013-07-25,2037.34,2045.37,2016.43,2021.17
000001,上证指数,2013-07-26,2013.19,2021.57,2000.80,2010.85
000001,上证指数,2013-07-29,1997.84,1997.84,1969.85,1976.31
000001,上证指数,2013-07-30,1981.45,2006.23,1965.36,1990.06
000001,上证指数,2013-07-31,2000.79,2015.47,1987.88,1993.80
000001,上证指数,2013-08-01,2000.82,2029.93,1997.06,2029.07
000001,上证指数,2013-08-02,2039.51,2047.08,2025.65,2029.42
000001,上证指数,2013-08-05,2031.72,2050.91,2025.23,2050.48
000001,上证指数,2013-08-06,2043.65,2066.74,2034.96,2060.50
000001,上证指数,2013-08-07,2056.37,2069.56,2043.75,2046.78
000001,上证指数,2013-08-08,2044.44,2058.56,2037.25,2044.89
000001,上证指数,2013-08-09,2052.24,2061.71,2030.13,2052.24
000001,上证指数,2013-08-12,2058.42,2102.35,2055.72,2101.28
000001,上证指数,2013-08-13,2101.32,2106.40,2093.80,2106.16
000001,上证指数,2013-08-14,2109.22,2122.97,2093.04,2100.14
000001,上证指数,2013-08-15,2099.28,2108.41,2079.97,2081.88
000001,上证指数,2013-08-16,2075.98,2198.85,2061.65,2068.45
000001,上证指数,2013-08-19,2055.13,2091.13,2052.70,2085.60
000001,上证指数,2013-08-20,2081.97,2098.98,2066.07,2072.59
000001,上证指数,2013-08-21,2076.27,2076.32,2056.91,2072.96
000001,上证指数,2013-08-22,2069.31,2083.33,2062.37,2067.12
000001,上证指数,2013-08-23,2075.93,2079.85,2029.37,2057.46
000001,上证指数,2013-08-26,2061.42,2097.34,2056.13,2096.47
000001,上证指数,2013-08-27,2095.44,2105.38,2090.43,2103.57
000001,上证指数,2013-08-28,2092.31,2113.82,2080.86,2101.30
000001,上证指数,2013-08-29,2108.44,2110.89,2088.24,2097.23
000001,上证指数,2013-08-30,2097.22,2114.39,2089.09,2098.38
000001,上证指数,2013-09-02,2104.09,2108.68,2078.45,2098.45
000001,上证指数,2013-09-03,2100.45,2123.85,2095.45,2123.11
000001,上证指数,2013-09-04,2121.68,2133.00,2115.75,2127.62
000001,上证指数,2013-09-05,2125.26,2127.86,2115.24,2122.43
000001,上证指数,2013-09-06,2119.33,2143.24,2119.02,2139.99
000001,上证指数,2013-09-09,2151.35,2218.53,2151.35,2212.52
000001,上证指数,2013-09-10,2214.81,2238.55,2202.82,2237.98
000001,上证指数,2013-09-11,2244.96,2258.07,2233.00,2241.27
000001,上证指数,2013-09-12,2236.17,2270.27,2226.29,2255.61
000001,上证指数,2013-09-13,2251.46,2259.42,2228.48,2236.22
000001,上证指数,2013-09-16,2244.46,2248.47,2226.17,2231.40
000001,上证指数,2013-09-17,2230.39,2230.93,2184.92,2185.56
000001,上证指数,2013-09-18,2185.94,2195.90,2172.04,2191.85
000001,上证指数,2013-09-23,2199.36,2223.07,2198.34,2221.04
000001,上证指数,2013-09-24,2219.47,2219.54,2187.24,2207.53
000001,上证指数,2013-09-25,2206.22,2217.97,2193.72,2198.51
000001,上证指数,2013-09-26,2192.23,2192.23,2154.72,2155.81
000001,上证指数,2013-09-27,2150.96,2165.78,2149.59,2160.03
000001,上证指数,2013-09-30,2167.73,2176.30,2165.16,2174.66
000001,上证指数,2013-10-08,2171.90,2200.02,2161.49,2198.20
000001,上证指数,2013-10-09,2191.39,2212.35,2185.18,2211.77
000001,上证指数,2013-10-10,2214.41,2214.59,2186.48,2190.93
000001,上证指数,2013-10-11,2201.41,2228.87,2200.53,2228.15
000001,上证指数,2013-10-14,2232.22,2242.98,2226.40,2237.77
000001,上证指数,2013-10-15,2237.93,2240.25,2221.14,2233.41
000001,上证指数,2013-10-16,2228.11,2228.11,2183.40,2193.07
000001,上证指数,2013-10-17,2201.71,2211.03,2183.25,2188.54
000001,上证指数,2013-10-18,2188.71,2203.29,2184.36,2193.78
000001,上证指数,2013-10-21,2198.11,2230.28,2190.39,2229.24
000001,上证指数,2013-10-22,2227.34,2227.34,2204.24,2210.65
000001,上证指数,2013-10-23,2213.27,2226.85,2177.72,2183.11
000001,上证指数,2013-10-24,2178.82,2183.41,2159.87,2164.32
000001,上证指数,2013-10-25,2163.69,2170.61,2122.68,2132.95
000001,上证指数,2013-10-28,2135.88,2140.96,2123.07,2133.87
000001,上证指数,2013-10-29,2135.23,2163.66,2093.20,2128.86
000001,上证指数,2013-10-30,2126.69,2161.93,2121.84,2160.46
000001,上证指数,2013-10-31,2155.51,2155.51,2137.47,2141.61
000001,上证指数,2013-11-01,2139.88,2157.31,2132.63,2149.56
000001,上证指数,2013-11-04,2156.09,2160.58,2143.21,2149.63
000001,上证指数,2013-11-05,2139.84,2158.15,2124.84,2157.24
000001,上证指数,2013-11-06,2149.39,2166.17,2138.78,2139.61
000001,上证指数,2013-11-07,2136.63,2141.60,2119.19,2129.40
000001,上证指数,2013-11-08,2120.92,2128.58,2103.51,2106.13
000001,上证指数,2013-11-11,2103.30,2117.28,2093.63,2109.47
000001,上证指数,2013-11-12,2110.72,2127.94,2108.40,2126.77
000001,上证指数,2013-11-13,2117.89,2117.91,2086.01,2087.94
000001,上证指数,2013-11-14,2087.12,2102.38,2078.99,2100.51
000001,上证指数,2013-11-15,2100.90,2153.21,2100.79,2135.83
000001,上证指数,2013-11-18,2147.37,2198.32,2143.77,2197.22
000001,上证指数,2013-11-19,2198.32,2203.30,2186.11,2193.13
000001,上证指数,2013-11-20,2201.47,2207.11,2186.64,2206.61
000001,上证指数,2013-11-21,2197.01,2206.53,2177.74,2205.77
000001,上证指数,2013-11-22,2206.47,2211.07,2188.77,2196.38
000001,上证指数,2013-11-25,2186.06,2209.15,2181.42,2186.11
000001,上证指数,2013-11-26,2184.33,2192.58,2176.18,2183.07
000001,上证指数,2013-11-27,2181.72,2207.62,2176.85,2201.07
000001,上证指数,2013-11-28,2204.38,2234.39,2202.62,2219.37
000001,上证指数,2013-11-29,2221.62,2224.94,2212.26,2220.50
000001,上证指数,2013-12-02,2203.12,2231.92,2172.63,2207.37
000001,上证指数,2013-12-03,2196.82,2227.93,2193.25,2222.67
000001,上证指数,2013-12-04,2219.97,2260.87,2215.92,2251.76
000001,上证指数,2013-12-05,2252.72,2255.26,2239.14,2247.06
000001,上证指数,2013-12-06,2242.56,2248.15,2228.63,2237.11
000001,上证指数,2013-12-09,2241.79,2249.17,2231.73,2238.20
000001,上证指数,2013-12-10,2239.86,2250.50,2231.68,2237.49
000001,上证指数,2013-12-11,2228.63,2228.63,2193.16,2204.17
000001,上证指数,2013-12-12,2199.32,2214.55,2194.90,2202.80
000001,上证指数,2013-12-13,2188.26,2204.64,2183.84,2196.07
000001,上证指数,2013-12-16,2197.23,2201.70,2159.99,2160.86
000001,上证指数,2013-12-17,2161.54,2165.54,2146.31,2151.08
000001,上证指数,2013-12-18,2150.41,2156.59,2142.62,2148.28
000001,上证指数,2013-12-19,2153.67,2159.14,2126.25,2127.79
000001,上证指数,2013-12-20,2128.37,2131.74,2082.86,2084.79
000001,上证指数,2013-12-23,2089.54,2099.52,2068.54,2089.71
000001,上证指数,2013-12-24,2094.07,2111.80,2079.81,2092.91
000001,上证指数,2013-12-25,2095.02,2107.23,2088.30,2106.35
000001,上证指数,2013-12-26,2102.66,2102.66,2070.55,2073.10
000001,上证指数,2013-12-27,2074.59,2110.36,2069.59,2101.25
000001,上证指数,2013-12-30,2108.88,2112.01,2095.06,2097.53
000001,上证指数,2013-12-31,2090.68,2120.27,2087.41,2115.98
000001,上证指数,2014-01-02,2112.13,2113.11,2101.02,2109.39
000001,上证指数,2014-01-03,2101.54,2102.17,2075.90,2083.14
000001,上证指数,2014-01-06,2078.68,2078.68,2034.01,2045.71
000001,上证指数,2014-01-07,2034.22,2052.28,2029.25,2047.32
000001,上证指数,2014-01-08,2047.26,2062.95,2037.11,2044.34
000001,上证指数,2014-01-09,2041.77,2057.20,2026.45,2027.62
000001,上证指数,2014-01-10,2023.54,2029.30,2008.01,2013.30
000001,上证指数,2014-01-13,2014.98,2027.18,2000.40,2009.56
000001,上证指数,2014-01-14,2007.16,2027.43,2001.13,2026.84
000001,上证指数,2014-01-15,2024.23,2027.41,2010.20,2023.35
000001,上证指数,2014-01-16,2022.54,2034.71,2014.41,2023.70
000001,上证指数,2014-01-17,2017.52,2017.87,2001.33,2004.95
000001,上证指数,2014-01-20,2001.89,2005.94,1984.82,1991.25
000001,上证指数,2014-01-21,1992.02,2014.15,1992.02,2008.31
000001,上证指数,2014-01-22,2009.97,2052.34,2008.93,2051.75
000001,上证指数,2014-01-23,2048.33,2052.53,2039.05,2042.18
000001,上证指数,2014-01-24,2037.67,2060.99,2034.45,2054.39
000001,上证指数,2014-01-27,2044.27,2044.85,2029.63,2033.30
000001,上证指数,2014-01-28,2036.40,2047.13,2026.99,2038.51
000001,上证指数,2014-01-29,2042.18,2051.58,2039.77,2049.91
000001,上证指数,2014-01-30,2045.93,2045.93,2031.47,2033.08
000001,上证指数,2014-02-07,2022.32,2044.73,2014.70,2044.50
000001,上证指数,2014-02-10,2049.98,2087.97,2049.98,2086.07
000001,上证指数,2014-02-11,2086.18,2111.06,2082.52,2103.67
000001,上证指数,2014-02-12,2103.83,2110.90,2096.51,2109.95
000001,上证指数,2014-02-13,2106.93,2122.83,2096.97,2098.40
000001,上证指数,2014-02-14,2097.32,2116.19,2095.09,2115.85
000001,上证指数,2014-02-17,2124.88,2136.45,2117.69,2135.41
000001,上证指数,2014-02-18,2134.14,2134.14,2113.13,2119.07
000001,上证指数,2014-02-19,2116.92,2152.96,2111.17,2142.55
000001,上证指数,2014-02-20,2152.89,2177.98,2136.48,2138.78
000001,上证指数,2014-02-21,2131.59,2132.70,2098.33,2113.69
000001,上证指数,2014-02-24,2099.72,2099.72,2058.79,2076.69
000001,上证指数,2014-02-25,2077.28,2087.62,2026.54,2034.22
000001,上证指数,2014-02-26,2026.61,2041.63,2014.38,2041.25
000001,上证指数,2014-02-27,2045.10,2068.31,2036.39,2047.35
000001,上证指数,2014-02-28,2040.62,2058.49,2020.93,2056.30
000001,上证指数,2014-03-03,2052.07,2078.33,2047.07,2075.24
000001,上证指数,2014-03-04,2068.11,2074.03,2050.13,2071.47
000001,上证指数,2014-03-05,2073.30,2074.82,2050.18,2053.08
000001,上证指数,2014-03-06,2050.03,2065.79,2030.95,2059.58
000001,上证指数,2014-03-07,2058.38,2079.49,2050.47,2057.91
000001,上证指数,2014-03-10,2042.35,2042.63,1995.55,1999.07
000001,上证指数,2014-03-11,1994.41,2008.07,1985.60,2001.16
000001,上证指数,2014-03-12,1996.24,2011.06,1974.38,1997.69
000001,上证指数,2014-03-13,2000.69,2029.12,1996.53,2019.11
000001,上证指数,2014-03-14,2008.83,2017.91,1990.98,2004.34
000001,上证指数,2014-03-17,2009.88,2024.37,1999.25,2023.67
000001,上证指数,2014-03-18,2026.22,2034.92,2020.41,2025.20
000001,上证指数,2014-03-19,2019.98,2022.18,2002.44,2021.73
000001,上证指数,2014-03-20,2017.22,2030.85,1993.00,1993.48
000001,上证指数,2014-03-21,1987.68,2052.47,1986.07,2047.62
000001,上证指数,2014-03-24,2050.83,2074.06,2043.33,2066.28
000001,上证指数,2014-03-25,2063.32,2079.55,2057.49,2067.31
000001,上证指数,2014-03-26,2070.57,2074.57,2057.65,2063.67
000001,上证指数,2014-03-27,2060.81,2073.98,2042.71,2046.59
000001,上证指数,2014-03-28,2046.85,2060.13,2035.24,2041.71
000001,上证指数,2014-03-31,2043.05,2048.13,2024.18,2033.31
000001,上证指数,2014-04-01,2031.01,2050.68,2028.10,2047.46
000001,上证指数,2014-04-02,2049.42,2060.78,2046.74,2058.99
000001,上证指数,2014-04-03,2063.50,2066.01,2037.45,2043.70
000001,上证指数,2014-04-04,2037.55,2060.10,2035.22,2058.83
000001,上证指数,2014-04-08,2054.53,2102.45,2052.90,2098.28
000001,上证指数,2014-04-09,2100.65,2108.75,2095.64,2105.24
000001,上证指数,2014-04-10,2105.88,2146.67,2098.08,2134.30
000001,上证指数,2014-04-11,2130.37,2138.65,2120.18,2130.54
000001,上证指数,2014-04-14,2127.41,2134.43,2116.61,2131.54
000001,上证指数,2014-04-15,2125.90,2125.90,2098.15,2101.60
000001,上证指数,2014-04-16,2097.21,2112.05,2092.16,2105.12
000001,上证指数,2014-04-17,2108.95,2110.72,2095.71,2098.89
000001,上证指数,2014-04-18,2091.48,2099.64,2081.18,2097.75
000001,上证指数,2014-04-21,2085.98,2103.08,2065.23,2065.83
000001,上证指数,2014-04-22,2062.79,2073.66,2047.33,2072.83
000001,上证指数,2014-04-23,2068.08,2076.35,2059.11,2067.38
000001,上证指数,2014-04-24,2064.16,2075.76,2056.19,2057.03
000001,上证指数,2014-04-25,2060.54,2065.64,2035.57,2036.52
000001,上证指数,2014-04-28,2033.34,2035.99,2000.14,2003.49
000001,上证指数,2014-04-29,2001.90,2021.68,1997.64,2020.34
000001,上证指数,2014-04-30,2020.44,2029.54,2016.58,2026.36
000001,上证指数,2014-05-05,2022.18,2028.96,2007.35,2027.35
000001,上证指数,2014-05-06,2024.26,2038.70,2021.48,2028.04
000001,上证指数,2014-05-07,2023.15,2024.63,2008.45,2010.08
000001,上证指数,2014-05-08,2006.85,2036.94,2005.68,2015.27
000001,上证指数,2014-05-09,2016.50,2020.45,2001.30,2011.13
000001,上证指数,2014-05-12,2022.93,2055.51,2016.64,2052.87
000001,上证指数,2014-05-13,2055.08,2061.06,2043.55,2050.73
000001,上证指数,2014-05-14,2049.27,2056.57,2042.74,2047.91
000001,上证指数,2014-05-15,2044.38,2047.32,2022.86,2024.97
000001,上证指数,2014-05-16,2023.60,2027.76,2012.69,2026.50
000001,上证指数,2014-05-19,2023.01,2023.27,1996.02,2005.18
000001,上证指数,2014-05-20,2011.85,2018.16,2002.76,2008.12
000001,上证指数,2014-05-21,2001.31,2025.19,1991.06,2024.95
000001,上证指数,2014-05-22,2023.15,2041.96,2018.88,2021.29
000001,上证指数,2014-05-23,2020.12,2034.57,2017.74,2034.57
000001,上证指数,2014-05-26,2042.03,2045.38,2035.09,2041.48
000001,上证指数,2014-05-27,2039.79,2044.15,2032.84,2034.57
000001,上证指数,2014-05-28,2034.56,2052.66,2029.34,2050.23
000001,上证指数,2014-05-29,2051.84,2057.08,2039.24,2040.60
000001,上证指数,2014-05-30,2040.39,2046.96,2031.37,2039.21
000001,上证指数,2014-06-03,2039.20,2049.58,2037.30,2038.31
000001,上证指数,2014-06-04,2037.99,2038.48,2012.91,2024.83
000001,上证指数,2014-06-05,2019.44,2041.70,2016.17,2040.88
000001,上证指数,2014-06-06,2040.86,2041.57,2022.16,2029.96
000001,上证指数,2014-06-09,2024.94,2045.26,2023.20,2030.50
000001,上证指数,2014-06-10,2033.21,2052.76,2026.39,2052.53
000001,上证指数,2014-06-11,2049.13,2056.63,2045.41,2054.95
000001,上证指数,2014-06-12,2051.58,2057.11,2045.96,2051.71
000001,上证指数,2014-06-13,2049.21,2073.60,2048.62,2070.72
000001,上证指数,2014-06-16,2070.70,2087.32,2069.44,2085.98
000001,上证指数,2014-06-17,2080.48,2080.48,2064.67,2066.70
000001,上证指数,2014-06-18,2064.38,2066.91,2051.75,2055.52
000001,上证指数,2014-06-19,2054.62,2059.26,2017.65,2023.73
000001,上证指数,2014-06-20,2013.41,2027.15,2010.53,2026.67
000001,上证指数,2014-06-23,2026.23,2033.32,2022.92,2024.37
000001,上证指数,2014-06-24,2023.70,2034.71,2021.75,2033.93
000001,上证指数,2014-06-25,2030.43,2030.62,2018.36,2025.50
000001,上证指数,2014-06-26,2025.66,2040.75,2025.31,2038.68
000001,上证指数,2014-06-27,2031.91,2043.98,2025.07,2036.51
000001,上证指数,2014-06-30,2038.61,2052.34,2038.53,2048.33
000001,上证指数,2014-07-01,2051.22,2052.64,2041.94,2050.38
000001,上证指数,2014-07-02,2049.49,2060.59,2044.04,2059.42
000001,上证指数,2014-07-03,2051.63,2066.64,2048.08,2063.23
000001,上证指数,2014-07-04,2062.36,2065.08,2054.22,2059.38
000001,上证指数,2014-07-07,2058.13,2064.04,2050.89,2059.93
000001,上证指数,2014-07-08,2058.13,2064.43,2047.20,2064.02
000001,上证指数,2014-07-09,2061.64,2062.47,2037.60,2038.61
000001,上证指数,2014-07-10,2036.54,2045.53,2034.96,2038.34
000001,上证指数,2014-07-11,2033.87,2051.74,2033.00,2046.96
000001,上证指数,2014-07-14,2047.74,2067.34,2044.90,2066.65
000001,上证指数,2014-07-15,2065.90,2070.36,2059.68,2070.36
000001,上证指数,2014-07-16,2068.34,2075.49,2061.57,2067.28
000001,上证指数,2014-07-17,2062.89,2062.89,2046.19,2055.59
000001,上证指数,2014-07-18,2047.50,2067.23,2046.00,2059.07
000001,上证指数,2014-07-21,2057.77,2061.82,2049.18,2054.48
000001,上证指数,2014-07-22,2050.50,2078.09,2049.82,2075.48
000001,上证指数,2014-07-23,2074.20,2088.19,2072.23,2078.49
000001,上证指数,2014-07-24,2079.63,2107.95,2079.63,2105.06
000001,上证指数,2014-07-25,2108.71,2127.22,2106.71,2126.61
000001,上证指数,2014-07-28,2135.25,2181.50,2135.25,2177.95
000001,上证指数,2014-07-29,2179.83,2193.52,2172.10,2183.19
000001,上证指数,2014-07-30,2178.18,2194.57,2177.24,2181.24
000001,上证指数,2014-07-31,2179.54,2202.13,2173.90,2201.56
000001,上证指数,2014-08-01,2194.17,2218.79,2184.64,2185.30
000001,上证指数,2014-08-04,2190.04,2224.07,2186.92,2223.33
000001,上证指数,2014-08-05,2224.63,2226.84,2206.85,2219.95
000001,上证指数,2014-08-06,2212.00,2223.89,2192.99,2217.47
000001,上证指数,2014-08-07,2216.66,2220.57,2185.76,2187.67
000001,上证指数,2014-08-08,2188.71,2199.58,2180.60,2194.43
000001,上证指数,2014-08-11,2199.43,2225.96,2198.31,2224.65
000001,上证指数,2014-08-12,2222.70,2222.98,2210.00,2221.59
000001,上证指数,2014-08-13,2223.05,2230.99,2202.44,2222.88
000001,上证指数,2014-08-14,2221.54,2230.89,2204.38,2206.47
000001,上证指数,2014-08-15,2207.23,2230.87,2203.24,2226.73
000001,上证指数,2014-08-18,2229.80,2242.03,2228.13,2239.47
000001,上证指数,2014-08-19,2242.34,2246.02,2227.93,2245.33
000001,上证指数,2014-08-20,2241.66,2248.94,2233.89,2240.21
000001,上证指数,2014-08-21,2239.57,2240.08,2211.63,2230.46
000001,上证指数,2014-08-22,2228.97,2243.30,2225.27,2240.81
000001,上证指数,2014-08-25,2241.10,2241.55,2222.01,2229.27
000001,上证指数,2014-08-26,2225.29,2232.78,2200.62,2207.11
000001,上证指数,2014-08-27,2207.03,2216.67,2204.05,2209.47
000001,上证指数,2014-08-28,2210.48,2219.47,2194.86,2195.82
000001,上证指数,2014-08-29,2198.95,2218.70,2193.26,2217.20
000001,上证指数,2014-09-01,2220.13,2236.29,2217.68,2235.51
000001,上证指数,2014-09-02,2239.68,2267.51,2234.38,2266.05
000001,上证指数,2014-09-03,2268.39,2290.55,2268.10,2288.63
000001,上证指数,2014-09-04,2290.03,2307.70,2283.28,2306.86
000001,上证指数,2014-09-05,2311.30,2327.56,2307.45,2326.43
000001,上证指数,2014-09-09,2328.43,2331.92,2315.89,2326.53
000001,上证指数,2014-09-10,2318.50,2321.91,2306.42,2318.30
000001,上证指数,2014-09-11,2315.73,2343.59,2304.60,2311.68
000001,上证指数,2014-09-12,2308.35,2331.95,2302.78,2331.95
000001,上证指数,2014-09-15,2330.19,2340.45,2321.59,2339.14
000001,上证指数,2014-09-16,2341.03,2347.93,2293.87,2296.55
000001,上证指数,2014-09-17,2298.98,2309.05,2282.80,2307.89
000001,上证指数,2014-09-18,2303.85,2319.88,2297.93,2315.93
000001,上证指数,2014-09-19,2312.98,2331.56,2305.52,2329.45
000001,上证指数,2014-09-22,2323.55,2323.55,2284.38,2289.87
000001,上证指数,2014-09-23,2289.09,2311.53,2289.02,2309.72
000001,上证指数,2014-09-24,2302.23,2345.75,2297.88,2343.57
000001,上证指数,2014-09-25,2352.86,2365.15,2336.80,2345.10
000001,上证指数,2014-09-26,2339.29,2350.11,2329.95,2347.72
000001,上证指数,2014-09-29,2353.71,2363.06,2346.58,2357.71
000001,上证指数,2014-09-30,2361.32,2365.49,2354.27,2363.87
000001,上证指数,2014-10-08,2368.58,2382.79,2354.29,2382.79
000001,上证指数,2014-10-09,2383.86,2391.35,2367.11,2389.37
000001,上证指数,2014-10-10,2380.76,2386.28,2365.07,2374.54
000001,上证指数,2014-10-13,2366.43,2366.86,2341.12,2366.01
000001,上证指数,2014-10-14,2362.80,2380.51,2349.19,2359.47
000001,上证指数,2014-10-15,2358.23,2374.81,2344.37,2373.67
000001,上证指数,2014-10-16,2361.13,2389.68,2353.41,2356.50
000001,上证指数,2014-10-17,2352.78,2360.60,2312.83,2341.18
000001,上证指数,2014-10-20,2346.05,2357.51,2340.46,2356.73
000001,上证指数,2014-10-21,2355.03,2361.65,2337.55,2339.66
000001,上证指数,2014-10-22,2339.22,2352.12,2324.59,2326.55
000001,上证指数,2014-10-23,2322.32,2329.93,2297.33,2302.42
000001,上证指数,2014-10-24,2303.08,2314.88,2296.66,2302.28
000001,上证指数,2014-10-27,2293.57,2293.64,2279.84,2290.44
000001,上证指数,2014-10-28,2294.01,2338.28,2294.01,2337.87
000001,上证指数,2014-10-29,2343.72,2381.64,2339.71,2373.03
000001,上证指数,2014-10-30,2371.89,2397.26,2365.92,2391.08
000001,上证指数,2014-10-31,2393.18,2423.60,2384.48,2420.18
000001,上证指数,2014-11-03,2425.22,2436.78,2418.17,2430.03
000001,上证指数,2014-11-04,2428.27,2435.22,2417.22,2430.68
000001,上证指数,2014-11-05,2432.17,2434.36,2415.50,2419.25
000001,上证指数,2014-11-06,2419.62,2426.89,2401.75,2425.86
000001,上证指数,2014-11-07,2427.90,2454.42,2407.44,2418.17
000001,上证指数,2014-11-10,2436.63,2474.16,2428.18,2473.67
000001,上证指数,2014-11-11,2483.65,2508.62,2445.96,2469.67
000001,上证指数,2014-11-12,2454.60,2494.92,2444.81,2494.48
000001,上证指数,2014-11-13,2495.00,2507.74,2471.41,2485.61
000001,上证指数,2014-11-14,2477.97,2481.03,2457.05,2478.82
000001,上证指数,2014-11-17,2506.86,2508.77,2472.45,2474.01
000001,上证指数,2014-11-18,2474.18,2477.05,2449.81,2456.37
000001,上证指数,2014-11-19,2452.15,2461.49,2442.71,2450.99
000001,上证指数,2014-11-20,2443.28,2458.32,2437.48,2452.66
000001,上证指数,2014-11-21,2452.64,2488.20,2446.65,2486.79
000001,上证指数,2014-11-24,2505.53,2546.75,2495.52,2532.88
000001,上证指数,2014-11-25,2532.00,2568.38,2527.08,2567.60
000001,上证指数,2014-11-26,2572.65,2605.07,2570.40,2604.34
000001,上证指数,2014-11-27,2615.37,2631.40,2599.11,2630.49
000001,上证指数,2014-11-28,2629.63,2683.18,2622.06,2682.84
000001,上证指数,2014-12-01,2691.72,2720.74,2668.84,2680.16
000001,上证指数,2014-12-02,2667.82,2777.37,2665.69,2763.55
000001,上证指数,2014-12-03,2768.68,2824.18,2733.87,2779.53
000001,上证指数,2014-12-04,2783.47,2900.51,2772.43,2899.46
000001,上证指数,2014-12-05,2926.57,2978.03,2813.05,2937.65
000001,上证指数,2014-12-08,2907.82,3041.66,2879.85,3020.26
000001,上证指数,2014-12-09,2992.49,3091.32,2834.59,2856.27
000001,上证指数,2014-12-10,2855.94,2946.71,2807.68,2940.01
000001,上证指数,2014-12-11,2912.35,2965.68,2892.61,2925.74
000001,上证指数,2014-12-12,2929.36,2962.51,2914.96,2938.17
000001,上证指数,2014-12-15,2921.45,2960.23,2890.90,2953.42
000001,上证指数,2014-12-16,2953.81,3021.90,2943.91,3021.52
000001,上证指数,2014-12-17,3031.95,3076.60,2993.33,3061.02
000001,上证指数,2014-12-18,3062.80,3089.79,3030.32,3057.52
000001,上证指数,2014-12-19,3053.07,3117.53,3018.42,3108.60
000001,上证指数,2014-12-22,3129.27,3189.87,3090.51,3127.45
000001,上证指数,2014-12-23,3085.08,3136.84,3025.67,3032.61
000001,上证指数,2014-12-24,3039.21,3050.51,2934.91,2972.53
000001,上证指数,2014-12-25,2992.46,3073.34,2969.87,3072.54
000001,上证指数,2014-12-26,3078.01,3164.16,3064.18,3157.60
000001,上证指数,2014-12-29,3212.56,3223.86,3126.94,3168.02
000001,上证指数,2014-12-30,3160.80,3190.30,3130.35,3165.82
000001,上证指数,2014-12-31,3172.60,3239.36,3157.26,3234.68
