StkCd,LStkNm,TrdDt,OpPr,HiPr,LoPr,ClPr
601318,中国平安,2011-01-25,48.3400,49.0000,47.9000,48.5000
601318,中国平安,2011-01-26,48.5900,49.3600,48.5500,48.9300
601318,中国平安,2011-01-27,48.5000,50.1800,48.0600,49.9300
601318,中国平安,2011-01-28,49.9300,50.1500,48.9000,49.4000
601318,中国平安,2011-01-31,49.3300,49.9000,48.9500,49.7000
601318,中国平安,2011-02-01,49.7800,50.1000,49.4900,49.9500
601318,中国平安,2011-02-09,49.8000,50.7500,49.4500,49.9000
601318,中国平安,2011-02-10,49.8000,50.6600,49.3600,50.5700
601318,中国平安,2011-02-11,50.2000,50.4000,49.7500,49.9700
601318,中国平安,2011-02-14,50.0000,52.5000,49.9600,52.2900
601318,中国平安,2011-02-15,52.1900,52.5000,51.6000,51.6400
601318,中国平安,2011-02-16,51.5000,51.8600,51.0000,51.4900
601318,中国平安,2011-02-17,51.5100,51.9000,51.0000,51.2600
601318,中国平安,2011-02-18,51.1000,51.5800,50.7700,51.1800
601318,中国平安,2011-02-21,50.9800,51.6500,50.6800,51.5600
601318,中国平安,2011-02-22,51.6000,51.6900,49.2100,49.2400
601318,中国平安,2011-02-23,49.0300,49.3600,48.6300,48.9300
601318,中国平安,2011-02-24,48.9000,49.0000,48.2100,48.8700
601318,中国平安,2011-02-25,48.8800,49.8800,48.6000,49.2200
601318,中国平安,2011-02-28,49.2800,49.8500,48.7800,49.7600
601318,中国平安,2011-03-01,49.7900,50.7300,49.7000,50.2500
601318,中国平安,2011-03-02,49.8500,50.5100,49.6200,50.1100
601318,中国平安,2011-03-03,50.3700,52.1000,50.3400,50.7200
601318,中国平安,2011-03-04,50.9600,52.2500,50.7500,52.1300
601318,中国平安,2011-03-07,52.6100,53.7100,52.4900,53.5000
601318,中国平安,2011-03-08,53.4000,53.8000,52.6100,53.1700
601318,中国平安,2011-03-09,53.5000,54.0100,52.9700,53.4200
601318,中国平安,2011-03-10,53.2000,53.2000,51.5600,51.6400
601318,中国平安,2011-03-11,51.3000,51.6100,50.5600,50.8600
601318,中国平安,2011-03-15,51.0000,51.1500,48.5100,49.4500
601318,中国平安,2011-03-16,49.9400,50.5900,49.8000,50.1500
601318,中国平安,2011-03-17,49.6500,49.6500,48.6000,48.7700
601318,中国平安,2011-03-18,49.1500,49.5500,48.9900,49.0300
601318,中国平安,2011-03-21,49.2000,49.7800,49.0800,49.2000
601318,中国平安,2011-03-22,49.5000,50.1900,49.0900,50.0900
601318,中国平安,2011-03-23,49.9000,50.6600,49.6900,50.4300
601318,中国平安,2011-03-24,50.4300,50.4700,49.9000,50.0100
601318,中国平安,2011-03-25,50.1400,51.0900,49.9200,50.5100
601318,中国平安,2011-03-28,50.7000,51.2600,50.0000,50.0700
601318,中国平安,2011-03-29,50.0900,50.7800,49.3400,49.8600
601318,中国平安,2011-03-30,50.0000,50.4900,49.7100,49.9900
601318,中国平安,2011-03-31,50.1100,50.3600,49.4200,49.4600
601318,中国平安,2011-04-01,49.6000,51.2600,49.5300,51.2300
601318,中国平安,2011-04-06,51.8400,53.4400,51.7100,53.2300
601318,中国平安,2011-04-07,53.4500,53.4600,52.6400,53.0000
601318,中国平安,2011-04-08,52.9000,53.4100,52.5500,52.9000
601318,中国平安,2011-04-11,53.0000,53.3100,51.8300,51.8800
601318,中国平安,2011-04-12,51.7000,52.2200,51.4000,51.9800
601318,中国平安,2011-04-13,51.6600,53.6000,51.5900,53.5100
601318,中国平安,2011-04-14,53.3700,54.1000,53.0100,53.1700
601318,中国平安,2011-04-15,53.1100,54.3300,52.8800,54.1800
601318,中国平安,2011-04-18,53.9600,55.4800,53.7800,54.8900
601318,中国平安,2011-04-19,54.3800,54.4800,52.7800,52.8000
601318,中国平安,2011-04-20,53.1500,53.3800,52.2700,52.6200
601318,中国平安,2011-04-21,53.2700,53.5800,52.8700,52.9600
601318,中国平安,2011-04-22,53.0000,53.0000,52.0400,52.1700
601318,中国平安,2011-04-25,52.1700,52.1700,51.2500,51.6800
601318,中国平安,2011-04-26,51.4800,52.1100,51.3800,51.5700
601318,中国平安,2011-04-27,51.8800,51.9700,51.3000,51.6100
601318,中国平安,2011-04-28,52.0000,53.0200,52.0000,52.1200
601318,中国平安,2011-04-29,51.9500,52.3900,50.9000,52.2300
601318,中国平安,2011-05-03,52.0000,52.6800,51.4100,52.5700
601318,中国平安,2011-05-04,52.0000,52.1900,50.6000,50.7900
601318,中国平安,2011-05-05,50.6800,50.8000,49.9400,50.3100
601318,中国平安,2011-05-06,49.7800,50.5100,49.6700,50.0800
601318,中国平安,2011-05-09,50.2800,50.3800,49.5900,49.7200
601318,中国平安,2011-05-10,49.7400,50.3300,49.7400,50.2100
601318,中国平安,2011-05-11,50.2500,50.5500,49.8500,50.2400
601318,中国平安,2011-05-12,49.7800,50.1500,49.2000,49.2100
601318,中国平安,2011-05-13,49.5100,50.1700,49.1900,50.0600
601318,中国平安,2011-05-16,50.0000,50.1600,49.2300,49.2700
601318,中国平安,2011-05-17,49.2700,50.2000,49.2000,49.8100
601318,中国平安,2011-05-18,49.7400,50.6000,49.5300,50.1100
601318,中国平安,2011-05-19,50.2400,50.4900,49.7100,49.8900
601318,中国平安,2011-05-20,49.8100,50.1900,49.8000,49.9800
601318,中国平安,2011-05-23,49.8000,49.9000,48.0500,48.1300
601318,中国平安,2011-05-24,48.1400,48.4900,48.0000,48.2400
601318,中国平安,2011-05-25,48.1300,48.1300,47.7500,47.7900
601318,中国平安,2011-05-26,48.1100,48.2800,47.6900,47.7200
601318,中国平安,2011-05-27,47.7200,48.4100,47.7000,47.9700
601318,中国平安,2011-05-30,47.8800,48.3100,47.7400,47.9800
601318,中国平安,2011-05-31,48.0200,48.7900,47.8800,48.7100
601318,中国平安,2011-06-01,48.5000,48.7800,48.3500,48.4900
601318,中国平安,2011-06-02,48.0000,48.1900,46.8300,47.2600
601318,中国平安,2011-06-03,47.2800,47.7900,47.1000,47.6800
601318,中国平安,2011-06-07,47.3800,48.0500,47.1700,47.9400
601318,中国平安,2011-06-08,47.9000,47.9000,47.2100,47.6200
601318,中国平安,2011-06-09,47.5500,47.7500,46.9300,47.0300
601318,中国平安,2011-06-10,47.2200,47.4700,46.9000,47.4300
601318,中国平安,2011-06-13,47.0000,47.0100,46.2800,46.7800
601318,中国平安,2011-06-14,46.7300,47.3700,46.5000,47.0800
601318,中国平安,2011-06-15,47.1300,47.3400,46.3400,46.3900
601318,中国平安,2011-06-17,45.8900,46.0900,45.0700,45.1200
601318,中国平安,2011-06-20,45.1700,45.2900,43.9600,44.3600
601318,中国平安,2011-06-21,44.4000,44.7100,44.1900,44.6300
601318,中国平安,2011-06-22,44.8000,45.3300,44.7300,44.9100
601318,中国平安,2011-06-23,44.8800,46.2000,44.5300,45.8700
601318,中国平安,2011-06-24,45.7900,47.9000,45.7500,47.6900
601318,中国平安,2011-06-27,47.5000,48.2900,47.3200,47.4900
601318,中国平安,2011-06-28,47.8400,47.9000,46.8500,47.3000
601318,中国平安,2011-06-29,47.4800,47.6500,46.6800,46.7300
601318,中国平安,2011-06-30,46.9500,48.8400,46.8800,48.2700
601318,中国平安,2011-07-01,48.3800,48.5500,47.8300,48.1400
601318,中国平安,2011-07-04,48.4400,49.3500,48.4400,49.1700
601318,中国平安,2011-07-05,49.1000,49.3300,48.4000,48.7000
601318,中国平安,2011-07-06,48.4800,49.7000,47.7700,49.0000
601318,中国平安,2011-07-07,49.6000,49.6600,48.2600,48.6000
601318,中国平安,2011-07-08,48.8000,49.1000,48.3000,48.4900
601318,中国平安,2011-07-11,48.1500,48.1500,47.5300,47.9400
601318,中国平安,2011-07-12,47.4800,47.4800,46.5300,46.5800
601318,中国平安,2011-07-13,46.7800,47.5800,46.6300,47.4200
601318,中国平安,2011-07-14,47.4200,47.7100,47.1100,47.3800
601318,中国平安,2011-07-15,47.3100,48.1000,46.9800,47.7800
601318,中国平安,2011-07-18,47.8900,48.1400,47.2600,47.4500
601318,中国平安,2011-07-19,47.1800,47.2700,46.8000,46.9100
601318,中国平安,2011-07-20,47.3500,47.4700,46.8600,47.1100
601318,中国平安,2011-07-21,46.9600,46.9700,45.9100,45.9800
601318,中国平安,2011-07-22,46.2600,46.8400,46.0300,46.3900
601318,中国平安,2011-07-25,46.1100,46.1100,45.0000,45.1900
601318,中国平安,2011-07-26,45.1900,45.6900,45.1100,45.6000
601318,中国平安,2011-07-27,45.2800,45.3600,44.6500,45.0000
601318,中国平安,2011-07-28,44.5700,44.5700,43.8700,44.0700
601318,中国平安,2011-07-29,44.2500,45.1000,43.8600,44.5000
601318,中国平安,2011-08-01,44.5000,45.0000,44.3600,44.9100
601318,中国平安,2011-08-02,44.3700,44.4000,43.9000,44.3700
601318,中国平安,2011-08-03,43.9900,44.5300,43.8800,44.0500
601318,中国平安,2011-08-04,44.2300,44.5600,44.0000,44.0300
601318,中国平安,2011-08-05,43.0000,43.0800,42.0400,42.3400
601318,中国平安,2011-08-08,41.8000,42.1800,40.7100,40.9600
601318,中国平安,2011-08-09,39.8600,40.8900,39.6100,40.6900
601318,中国平安,2011-08-10,41.4600,41.6000,40.7200,40.9900
601318,中国平安,2011-08-11,40.3900,41.6900,40.1400,41.6700
601318,中国平安,2011-08-12,41.9800,42.0000,41.0000,41.2700
601318,中国平安,2011-08-15,41.4300,42.6800,41.0000,42.6000
601318,中国平安,2011-08-16,42.3800,42.6500,41.8000,41.8700
601318,中国平安,2011-08-18,42.3800,42.5000,41.0600,41.2500
601318,中国平安,2011-08-19,40.4300,40.9000,40.1100,40.3100
601318,中国平安,2011-08-22,40.4500,40.8500,40.0000,40.4200
601318,中国平安,2011-08-23,40.4500,41.0000,40.2900,40.9900
601318,中国平安,2011-08-24,41.2400,41.3300,40.4900,40.6100
601318,中国平安,2011-08-25,40.7200,42.5000,40.7100,42.4600
601318,中国平安,2011-08-26,42.1800,42.3500,41.7000,42.0100
601318,中国平安,2011-08-29,41.4000,41.4000,40.6800,41.0700
601318,中国平安,2011-08-30,41.3600,41.9300,40.7900,40.8200
601318,中国平安,2011-08-31,40.7300,40.8000,40.3800,40.7300
601318,中国平安,2011-09-01,41.0000,41.7300,40.8300,41.1300
601318,中国平安,2011-09-02,40.9700,41.4800,40.4400,41.1200
601318,中国平安,2011-09-05,40.7100,40.7100,40.1800,40.2600
601318,中国平安,2011-09-06,40.3000,40.3000,39.7100,39.9400
601318,中国平安,2011-09-07,40.3100,40.7000,39.9600,40.5200
601318,中国平安,2011-09-08,40.6500,40.6600,40.0000,40.0200
601318,中国平安,2011-09-09,40.4400,40.8800,39.9900,40.1600
601318,中国平安,2011-09-13,39.3500,39.7900,39.2600,39.4800
601318,中国平安,2011-09-14,39.7800,39.9000,38.6900,39.4700
601318,中国平安,2011-09-15,39.5800,39.8500,39.2600,39.3000
601318,中国平安,2011-09-16,39.6000,40.0300,39.5100,39.5700
601318,中国平安,2011-09-19,39.2400,39.3000,38.7500,38.8000
601318,中国平安,2011-09-20,38.8000,39.1000,38.6000,38.9800
601318,中国平安,2011-09-21,39.0700,40.4700,38.9000,40.1300
601318,中国平安,2011-09-22,39.7600,40.1000,38.7100,38.8900
601318,中国平安,2011-09-23,38.4000,38.5200,37.2000,38.0100
601318,中国平安,2011-09-26,37.4900,37.9000,34.2400,34.3700
601318,中国平安,2011-09-27,35.0000,35.2800,34.7300,35.0000
601318,中国平安,2011-09-28,35.3800,35.5700,34.5500,34.6800
601318,中国平安,2011-09-29,34.4700,34.4700,33.9500,34.0500
601318,中国平安,2011-09-30,34.2600,34.2800,33.3900,33.5700
601318,中国平安,2011-10-10,33.8100,34.1800,33.7700,33.9000
601318,中国平安,2011-10-11,35.1000,35.2900,34.1800,34.3400
601318,中国平安,2011-10-12,34.3000,36.3000,34.1900,36.2500
601318,中国平安,2011-10-13,36.0300,36.8400,35.9500,36.3100
601318,中国平安,2011-10-14,36.2800,36.5200,35.9100,36.4300
601318,中国平安,2011-10-17,36.6600,37.5800,36.5500,37.1700
601318,中国平安,2011-10-18,36.7100,36.8800,35.3500,35.5200
601318,中国平安,2011-10-19,35.7200,36.3900,35.3600,35.5900
601318,中国平安,2011-10-20,35.1600,35.2500,34.3600,34.6900
601318,中国平安,2011-10-21,35.0000,35.4500,34.8100,35.0000
601318,中国平安,2011-10-24,35.6000,36.9800,35.2400,36.8400
601318,中国平安,2011-10-25,36.7000,37.5000,36.2100,37.0800
601318,中国平安,2011-10-26,37.0200,37.9800,36.9800,37.5300
601318,中国平安,2011-10-27,37.1000,38.0600,37.0600,37.9900
601318,中国平安,2011-10-28,38.7000,39.7500,38.4800,38.7200
601318,中国平安,2011-10-31,38.8000,39.1800,38.4400,38.6800
601318,中国平安,2011-11-01,38.2300,40.1800,38.0900,39.2200
601318,中国平安,2011-11-02,38.6000,40.1600,38.4000,40.0800
601318,中国平安,2011-11-03,40.1600,41.3000,40.1600,40.3800
601318,中国平安,2011-11-04,40.9200,41.2000,40.3700,40.3900
601318,中国平安,2011-11-07,40.1400,40.4000,39.7000,39.7800
601318,中国平安,2011-11-08,39.9900,40.4000,39.7000,39.9100
601318,中国平安,2011-11-09,40.2000,40.7900,39.7900,40.5400
601318,中国平安,2011-11-10,39.9000,39.9200,38.8100,38.8400
601318,中国平安,2011-11-11,38.9700,39.2600,38.5000,38.8100
601318,中国平安,2011-11-14,39.3600,40.0700,39.3600,39.9500
601318,中国平安,2011-11-15,39.8700,39.9200,39.3100,39.5400
601318,中国平安,2011-11-16,39.3800,39.5900,37.4800,37.7300
601318,中国平安,2011-11-17,37.8000,37.9300,37.0000,37.2400
601318,中国平安,2011-11-18,36.8700,37.1800,36.1000,36.3800
601318,中国平安,2011-11-21,36.4400,36.6600,35.9500,36.6200
601318,中国平安,2011-11-22,36.3000,36.8000,36.1400,36.3400
601318,中国平安,2011-11-23,36.3900,36.4800,35.4000,35.6000
601318,中国平安,2011-11-24,35.3000,36.5500,35.2100,36.1400
601318,中国平安,2011-11-25,35.9700,36.1800,35.5800,35.7400
601318,中国平安,2011-11-28,35.9900,36.4500,35.8700,36.0400
601318,中国平安,2011-11-29,36.5200,36.7200,36.1100,36.6700
601318,中国平安,2011-11-30,36.4600,36.5500,35.1500,35.2600
601318,中国平安,2011-12-01,37.1000,38.2500,36.7700,37.1800
601318,中国平安,2011-12-02,36.9000,37.1800,36.6000,37.0700
601318,中国平安,2011-12-05,37.4800,37.8800,36.8700,37.0900
601318,中国平安,2011-12-06,37.1000,37.3900,36.5100,36.8200
601318,中国平安,2011-12-07,37.0000,37.9500,36.8800,37.9200
601318,中国平安,2011-12-08,37.6100,38.3800,37.2200,37.9900
601318,中国平安,2011-12-09,37.6000,38.1900,37.5000,37.9700
601318,中国平安,2011-12-12,37.9900,38.1000,37.3600,37.5100
601318,中国平安,2011-12-13,36.9900,37.2000,35.6700,36.0200
601318,中国平安,2011-12-14,36.0000,36.2000,35.7000,36.0100
601318,中国平安,2011-12-15,35.7100,36.0800,35.0000,35.2200
601318,中国平安,2011-12-16,35.2000,36.3800,35.1800,35.9500
601318,中国平安,2011-12-19,35.6000,36.2200,34.8900,36.1300
601318,中国平安,2011-12-20,35.8500,36.7000,35.7800,36.3200
601318,中国平安,2011-12-21,36.0000,36.7500,34.3500,34.4300
601318,中国平安,2011-12-22,34.3900,34.7000,33.7000,33.9900
601318,中国平安,2011-12-23,33.9900,34.4500,33.4600,33.9900
601318,中国平安,2011-12-26,33.7300,34.2600,33.4700,33.5700
601318,中国平安,2011-12-27,33.5500,34.5500,33.4700,33.7800
601318,中国平安,2011-12-28,33.6000,34.2000,33.4500,34.1200
601318,中国平安,2011-12-29,34.0200,34.3000,33.7000,33.9500
601318,中国平安,2011-12-30,34.1000,34.6600,34.0400,34.4400
601318,中国平安,2012-01-04,34.8900,35.0000,33.8100,33.9000
601318,中国平安,2012-01-05,33.5500,34.6000,33.5200,33.9300
601318,中国平安,2012-01-06,33.8600,34.2000,33.6100,33.8500
601318,中国平安,2012-01-09,33.9000,34.7500,33.3500,34.7300
601318,中国平安,2012-01-10,34.8000,36.3900,34.7500,36.2900
601318,中国平安,2012-01-11,36.2000,36.4500,35.6500,35.8300
601318,中国平安,2012-01-12,35.7900,37.0000,35.6500,36.3700
601318,中国平安,2012-01-13,36.3800,36.7200,35.6000,36.0300
601318,中国平安,2012-01-16,35.9000,36.4000,35.5800,35.5900
601318,中国平安,2012-01-17,35.7800,37.9200,35.4500,37.8200
601318,中国平安,2012-01-18,37.7000,38.5000,37.2800,37.4500
601318,中国平安,2012-01-19,37.5100,38.6500,37.5100,38.5100
601318,中国平安,2012-01-20,38.7700,39.4700,38.5600,39.1000
601318,中国平安,2012-01-30,39.1100,39.3000,38.4500,38.6000
601318,中国平安,2012-01-31,38.6000,39.1000,37.8000,38.3400
601318,中国平安,2012-02-01,38.2300,38.6400,37.1200,37.4100
601318,中国平安,2012-02-02,37.6500,39.7000,37.6400,39.6400
601318,中国平安,2012-02-03,39.6000,40.6400,39.3500,40.1500
601318,中国平安,2012-02-06,40.2300,40.3500,39.2400,39.6200
601318,中国平安,2012-02-07,39.3200,39.5400,38.5000,38.9100
601318,中国平安,2012-02-09,40.0900,40.5500,39.7000,39.8800
601318,中国平安,2012-02-10,39.8000,40.7200,39.7200,40.0900
601318,中国平安,2012-02-13,39.5400,40.8500,39.4500,40.2800
601318,中国平安,2012-02-14,40.2500,40.2500,39.1900,39.5800
601318,中国平安,2012-02-15,39.4500,40.6000,39.4500,40.2400
601318,中国平安,2012-02-16,40.1800,40.2000,39.4100,39.6800
601318,中国平安,2012-02-17,40.1900,40.3200,39.4500,39.7500
601318,中国平安,2012-02-20,40.3000,40.8900,40.0300,40.0900
601318,中国平安,2012-02-21,40.1400,40.7400,39.7000,40.6900
601318,中国平安,2012-02-22,40.5700,41.3300,40.2000,41.0900
601318,中国平安,2012-02-23,40.9900,41.4900,40.8100,41.0100
601318,中国平安,2012-02-24,41.0100,41.7000,40.7400,41.6800
601318,中国平安,2012-02-27,41.8300,42.2000,41.4300,41.5100
601318,中国平安,2012-02-28,41.5800,41.9900,41.3200,41.7100
601318,中国平安,2012-02-29,41.5700,41.6000,40.6300,40.8200
601318,中国平安,2012-03-01,40.7000,41.1000,40.4800,40.5500
601318,中国平安,2012-03-02,40.6700,41.2900,40.6700,41.2500
601318,中国平安,2012-03-05,41.3000,41.4500,40.0600,40.1000
601318,中国平安,2012-03-06,40.0700,40.1000,39.2300,39.4400
601318,中国平安,2012-03-07,39.1000,39.6900,39.0300,39.1400
601318,中国平安,2012-03-08,39.3300,40.3600,39.3300,39.9100
601318,中国平安,2012-03-09,40.2300,40.2800,39.6600,40.0700
601318,中国平安,2012-03-12,40.0600,40.0600,39.1000,39.7800
601318,中国平安,2012-03-13,39.7300,40.6600,39.7300,40.6500
601318,中国平安,2012-03-14,41.0000,41.1400,39.6000,39.7500
601318,中国平安,2012-03-15,39.6500,40.1900,39.5100,39.5400
601318,中国平安,2012-03-16,39.6400,39.8900,38.8000,39.5400
601318,中国平安,2012-03-19,39.3600,39.3600,38.7000,39.0100
601318,中国平安,2012-03-20,38.9000,39.3500,38.7000,38.7600
601318,中国平安,2012-03-21,39.1000,39.2500,38.4500,38.9300
601318,中国平安,2012-03-22,39.0100,39.2100,38.5100,38.9500
601318,中国平安,2012-03-23,38.7800,38.7800,38.1900,38.4200
601318,中国平安,2012-03-26,38.3200,38.5100,37.9600,38.2600
601318,中国平安,2012-03-27,38.6000,38.6900,38.0100,38.3200
601318,中国平安,2012-03-28,38.1700,38.2300,37.2600,37.3800
601318,中国平安,2012-03-29,37.1100,37.3000,36.1000,36.2400
601318,中国平安,2012-03-30,36.4800,36.6400,36.1300,36.5800
601318,中国平安,2012-04-05,36.5800,38.0000,36.1400,37.7600
601318,中国平安,2012-04-06,37.7500,38.3400,37.5800,38.0800
601318,中国平安,2012-04-09,37.7800,38.1000,37.4500,37.6500
601318,中国平安,2012-04-10,37.5200,38.1200,36.9500,38.0700
601318,中国平安,2012-04-11,37.5700,38.2500,37.5000,37.9000
601318,中国平安,2012-04-12,37.9400,39.1800,37.7200,39.0700
601318,中国平安,2012-04-13,39.2200,40.0500,39.2000,39.7500
601318,中国平安,2012-04-16,39.5100,39.8000,39.2000,39.4800
601318,中国平安,2012-04-17,39.4500,39.6400,38.8500,38.8800
601318,中国平安,2012-04-18,39.1200,40.0700,38.9800,39.9900
601318,中国平安,2012-04-19,39.9200,41.5000,39.8100,41.0100
601318,中国平安,2012-04-20,40.9000,41.5000,40.8200,41.3700
601318,中国平安,2012-04-23,41.3500,41.8300,40.4800,40.6300
601318,中国平安,2012-04-24,40.4100,41.8000,40.2000,40.7900
601318,中国平安,2012-04-25,40.7000,41.2900,40.4400,40.8000
601318,中国平安,2012-04-26,40.9900,41.6000,40.9700,41.1900
601318,中国平安,2012-04-27,41.2000,41.5000,40.5000,40.7100
601318,中国平安,2012-05-02,41.7400,42.4600,41.4400,42.1700
601318,中国平安,2012-05-03,42.1900,43.2200,42.1000,43.0800
601318,中国平安,2012-05-04,43.0000,43.3500,42.6100,43.0800
601318,中国平安,2012-05-07,42.6000,42.8500,41.7000,41.9900
601318,中国平安,2012-05-08,42.1800,42.2900,41.3900,41.5900
601318,中国平安,2012-05-09,41.2500,41.6600,41.1200,41.4500
601318,中国平安,2012-05-10,41.4000,41.6700,41.3000,41.3700
601318,中国平安,2012-05-11,41.3500,41.8400,40.9000,41.1800
601318,中国平安,2012-05-14,41.5100,41.8700,40.2200,40.7900
601318,中国平安,2012-05-15,41.0000,42.2000,41.0000,42.1900
601318,中国平安,2012-05-16,42.0000,42.0700,41.1300,41.2100
601318,中国平安,2012-05-17,41.3600,42.5000,41.2600,42.4000
601318,中国平安,2012-05-18,41.9700,41.9700,41.0000,41.4100
601318,中国平安,2012-05-21,41.2100,42.0600,41.2100,41.6200
601318,中国平安,2012-05-22,41.7800,42.6000,41.7000,42.5700
601318,中国平安,2012-05-23,42.4000,42.5000,41.8000,42.2100
601318,中国平安,2012-05-24,42.0100,42.6700,41.8600,42.0400
601318,中国平安,2012-05-25,42.0200,42.2900,40.4000,40.6500
601318,中国平安,2012-05-28,40.5700,41.2000,40.1800,41.0700
601318,中国平安,2012-05-29,41.0900,42.6000,40.8000,42.2200
601318,中国平安,2012-05-30,42.2200,42.5700,42.0200,42.2500
601318,中国平安,2012-05-31,42.0900,42.1300,41.6800,41.8900
601318,中国平安,2012-06-01,41.9000,42.4900,41.8800,42.1700
601318,中国平安,2012-06-04,41.7000,41.9300,40.7000,40.8100
601318,中国平安,2012-06-05,40.9500,41.2500,40.5400,40.6700
601318,中国平安,2012-06-06,40.8900,41.3600,40.8300,41.0000
601318,中国平安,2012-06-07,41.5000,42.1600,40.9000,41.0800
601318,中国平安,2012-06-08,41.8000,41.8500,40.9500,41.1000
601318,中国平安,2012-06-11,41.4200,42.3500,41.2500,42.3300
601318,中国平安,2012-06-12,42.0700,42.6500,42.0500,42.5000
601318,中国平安,2012-06-13,42.5200,45.4600,42.5200,45.2800
601318,中国平安,2012-06-14,45.3100,45.7200,44.9400,45.1300
601318,中国平安,2012-06-15,45.2500,46.6300,45.2500,46.0600
601318,中国平安,2012-06-18,46.4800,46.7000,45.6200,46.1200
601318,中国平安,2012-06-19,46.0000,46.6000,45.8500,45.9600
601318,中国平安,2012-06-20,46.0000,46.5400,45.9500,46.0400
601318,中国平安,2012-06-21,45.7600,45.7600,44.2600,44.7700
601318,中国平安,2012-06-25,44.4500,44.5900,43.4700,43.5400
601318,中国平安,2012-06-26,43.4900,44.4500,43.2800,43.9700
601318,中国平安,2012-06-28,44.0000,45.1000,44.0000,44.6500
601318,中国平安,2012-06-29,44.5200,46.4300,44.5000,45.7400
601318,中国平安,2012-07-02,46.1000,46.1600,45.3200,46.1000
601318,中国平安,2012-07-03,46.1000,46.8000,45.4600,45.6200
601318,中国平安,2012-07-04,45.7100,45.9300,44.9000,45.1500
601318,中国平安,2012-07-05,44.8500,45.8000,44.6300,45.3500
601318,中国平安,2012-07-06,45.7500,46.5000,45.1500,46.2400
601318,中国平安,2012-07-09,45.9900,46.8500,45.4100,45.6000
601318,中国平安,2012-07-10,45.6000,46.3500,45.0900,45.5200
601318,中国平安,2012-07-11,45.2000,45.8000,44.9800,45.7100
601318,中国平安,2012-07-12,45.6000,45.6000,44.3400,45.0100
601318,中国平安,2012-07-13,44.5400,45.6000,44.5400,45.0000
601318,中国平安,2012-07-16,44.9900,44.9900,43.4500,43.5700
601318,中国平安,2012-07-17,43.5000,44.4000,43.2800,44.2900
601318,中国平安,2012-07-18,44.4200,44.8500,43.3000,44.3000
601318,中国平安,2012-07-19,44.1500,46.5000,44.0100,45.9400
601318,中国平安,2012-07-20,45.8000,46.0300,45.4100,45.9700
601318,中国平安,2012-07-23,45.3600,45.3600,44.5000,44.7900
601318,中国平安,2012-07-24,44.4400,45.4000,44.4400,44.9300
601318,中国平安,2012-07-25,44.5100,45.3800,44.5000,44.7000
601318,中国平安,2012-07-26,44.8000,45.6800,44.5000,44.7000
601318,中国平安,2012-07-27,45.0500,45.1800,43.5000,44.4900
601318,中国平安,2012-07-30,44.4100,44.8800,43.5100,43.6100
601318,中国平安,2012-07-31,43.6100,45.1200,43.5000,44.2400
601318,中国平安,2012-08-01,44.4100,45.3800,44.3100,45.2100
601318,中国平安,2012-08-02,45.1000,45.3800,44.4000,44.8400
601318,中国平安,2012-08-03,44.8400,44.9400,43.4000,44.0500
601318,中国平安,2012-08-06,44.0100,44.6700,43.9300,44.6000
601318,中国平安,2012-08-07,44.5000,44.5800,43.7000,43.9200
601318,中国平安,2012-08-08,43.9600,44.4300,43.7600,44.3700
601318,中国平安,2012-08-09,44.0500,44.6900,43.8500,44.6600
601318,中国平安,2012-08-10,44.5000,45.2700,44.5000,44.8400
601318,中国平安,2012-08-13,44.7900,44.8000,41.6500,41.9200
601318,中国平安,2012-08-14,41.9200,42.1000,40.9200,41.6000
601318,中国平安,2012-08-15,41.6000,41.9500,41.4000,41.5300
601318,中国平安,2012-08-16,41.5000,41.8000,41.2500,41.5200
601318,中国平安,2012-08-17,41.4500,41.7000,41.0000,41.6200
601318,中国平安,2012-08-20,41.1000,41.4000,40.4000,41.1400
601318,中国平安,2012-08-21,41.2000,41.8100,40.8200,41.0600
601318,中国平安,2012-08-22,41.0800,41.4000,40.4400,40.8900
601318,中国平安,2012-08-23,40.9000,41.2200,40.6100,41.0300
601318,中国平安,2012-08-24,41.1500,41.3400,40.7300,40.8700
601318,中国平安,2012-08-27,40.8400,40.9800,38.8400,38.8700
601318,中国平安,2012-08-28,38.8700,39.4900,38.6500,38.8800
601318,中国平安,2012-08-29,38.7000,38.8200,38.2700,38.4300
601318,中国平安,2012-08-30,37.9000,39.5500,37.9000,39.1300
601318,中国平安,2012-08-31,39.0100,39.8000,38.7500,38.8500
601318,中国平安,2012-09-03,38.5300,40.1400,38.5200,39.8500
601318,中国平安,2012-09-04,40.0000,40.0800,39.2600,39.4300
601318,中国平安,2012-09-05,39.3300,39.8800,39.1300,39.2500
601318,中国平安,2012-09-06,39.4800,40.1000,39.3900,39.8200
601318,中国平安,2012-09-07,40.4000,42.5800,40.4000,42.0500
601318,中国平安,2012-09-10,42.1000,42.3600,41.6000,41.9700
601318,中国平安,2012-09-11,41.7800,41.7800,40.9300,41.2200
601318,中国平安,2012-09-12,41.7000,42.1000,40.9500,41.2200
601318,中国平安,2012-09-13,41.2200,41.3500,40.8000,40.8300
601318,中国平安,2012-09-14,41.3300,41.8600,40.8000,41.0300
601318,中国平安,2012-09-17,40.8000,41.3300,40.0000,40.0300
601318,中国平安,2012-09-18,39.7500,40.3700,39.3100,40.0300
601318,中国平安,2012-09-19,40.0100,40.4800,39.9000,40.3800
601318,中国平安,2012-09-20,40.3500,40.3500,39.7700,39.8100
601318,中国平安,2012-09-21,39.6700,40.0200,39.3000,39.5800
601318,中国平安,2012-09-24,39.3200,40.4100,39.0300,40.2600
601318,中国平安,2012-09-25,40.2000,41.2200,40.2000,40.6300
601318,中国平安,2012-09-26,40.3500,40.7900,40.2300,40.3500
601318,中国平安,2012-09-27,40.4800,42.2300,40.4800,41.6400
601318,中国平安,2012-09-28,41.2500,42.0600,41.1000,41.9400
601318,中国平安,2012-10-08,42.0600,42.7700,41.3500,41.4500
601318,中国平安,2012-10-09,41.7000,42.6500,41.7000,42.3500
601318,中国平安,2012-10-10,42.2000,42.4000,42.0000,42.2000
601318,中国平安,2012-10-11,42.0000,42.0000,41.4400,41.6400
601318,中国平安,2012-10-12,41.9800,42.4900,41.3700,41.5100
601318,中国平安,2012-10-15,41.7900,42.3000,41.4600,41.7200
601318,中国平安,2012-10-16,41.7200,42.2400,41.5400,41.7600
601318,中国平安,2012-10-17,42.0000,42.0000,41.0000,41.5400
601318,中国平安,2012-10-18,41.5000,41.9700,41.0100,41.7900
601318,中国平安,2012-10-19,41.6500,42.0000,41.6500,42.0000
601318,中国平安,2012-10-22,41.8000,42.2700,41.7300,42.2200
601318,中国平安,2012-10-23,42.3700,42.4800,41.6100,41.7600
601318,中国平安,2012-10-24,41.6400,42.0200,41.4800,41.6800
601318,中国平安,2012-10-25,41.6500,41.9000,40.7700,40.8400
601318,中国平安,2012-10-26,40.8600,41.0500,39.4500,39.7400
601318,中国平安,2012-10-29,39.5800,39.6800,37.6000,38.0600
601318,中国平安,2012-10-30,38.2000,38.9600,38.2000,38.4800
601318,中国平安,2012-10-31,38.7600,38.9400,38.4000,38.8000
601318,中国平安,2012-11-01,38.8000,39.8000,38.6000,39.3300
601318,中国平安,2012-11-02,39.0300,39.3600,38.6300,39.0500
601318,中国平安,2012-11-05,39.0000,39.1500,38.2900,38.7600
601318,中国平安,2012-11-06,38.7500,39.2400,38.3200,39.1400
601318,中国平安,2012-11-07,39.1400,39.1400,38.7100,38.9200
601318,中国平安,2012-11-08,38.6000,39.0300,38.5300,38.6100
601318,中国平安,2012-11-09,38.5500,38.7600,38.4300,38.6100
601318,中国平安,2012-11-12,38.6300,38.7400,37.8800,38.2000
601318,中国平安,2012-11-13,38.2100,38.2100,37.5000,37.5800
601318,中国平安,2012-11-14,37.6500,38.0500,37.5100,37.8300
601318,中国平安,2012-11-15,37.7000,38.2800,37.5500,37.7700
601318,中国平安,2012-11-16,37.7000,37.8100,36.7300,37.0900
601318,中国平安,2012-11-19,36.9300,37.0400,34.6000,36.4900
601318,中国平安,2012-11-20,36.2800,36.2900,35.1000,35.3300
601318,中国平安,2012-11-21,35.3000,36.5000,35.3000,36.4400
601318,中国平安,2012-11-22,36.2700,36.5500,36.0100,36.5000
601318,中国平安,2012-11-23,36.5700,37.8400,36.4500,37.1200
601318,中国平安,2012-11-26,37.0400,37.2300,36.8000,37.0000
601318,中国平安,2012-11-27,36.9300,37.1500,36.1500,36.2300
601318,中国平安,2012-11-28,36.1300,36.1700,35.6000,35.8200
601318,中国平安,2012-11-29,35.7100,36.1000,35.5500,35.6800
601318,中国平安,2012-11-30,35.5700,36.8900,35.5700,36.4800
601318,中国平安,2012-12-03,36.4000,37.7000,36.3200,36.6300
601318,中国平安,2012-12-04,36.7100,37.6700,36.7100,37.3900
601318,中国平安,2012-12-05,37.3500,39.1600,37.3500,38.9200
601318,中国平安,2012-12-06,38.8700,39.3300,38.6000,38.9000
601318,中国平安,2012-12-07,38.7800,39.4700,38.4300,39.3100
601318,中国平安,2012-12-10,39.5000,40.3800,39.5000,39.9900
601318,中国平安,2012-12-11,39.8900,40.1800,39.6500,39.8000
601318,中国平安,2012-12-12,39.8100,40.1000,39.4400,39.8800
601318,中国平安,2012-12-13,39.7800,39.7800,38.7500,38.8600
601318,中国平安,2012-12-14,38.9900,42.2000,38.9900,41.9600
601318,中国平安,2012-12-17,41.9600,43.0000,41.8800,42.5100
601318,中国平安,2012-12-18,42.4000,43.2200,41.9100,42.1800
601318,中国平安,2012-12-19,42.0500,42.5000,41.5000,41.7700
601318,中国平安,2012-12-20,41.6500,42.5000,41.5000,42.2600
601318,中国平安,2012-12-21,42.4200,43.3500,42.1000,42.3900
601318,中国平安,2012-12-24,41.3100,42.2800,41.1100,42.1200
601318,中国平安,2012-12-25,41.7800,43.6200,41.7100,43.0000
601318,中国平安,2012-12-26,43.0100,43.8900,42.9100,43.4600
601318,中国平安,2012-12-27,43.7400,44.0000,43.0500,43.2300
601318,中国平安,2012-12-28,43.4900,44.0500,42.9100,43.8100
601318,中国平安,2012-12-31,44.0000,45.8500,44.0000,45.2900
601318,中国平安,2013-01-04,46.7100,49.8100,46.4000,47.1100
601318,中国平安,2013-01-07,47.1100,47.5800,46.5800,47.2200
601318,中国平安,2013-01-08,47.1400,47.3100,45.1100,45.4600
601318,中国平安,2013-01-09,45.0500,45.3500,44.4400,45.0700
601318,中国平安,2013-01-10,45.1600,45.8800,44.8100,44.9900
601318,中国平安,2013-01-11,45.0800,45.3400,44.2200,44.4300
601318,中国平安,2013-01-14,44.4500,47.0100,44.2900,46.8700
601318,中国平安,2013-01-15,46.8900,47.9500,46.7200,46.9800
601318,中国平安,2013-01-16,46.8500,46.8500,45.0000,45.9500
601318,中国平安,2013-01-17,45.7800,45.9200,44.8000,45.0800
601318,中国平安,2013-01-18,45.3600,46.8800,44.9400,46.4500
601318,中国平安,2013-01-21,46.3000,46.4500,45.3000,45.7700
601318,中国平安,2013-01-22,45.7800,47.3800,45.5300,46.2200
601318,中国平安,2013-01-23,46.2000,46.9300,45.9100,46.4400
601318,中国平安,2013-01-24,46.6100,47.9800,46.2700,46.5400
601318,中国平安,2013-01-25,46.5600,46.9000,45.0100,45.5900
601318,中国平安,2013-01-28,45.4000,47.1500,45.3000,46.6600
601318,中国平安,2013-01-29,47.1000,47.6600,45.8100,46.7200
601318,中国平安,2013-01-30,47.3200,48.5900,46.9600,47.5800
601318,中国平安,2013-01-31,47.7800,48.5000,47.2400,48.2200
601318,中国平安,2013-02-01,48.0100,51.0800,47.6000,50.7700
601318,中国平安,2013-02-04,52.2900,53.2700,51.0000,51.4900
601318,中国平安,2013-02-05,50.7000,51.5000,49.8400,50.6500
601318,中国平安,2013-02-06,50.9100,53.2500,50.9000,52.7800
601318,中国平安,2013-02-07,52.4100,53.0800,51.2800,52.4800
601318,中国平安,2013-02-08,52.3800,52.7700,50.9400,51.8900
601318,中国平安,2013-02-18,52.0500,52.2500,49.3600,49.5400
601318,中国平安,2013-02-19,49.5500,49.7400,47.9900,48.7800
601318,中国平安,2013-02-20,48.7000,48.9700,48.0300,48.7800
601318,中国平安,2013-02-21,48.0300,48.1000,45.8800,46.7400
601318,中国平安,2013-02-22,46.5000,46.7000,45.8000,45.9600
601318,中国平安,2013-02-25,46.2800,47.0300,45.3000,45.8100
601318,中国平安,2013-02-26,45.3300,46.3300,44.8500,44.9700
601318,中国平安,2013-02-27,45.2500,46.0000,45.0000,45.2000
601318,中国平安,2013-02-28,45.7500,47.0900,45.2000,47.0700
601318,中国平安,2013-03-01,47.0700,47.1500,45.1000,45.9500
601318,中国平安,2013-03-04,45.0000,45.2000,42.1000,42.6800
601318,中国平安,2013-03-05,42.9500,44.1000,42.3700,43.9500
601318,中国平安,2013-03-06,44.3000,44.6600,43.9100,44.5200
601318,中国平安,2013-03-07,44.0000,44.1900,42.9500,43.6100
601318,中国平安,2013-03-08,43.8300,44.4600,43.3900,43.9200
601318,中国平安,2013-03-11,43.7200,44.1500,43.0800,43.2000
601318,中国平安,2013-03-12,43.1100,43.8700,42.8000,43.2500
601318,中国平安,2013-03-13,43.2000,43.3500,42.4400,42.6300
601318,中国平安,2013-03-14,42.7700,43.0200,42.3300,42.7800
601318,中国平安,2013-03-15,42.0100,43.8000,41.5600,41.9200
601318,中国平安,2013-03-18,41.5000,41.9200,40.5800,40.6300
601318,中国平安,2013-03-19,40.6700,41.6300,40.6700,41.5900
601318,中国平安,2013-03-20,41.5500,43.2600,41.5400,43.0900
601318,中国平安,2013-03-21,43.0900,43.6700,42.9200,43.1600
601318,中国平安,2013-03-22,43.2000,43.6800,42.9300,43.1100
601318,中国平安,2013-03-25,43.5300,43.7900,42.5100,42.8400
601318,中国平安,2013-03-26,42.6500,42.9400,41.9900,42.0000
601318,中国平安,2013-03-27,42.2000,42.7500,42.0600,42.1300
601318,中国平安,2013-03-28,41.1000,41.1500,40.0000,41.0500
601318,中国平安,2013-03-29,41.0800,42.0900,40.5500,41.7700
601318,中国平安,2013-04-01,41.2700,41.5400,40.8800,40.9900
601318,中国平安,2013-04-02,40.7700,41.4500,40.2600,40.5300
601318,中国平安,2013-04-03,40.6000,41.3600,40.5000,40.7600
601318,中国平安,2013-04-08,40.0000,40.2500,39.2800,40.0000
601318,中国平安,2013-04-09,40.1500,41.3400,40.1400,41.1400
601318,中国平安,2013-04-10,41.1000,41.6700,40.8300,41.1800
601318,中国平安,2013-04-11,41.3500,41.9800,41.0500,41.2300
601318,中国平安,2013-04-12,41.2000,41.5400,41.0000,41.1500
601318,中国平安,2013-04-15,41.0500,41.4400,40.3900,40.5100
601318,中国平安,2013-04-16,40.0100,41.5400,39.9300,41.5300
601318,中国平安,2013-04-17,41.5500,41.9700,41.3000,41.8100
601318,中国平安,2013-04-18,41.5000,42.3200,41.3500,42.2600
601318,中国平安,2013-04-19,42.3000,43.1000,42.3000,42.9000
601318,中国平安,2013-04-22,42.4000,42.5400,41.8500,41.9500
601318,中国平安,2013-04-23,42.1100,42.1500,39.8600,39.9200
601318,中国平安,2013-04-24,40.0500,41.1500,39.9000,40.3800
601318,中国平安,2013-04-25,40.3900,40.8000,39.7300,40.1400
601318,中国平安,2013-04-26,40.2500,40.4100,39.7600,39.8100
601318,中国平安,2013-05-02,40.0000,40.5500,39.9100,40.0300
601318,中国平安,2013-05-03,40.3000,41.4500,40.2000,41.0900
601318,中国平安,2013-05-06,41.4500,41.9900,41.1000,41.5300
601318,中国平安,2013-05-07,41.4000,41.7300,41.1500,41.3200
601318,中国平安,2013-05-08,41.6300,42.2000,41.4800,41.6800
601318,中国平安,2013-05-09,41.7900,41.8300,40.9100,41.1100
601318,中国平安,2013-05-10,40.8600,41.4200,40.7900,41.1000
601318,中国平安,2013-05-13,40.8500,41.0800,40.0000,40.1900
601318,中国平安,2013-05-14,40.0000,40.0000,38.7500,39.0400
601318,中国平安,2013-05-15,39.1300,39.2700,38.3500,38.6900
601318,中国平安,2013-05-16,38.6600,40.0000,38.4200,39.8600
601318,中国平安,2013-05-17,39.8800,40.6600,39.7200,40.4500
601318,中国平安,2013-05-20,40.3900,41.3400,40.2700,40.8600
601318,中国平安,2013-05-21,40.9000,41.1300,40.2100,40.5500
601318,中国平安,2013-05-22,40.5500,40.9900,40.3000,40.5900
601318,中国平安,2013-05-23,40.5000,40.5000,39.4700,39.4800
601318,中国平安,2013-05-24,39.7900,40.0000,39.1000,39.5900
601318,中国平安,2013-05-27,39.5100,39.9400,39.3200,39.4700
601318,中国平安,2013-05-28,39.5000,40.8000,39.3500,40.7200
601318,中国平安,2013-05-29,40.8600,41.0600,40.1700,40.2400
601318,中国平安,2013-05-30,40.0900,40.4500,39.7800,39.9800
601318,中国平安,2013-05-31,40.1000,40.3300,39.5700,39.6100
601318,中国平安,2013-06-03,39.6400,40.1000,39.4900,39.6300
601318,中国平安,2013-06-04,39.6400,39.6500,38.9600,39.1400
601318,中国平安,2013-06-05,39.1600,39.2700,38.8800,39.0900
601318,中国平安,2013-06-06,38.9700,39.0500,38.5300,38.6300
601318,中国平安,2013-06-07,38.6300,38.8200,37.7500,37.8000
601318,中国平安,2013-06-13,37.2900,37.2900,36.3000,36.4900
601318,中国平安,2013-06-14,36.8600,36.9900,36.5900,36.8600
601318,中国平安,2013-06-17,37.2000,37.8500,36.8800,37.5800
601318,中国平安,2013-06-18,37.5600,38.2500,37.5100,38.1800
601318,中国平安,2013-06-19,38.0300,38.0300,37.5600,37.7200
601318,中国平安,2013-06-20,37.6000,37.6000,36.2800,36.3800
601318,中国平安,2013-06-21,35.9000,37.4900,35.6500,37.1100
601318,中国平安,2013-06-24,36.6000,36.6500,34.4700,34.5000
601318,中国平安,2013-06-25,34.3800,34.8400,32.5000,34.6200
601318,中国平安,2013-06-26,34.6300,34.7000,33.3100,34.5200
601318,中国平安,2013-06-27,34.3000,34.7800,33.6500,34.3900
601318,中国平安,2013-06-28,34.0000,35.4900,33.8200,34.7600
601318,中国平安,2013-07-01,34.4000,34.6200,33.5100,34.5000
601318,中国平安,2013-07-02,34.3800,34.5000,33.7000,34.4200
601318,中国平安,2013-07-03,34.1500,34.1500,33.5000,34.0100
601318,中国平安,2013-07-04,33.6600,34.3300,33.4000,34.2300
601318,中国平安,2013-07-05,34.2800,34.6000,34.0200,34.5100
601318,中国平安,2013-07-08,34.0000,34.0900,33.5000,33.9700
601318,中国平安,2013-07-09,33.8100,33.9500,33.6000,33.7400
601318,中国平安,2013-07-10,33.6300,34.3600,33.0800,34.3400
601318,中国平安,2013-07-11,34.4000,37.3100,34.2800,36.2400
601318,中国平安,2013-07-12,36.1600,36.1600,35.0000,35.0100
601318,中国平安,2013-07-15,35.3000,36.2500,34.8800,35.2400
601318,中国平安,2013-07-16,35.1000,35.2900,34.6200,35.0100
601318,中国平安,2013-07-17,35.0500,35.2500,34.3400,34.3800
601318,中国平安,2013-07-18,34.0600,34.2900,33.5000,33.5300
601318,中国平安,2013-07-19,33.5400,33.9800,32.6700,33.3900
601318,中国平安,2013-07-22,32.9300,33.5000,32.7300,33.3900
601318,中国平安,2013-07-23,33.4000,34.2500,33.1600,33.8100
601318,中国平安,2013-07-24,33.5000,33.6600,32.6800,32.9700
601318,中国平安,2013-07-25,33.1000,33.3200,32.6500,32.6900
601318,中国平安,2013-07-26,32.5000,32.7100,32.0400,32.6000
601318,中国平安,2013-07-29,32.2200,32.4400,31.6900,32.0800
601318,中国平安,2013-07-30,31.9500,32.6700,31.9000,32.1300
601318,中国平安,2013-07-31,32.3000,32.6500,31.9800,32.0800
601318,中国平安,2013-08-01,32.1700,32.7900,32.1100,32.6600
601318,中国平安,2013-08-02,32.8800,33.0400,32.3000,32.3200
601318,中国平安,2013-08-05,32.4400,33.0000,32.2300,32.9900
601318,中国平安,2013-08-06,32.9700,33.2600,32.5000,33.0000
601318,中国平安,2013-08-07,32.8800,33.3300,32.7000,32.7900
601318,中国平安,2013-08-08,32.7500,33.3700,32.5900,32.9100
601318,中国平安,2013-08-09,33.1500,33.2500,32.6800,33.0200
601318,中国平安,2013-08-12,33.2400,34.5400,33.1000,34.5100
601318,中国平安,2013-08-13,34.7500,35.1200,34.4500,34.8300
601318,中国平安,2013-08-14,34.7500,35.5700,34.7100,34.8800
601318,中国平安,2013-08-15,34.7200,35.3400,34.6000,34.6500
601318,中国平安,2013-08-16,34.5000,36.4400,33.9000,34.3900
601318,中国平安,2013-08-19,34.0500,34.6800,33.6600,34.5400
601318,中国平安,2013-08-20,34.3100,35.1200,34.0000,34.2000
601318,中国平安,2013-08-21,34.2500,34.6600,33.8700,34.2500
601318,中国平安,2013-08-22,34.1400,34.7400,34.1000,34.1100
601318,中国平安,2013-08-23,34.4600,34.5000,33.4000,33.7800
601318,中国平安,2013-08-26,33.9600,34.6100,33.6100,34.4600
601318,中国平安,2013-08-27,34.4500,34.4600,34.0700,34.3100
601318,中国平安,2013-08-28,33.9800,34.0700,33.5200,33.6900
601318,中国平安,2013-08-29,33.9200,34.0900,33.5500,33.7700
601318,中国平安,2013-08-30,34.1000,35.5300,34.0500,34.8600
601318,中国平安,2013-09-02,35.0000,35.6600,35.0000,35.1600
601318,中国平安,2013-09-03,35.3800,36.2100,35.3400,36.0800
601318,中国平安,2013-09-04,36.0800,36.1000,35.6100,35.7300
601318,中国平安,2013-09-05,35.8000,36.0600,35.6000,35.7500
601318,中国平安,2013-09-06,35.6000,36.0200,35.4700,35.7700
601318,中国平安,2013-09-09,35.8100,37.9900,35.8100,37.6100
601318,中国平安,2013-09-10,37.8000,38.2300,37.4800,38.1600
601318,中国平安,2013-09-11,38.6500,39.8000,38.0800,38.1000
601318,中国平安,2013-09-12,38.0000,39.5000,37.5200,38.6400
601318,中国平安,2013-09-13,38.3600,38.7800,37.5300,37.6000
601318,中国平安,2013-09-16,38.0500,38.2600,37.3000,37.9400
601318,中国平安,2013-09-17,37.9000,39.1100,37.6000,37.7800
601318,中国平安,2013-09-18,37.7000,38.1700,37.5900,37.6900
601318,中国平安,2013-09-23,37.9400,38.5100,37.8800,38.1900
601318,中国平安,2013-09-24,38.0000,38.1000,36.5000,36.9100
601318,中国平安,2013-09-25,36.8100,37.1900,36.4900,36.7100
601318,中国平安,2013-09-26,36.5000,36.5000,35.4900,35.6000
601318,中国平安,2013-09-27,35.6100,35.9800,35.5800,35.8100
601318,中国平安,2013-09-30,35.9400,36.1500,35.5500,35.7000
601318,中国平安,2013-10-08,35.4100,36.1000,35.2700,35.9100
601318,中国平安,2013-10-09,35.7500,36.3100,35.5000,36.1800
601318,中国平安,2013-10-10,36.3000,36.3200,35.3600,35.5600
601318,中国平安,2013-10-11,35.8500,36.4100,35.6900,36.4000
601318,中国平安,2013-10-14,36.4500,37.4300,36.0900,36.9100
601318,中国平安,2013-10-15,37.0000,37.1000,36.6100,36.8500
601318,中国平安,2013-10-16,36.8200,36.8200,35.6000,35.8600
601318,中国平安,2013-10-17,36.1400,36.2200,35.5600,35.5800
601318,中国平安,2013-10-18,35.6300,36.0900,35.5300,35.7100
601318,中国平安,2013-10-21,35.7000,36.2200,35.3000,36.1200
601318,中国平安,2013-10-22,36.0000,36.0600,35.4800,35.6400
601318,中国平安,2013-10-23,35.7400,36.2900,35.4900,35.6100
601318,中国平安,2013-10-24,35.5600,35.5600,34.9500,34.9900
601318,中国平安,2013-10-25,35.1500,35.4400,34.7900,35.2600
601318,中国平安,2013-10-28,35.8900,35.9900,35.3500,35.6000
601318,中国平安,2013-10-29,35.7500,37.1400,35.6100,36.7600
601318,中国平安,2013-10-30,36.7900,37.4700,36.6000,37.3900
601318,中国平安,2013-10-31,37.2800,37.3300,36.7500,36.8200
601318,中国平安,2013-11-01,36.8200,37.9900,36.8200,37.5600
601318,中国平安,2013-11-04,37.7000,37.9400,37.0100,37.1300
601318,中国平安,2013-11-05,36.9900,36.9900,36.0600,36.7400
601318,中国平安,2013-11-06,36.5200,36.9900,36.4500,36.6100
601318,中国平安,2013-11-07,36.7900,36.9700,36.3000,36.5500
601318,中国平安,2013-11-08,36.2300,36.6900,36.0600,36.0800
601318,中国平安,2013-11-11,36.0000,36.4500,35.9500,36.2500
601318,中国平安,2013-11-12,36.5100,37.4800,36.5100,37.3700
601318,中国平安,2013-11-13,36.9000,37.1000,36.2000,36.2700
601318,中国平安,2013-11-14,36.4100,36.9900,36.3700,36.7400
601318,中国平安,2013-11-15,36.7800,38.4400,36.7800,38.1800
601318,中国平安,2013-11-18,38.8900,41.4000,38.4500,41.1400
601318,中国平安,2013-11-19,41.1000,41.8800,40.6000,40.7800
601318,中国平安,2013-11-20,41.1900,41.3700,40.4000,41.0000
601318,中国平安,2013-11-21,40.7900,40.8400,39.5000,40.0100
601318,中国平安,2013-11-22,40.1100,40.4100,39.5500,40.0800
601318,中国平安,2013-11-25,40.0000,41.8400,39.6800,40.4100
601318,中国平安,2013-11-26,40.6000,40.9000,40.1600,40.5500
601318,中国平安,2013-11-27,40.5500,41.9800,40.3200,41.4400
601318,中国平安,2013-11-28,41.5900,42.3800,41.4500,41.4900
601318,中国平安,2013-11-29,41.6000,41.8000,41.2000,41.5600
601318,中国平安,2013-12-02,41.4300,43.3000,41.4300,42.8900
601318,中国平安,2013-12-03,42.6000,43.3500,41.9100,42.9900
601318,中国平安,2013-12-04,42.8300,44.6600,42.7300,44.2500
601318,中国平安,2013-12-05,44.2100,44.5000,43.8800,44.0200
601318,中国平安,2013-12-06,44.1200,44.5000,42.4400,42.9100
601318,中国平安,2013-12-09,43.6000,43.9100,42.5000,42.9100
601318,中国平安,2013-12-10,42.9800,43.5000,42.8600,43.1900
601318,中国平安,2013-12-11,42.8200,42.8200,41.4700,41.7300
601318,中国平安,2013-12-12,41.4900,41.9600,41.0000,41.5200
601318,中国平安,2013-12-13,41.0000,42.3700,40.7600,42.2800
601318,中国平安,2013-12-16,42.1800,42.6800,41.7500,42.0200
601318,中国平安,2013-12-17,42.0200,42.2200,41.1600,41.9900
601318,中国平安,2013-12-18,41.7600,42.2000,41.6500,41.8100
601318,中国平安,2013-12-19,42.2000,42.4000,40.8500,40.9000
601318,中国平安,2013-12-20,40.8100,41.2200,38.6100,38.9700
601318,中国平安,2013-12-23,39.1500,39.9200,38.7400,39.5200
601318,中国平安,2013-12-24,39.7400,40.4000,39.5300,39.8700
601318,中国平安,2013-12-25,39.8800,40.3300,39.5000,40.1000
601318,中国平安,2013-12-26,39.9100,40.0100,39.4000,39.5800
601318,中国平安,2013-12-27,39.8000,41.2000,39.6000,40.8400
601318,中国平安,2013-12-30,41.2200,41.5000,40.7900,40.8100
601318,中国平安,2013-12-31,40.7000,41.8600,40.6000,41.7300
601318,中国平安,2014-01-02,41.5900,41.6000,40.6600,41.3000
601318,中国平安,2014-01-03,40.7000,40.9000,40.0800,40.2900
601318,中国平安,2014-01-06,40.1800,40.9700,38.9000,40.2900
601318,中国平安,2014-01-07,39.6300,40.2900,39.6300,40.0900
601318,中国平安,2014-01-08,40.1900,40.8800,39.8700,40.6300
601318,中国平安,2014-01-09,40.5000,40.8900,39.7000,39.9700
601318,中国平安,2014-01-10,39.9600,40.1500,39.4800,39.5700
601318,中国平安,2014-01-13,39.7300,40.1200,38.9800,39.4500
601318,中国平安,2014-01-14,39.5000,40.2200,39.0600,39.9900
601318,中国平安,2014-01-15,39.9300,40.0300,39.3000,39.7200
601318,中国平安,2014-01-16,39.7600,41.6500,39.6700,41.2200
601318,中国平安,2014-01-17,41.0300,41.2700,40.5000,40.8600
601318,中国平安,2014-01-20,40.6000,41.3000,40.5200,40.7200
601318,中国平安,2014-01-21,40.8000,41.9200,40.8000,41.3500
601318,中国平安,2014-01-22,41.3100,42.1400,41.1600,41.8100
601318,中国平安,2014-01-23,41.6000,41.7600,40.8000,41.0000
601318,中国平安,2014-01-24,40.6200,41.3900,40.5000,40.5300
601318,中国平安,2014-01-27,39.9800,39.9800,38.6800,39.0000
601318,中国平安,2014-01-28,39.1000,39.3300,38.7800,39.1600
601318,中国平安,2014-01-29,39.3000,39.3900,39.0300,39.2800
601318,中国平安,2014-01-30,39.0000,39.1600,38.6300,39.1400
601318,中国平安,2014-02-07,38.6100,38.6300,37.9000,38.2100
601318,中国平安,2014-02-10,38.3300,39.1800,38.3200,39.0700
601318,中国平安,2014-02-11,38.9800,40.0000,38.7100,39.5600
601318,中国平安,2014-02-12,39.7000,39.8400,39.0300,39.2200
601318,中国平安,2014-02-13,39.2500,39.4700,38.5000,38.9500
601318,中国平安,2014-02-14,38.9000,39.3000,38.8800,39.0700
601318,中国平安,2014-02-17,39.6000,39.7800,39.0800,39.5000
601318,中国平安,2014-02-18,39.3800,39.3900,38.6000,38.6900
601318,中国平安,2014-02-19,38.6700,39.4200,38.4200,39.1100
601318,中国平安,2014-02-20,39.2300,39.6400,38.5000,38.5800
601318,中国平安,2014-02-21,38.6000,39.0600,38.3700,39.0300
601318,中国平安,2014-02-24,38.5100,39.0000,38.1200,38.8400
601318,中国平安,2014-02-25,38.7000,38.7700,37.3500,37.6400
601318,中国平安,2014-02-26,37.3600,37.7000,37.2400,37.5000
601318,中国平安,2014-02-27,37.6800,38.2900,37.2300,38.0000
601318,中国平安,2014-02-28,37.9000,38.5500,37.8000,38.5000
601318,中国平安,2014-03-03,38.2700,38.3500,37.7100,37.9800
601318,中国平安,2014-03-04,37.9200,38.3900,37.5400,37.9700
601318,中国平安,2014-03-05,38.1500,38.1500,37.5200,37.6600
601318,中国平安,2014-03-06,37.5000,38.1500,37.0500,37.8500
601318,中国平安,2014-03-07,37.5700,38.0900,37.3000,37.5400
601318,中国平安,2014-03-10,37.0800,37.0800,36.0800,36.1800
601318,中国平安,2014-03-11,36.0300,36.4800,35.9800,36.2000
601318,中国平安,2014-03-12,36.1000,36.6700,36.1000,36.3400
601318,中国平安,2014-03-13,36.5200,37.1100,36.3300,36.7400
601318,中国平安,2014-03-14,36.6000,36.9800,36.5100,36.6800
601318,中国平安,2014-03-17,36.9400,37.1000,36.6200,36.8400
601318,中国平安,2014-03-18,36.8800,36.8800,36.3300,36.3500
601318,中国平安,2014-03-19,36.2200,36.3600,35.5100,36.0000
601318,中国平安,2014-03-20,36.0000,36.9500,35.7100,36.0900
601318,中国平安,2014-03-21,35.9100,37.7000,35.9000,37.5000
601318,中国平安,2014-03-24,37.6000,37.9500,37.3500,37.7500
601318,中国平安,2014-03-25,37.5600,37.8800,37.0500,37.1500
601318,中国平安,2014-03-26,37.3300,37.5700,37.0500,37.1800
601318,中国平安,2014-03-27,37.1200,37.4400,36.6600,37.1800
601318,中国平安,2014-03-28,37.0000,37.5000,36.9500,37.3700
601318,中国平安,2014-03-31,37.4900,37.7700,37.2800,37.5600
601318,中国平安,2014-04-01,37.5500,38.2300,37.4500,37.7000
601318,中国平安,2014-04-02,37.7700,38.5200,37.6100,38.4900
601318,中国平安,2014-04-03,38.6900,39.4300,38.5400,38.5600
601318,中国平安,2014-04-04,38.3100,39.0000,38.2000,38.9200
601318,中国平安,2014-04-08,38.8000,40.1500,38.7500,39.8900
601318,中国平安,2014-04-09,39.8900,39.9900,39.2700,39.4700
601318,中国平安,2014-04-10,39.5000,43.1900,39.1100,42.2800
601318,中国平安,2014-04-11,42.3000,42.3300,40.9500,41.2100
601318,中国平安,2014-04-14,41.1900,41.4500,40.5200,40.8100
601318,中国平安,2014-04-15,40.5800,40.7000,39.9000,40.0700
601318,中国平安,2014-04-16,39.9900,40.4800,39.8200,40.1900
601318,中国平安,2014-04-17,40.3400,40.4500,39.5600,39.6000
601318,中国平安,2014-04-18,39.3800,39.8300,39.0700,39.5700
601318,中国平安,2014-04-21,39.2500,39.8000,38.8200,38.9100
601318,中国平安,2014-04-22,38.8900,39.3000,38.6500,39.2600
601318,中国平安,2014-04-23,39.1000,39.4800,38.8700,38.9700
601318,中国平安,2014-04-24,38.9900,39.6400,38.9000,39.5200
601318,中国平安,2014-04-25,39.4500,39.5800,38.9300,39.0100
601318,中国平安,2014-04-28,38.8100,39.1700,38.0100,38.0900
601318,中国平安,2014-04-29,38.5100,39.3600,38.5100,39.0900
601318,中国平安,2014-04-30,39.3500,39.3600,38.9800,39.1400
601318,中国平安,2014-05-05,38.9800,39.4300,38.7800,39.2000
601318,中国平安,2014-05-06,39.0500,39.7900,39.0200,39.5300
601318,中国平安,2014-05-07,39.2800,39.6300,39.1400,39.3600
601318,中国平安,2014-05-08,39.3000,40.3300,39.1600,39.3500
601318,中国平安,2014-05-09,39.5000,39.5700,39.1300,39.2600
601318,中国平安,2014-05-12,39.6200,40.2900,39.5100,40.0500
601318,中国平安,2014-05-13,40.0800,40.4000,39.7400,39.9200
601318,中国平安,2014-05-14,39.9800,40.2500,39.8000,39.8700
601318,中国平安,2014-05-15,39.9500,40.0600,39.5100,39.6300
601318,中国平安,2014-05-16,39.7000,39.7200,39.0000,39.5300
601318,中国平安,2014-05-19,39.5000,39.5300,38.5200,38.7100
601318,中国平安,2014-05-20,38.9700,39.0700,38.6600,38.7800
601318,中国平安,2014-05-21,38.6800,39.2400,38.4800,39.1700
601318,中国平安,2014-05-22,39.1700,39.7300,39.1100,39.1300
601318,中国平安,2014-05-23,39.1300,39.4000,39.1300,39.3900
601318,中国平安,2014-05-26,39.5800,39.7700,39.0000,39.2600
601318,中国平安,2014-05-27,39.2000,39.4800,39.1000,39.2700
601318,中国平安,2014-05-28,39.2500,39.9000,39.0800,39.8300
601318,中国平安,2014-05-29,39.9100,40.3900,39.5100,39.9800
601318,中国平安,2014-05-30,40.0900,40.1300,39.7100,39.8800
601318,中国平安,2014-06-03,39.9600,40.2900,39.8900,39.9000
601318,中国平安,2014-06-04,39.8500,39.8500,39.0800,39.3200
601318,中国平安,2014-06-05,39.2500,39.8900,39.1800,39.7900
601318,中国平安,2014-06-06,39.7800,39.8500,39.2300,39.4600
601318,中国平安,2014-06-09,39.2600,40.0300,39.2500,39.7000
601318,中国平安,2014-06-10,39.7500,40.4800,39.7500,40.4500
601318,中国平安,2014-06-11,40.2500,40.3800,39.8500,40.1300
601318,中国平安,2014-06-12,40.0800,40.3100,39.8800,39.9700
601318,中国平安,2014-06-13,39.9900,41.0000,39.9000,40.8300
601318,中国平安,2014-06-16,40.8000,41.1500,40.6600,40.9000
601318,中国平安,2014-06-17,40.8400,40.8500,40.1400,40.3800
601318,中国平安,2014-06-18,40.4500,40.6000,40.1700,40.2500
601318,中国平安,2014-06-19,40.4000,40.4600,39.7200,39.8100
601318,中国平安,2014-06-20,39.9200,40.1300,39.7300,40.0300
601318,中国平安,2014-06-23,40.0000,40.4400,39.6100,39.6800
601318,中国平安,2014-06-24,39.6800,39.8300,39.3100,39.7400
601318,中国平安,2014-06-25,39.7500,39.7500,39.2500,39.4200
601318,中国平安,2014-06-26,39.4900,39.7200,39.4300,39.7000
601318,中国平安,2014-06-27,39.2900,39.2900,38.7400,38.8700
601318,中国平安,2014-06-30,38.9100,39.5400,38.9000,39.3400
601318,中国平安,2014-07-01,39.5100,39.6500,39.1100,39.2800
601318,中国平安,2014-07-02,39.3100,39.6200,39.2000,39.4400
601318,中国平安,2014-07-03,39.4900,39.7500,39.3700,39.5500
601318,中国平安,2014-07-04,39.5500,40.1200,39.5500,39.8800
601318,中国平安,2014-07-07,39.8800,40.2100,39.7200,40.0400
601318,中国平安,2014-07-08,39.9800,40.1000,39.8300,40.0800
601318,中国平安,2014-07-09,40.0100,40.4600,39.7000,39.7100
601318,中国平安,2014-07-10,39.8800,39.9900,39.2200,39.4000
601318,中国平安,2014-07-11,39.5800,39.6800,39.3000,39.4100
601318,中国平安,2014-07-14,39.4300,39.9900,39.4200,39.9600
601318,中国平安,2014-07-15,39.9600,40.2500,39.7400,39.9300
601318,中国平安,2014-07-16,39.9200,40.3000,39.5900,39.7200
601318,中国平安,2014-07-17,39.7000,39.9500,39.5900,39.9100
601318,中国平安,2014-07-18,39.7500,40.2000,39.5500,39.8100
601318,中国平安,2014-07-21,39.8400,40.1500,39.7500,39.8600
601318,中国平安,2014-07-22,39.6500,40.4400,39.6500,40.2200
601318,中国平安,2014-07-23,40.2000,41.4200,40.2000,41.0800
601318,中国平安,2014-07-24,41.1700,42.4700,41.1700,42.1900
601318,中国平安,2014-07-25,42.3000,42.7500,42.1300,42.4400
601318,中国平安,2014-07-28,42.7500,44.0900,42.7200,43.8300
601318,中国平安,2014-07-29,43.7000,44.1600,43.3500,43.9300
