Stkcd,Lstknm,TrdDt,OpPr,HiPr,LoPr,ClPr,TrdVol
600887,伊利股份,2016-01-04,16.3400,16.3400,15.0800,15.1700,71960631
600887,伊利股份,2016-01-05,14.9100,15.7000,14.9100,15.4900,110693714
600887,伊利股份,2016-01-06,15.4700,15.6300,15.1800,15.5400,70373718
600887,伊利股份,2016-01-07,15.3000,15.3000,14.3500,14.5000,20100457
600887,伊利股份,2016-01-08,15.0000,15.1500,14.1700,14.9200,108403246
600887,伊利股份,2016-01-11,14.6300,14.8000,14.3000,14.4200,84771328
600887,伊利股份,2016-01-12,14.5800,14.7600,14.3300,14.6200,55131579
600887,伊利股份,2016-01-13,14.7400,14.9400,14.3200,14.4000,45180376
600887,伊利股份,2016-01-14,14.0500,14.7000,13.9700,14.6300,68152743
600887,伊利股份,2016-01-15,14.5100,14.6700,14.1500,14.2700,44778420
600887,伊利股份,2016-01-18,14.0600,14.5200,14.0200,14.2600,36351861
600887,伊利股份,2016-01-19,14.2600,14.7000,14.1800,14.6800,52377996
600887,伊利股份,2016-01-20,14.6000,14.8500,14.2500,14.3100,47178530
600887,伊利股份,2016-01-21,14.1600,14.4500,13.9800,14.0000,47822307
600887,伊利股份,2016-01-22,14.1800,14.2300,13.6900,14.0000,47291521
600887,伊利股份,2016-01-25,14.0300,14.1500,13.8600,14.0100,32842426
600887,伊利股份,2016-01-26,13.9000,13.9000,12.9500,12.9800,69736044
600887,伊利股份,2016-01-27,13.0300,13.1600,12.5100,13.0100,64732319
600887,伊利股份,2016-01-28,12.9500,13.1800,12.8200,12.8400,41360819
600887,伊利股份,2016-01-29,12.8500,13.5100,12.8100,13.3400,52826265
600887,伊利股份,2016-02-01,13.4000,13.4800,13.0800,13.2300,28667559
600887,伊利股份,2016-02-02,13.2500,13.5600,13.2500,13.4500,26834722
600887,伊利股份,2016-02-03,13.3300,13.3800,13.1800,13.3100,20363846
600887,伊利股份,2016-02-04,13.3500,13.5900,13.3300,13.4500,25690462
600887,伊利股份,2016-02-05,13.4600,13.5100,13.3500,13.3600,16648320
600887,伊利股份,2016-02-15,13.0000,13.2500,12.9000,13.1600,20027049
600887,伊利股份,2016-02-16,13.2400,13.6200,13.2400,13.5300,33658539
600887,伊利股份,2016-02-17,13.5200,13.8900,13.4800,13.7600,39683813
600887,伊利股份,2016-02-18,13.7800,13.8400,13.6000,13.6300,28613689
600887,伊利股份,2016-02-19,13.6300,13.6700,13.4700,13.5500,20426387
600887,伊利股份,2016-02-22,13.7000,13.8900,13.6000,13.8400,41792096
600887,伊利股份,2016-02-23,13.8600,13.8700,13.5800,13.6600,29003886
600887,伊利股份,2016-02-24,13.6200,13.9700,13.4900,13.8900,44162178
600887,伊利股份,2016-02-25,13.8900,13.8900,12.8800,12.9700,58028852
600887,伊利股份,2016-02-26,13.0100,13.1700,12.9200,13.0900,36214156
600887,伊利股份,2016-02-29,13.1400,13.1700,12.6000,12.9900,52536301
600887,伊利股份,2016-03-01,13.0600,13.2000,12.7000,13.1700,31988106
600887,伊利股份,2016-03-02,13.2100,13.6700,13.1500,13.6300,61181241
600887,伊利股份,2016-03-03,13.6000,13.8800,13.5000,13.8500,64104557
600887,伊利股份,2016-03-04,13.8700,14.4500,13.6100,14.3500,130657666
600887,伊利股份,2016-03-07,14.2000,14.4900,14.1000,14.2200,47943635
600887,伊利股份,2016-03-08,14.1800,14.1800,13.6600,13.9700,41675420
600887,伊利股份,2016-03-09,13.7400,13.7700,13.4000,13.5600,46665038
600887,伊利股份,2016-03-10,13.5400,13.6600,13.4200,13.4300,28027526
600887,伊利股份,2016-03-11,13.3600,13.4900,13.2700,13.3600,23864334
600887,伊利股份,2016-03-14,13.4600,13.7200,13.3700,13.6000,46255072
600887,伊利股份,2016-03-15,13.5900,14.2900,13.5100,14.2500,79942097
600887,伊利股份,2016-03-16,14.0700,14.4400,13.9100,13.9400,50635997
600887,伊利股份,2016-03-17,13.9500,14.2100,13.9000,14.1000,41194883
600887,伊利股份,2016-03-18,14.1200,14.4500,14.1200,14.2900,51818778
600887,伊利股份,2016-03-21,14.4200,14.8500,14.3000,14.5900,62617183
600887,伊利股份,2016-03-22,14.5300,14.5400,14.3500,14.3900,33039124
600887,伊利股份,2016-03-23,14.4000,14.6700,14.3800,14.5200,31598585
600887,伊利股份,2016-03-24,14.5000,14.5000,14.1100,14.1200,51178903
600887,伊利股份,2016-03-25,14.1100,14.2500,14.0500,14.1700,20469361
600887,伊利股份,2016-03-28,14.2400,14.5400,14.0800,14.1000,41823691
600887,伊利股份,2016-03-29,14.1600,14.1600,13.9000,13.9400,27489687
600887,伊利股份,2016-03-30,14.0300,14.3600,14.0300,14.3000,37363333
600887,伊利股份,2016-03-31,14.5100,14.7500,14.3800,14.5700,75896202
600887,伊利股份,2016-04-01,14.5700,14.6300,14.2600,14.4700,53930482
600887,伊利股份,2016-04-05,14.4500,14.8300,14.3600,14.7000,61705662
600887,伊利股份,2016-04-06,14.6900,14.7800,14.5500,14.6500,36698764
600887,伊利股份,2016-04-07,14.7100,14.8100,14.4300,14.4400,33672750
600887,伊利股份,2016-04-08,14.4300,14.4400,14.2300,14.3400,27789121
600887,伊利股份,2016-04-11,14.4900,14.5800,14.4300,14.5200,33155486
600887,伊利股份,2016-04-12,14.5200,14.5400,14.3700,14.4400,21092722
600887,伊利股份,2016-04-13,14.5000,14.8400,14.4000,14.4900,78324751
600887,伊利股份,2016-04-14,14.5600,14.6800,14.5200,14.6100,23571246
600887,伊利股份,2016-04-15,14.6900,14.6900,14.5100,14.5600,27174100
600887,伊利股份,2016-04-18,14.5400,14.5400,14.3600,14.3900,25104417
600887,伊利股份,2016-04-19,14.4600,14.5400,14.4100,14.4900,27094602
600887,伊利股份,2016-04-20,14.5300,14.6700,13.9800,14.1300,67410265
600887,伊利股份,2016-04-21,14.1400,14.2100,14.0600,14.0700,25544285
600887,伊利股份,2016-04-22,14.0600,14.2100,14.0100,14.1900,19894832
600887,伊利股份,2016-04-25,14.2100,14.2100,14.0100,14.1900,15448695
600887,伊利股份,2016-04-26,14.1700,14.2900,14.0800,14.2000,15435652
600887,伊利股份,2016-04-27,14.2000,14.5300,14.1600,14.3900,30558275
600887,伊利股份,2016-04-28,14.4200,14.7700,14.4200,14.6400,59812402
600887,伊利股份,2016-04-29,14.7000,15.2600,14.6700,15.0300,94620041
600887,伊利股份,2016-05-03,15.1000,15.6300,15.0700,15.3900,97930434
600887,伊利股份,2016-05-04,15.4000,15.4700,15.1000,15.2100,52710757
600887,伊利股份,2016-05-05,15.2100,15.5500,15.1600,15.3900,45182451
600887,伊利股份,2016-05-06,15.0000,15.0300,14.5200,14.5500,54405541
600887,伊利股份,2016-05-09,14.4200,14.7500,14.2500,14.5900,41753247
600887,伊利股份,2016-05-10,14.5000,15.4400,14.4800,15.2700,80760278
600887,伊利股份,2016-05-11,15.3000,15.6900,15.1400,15.4300,99794246
600887,伊利股份,2016-05-12,15.3700,15.6500,15.0300,15.3000,49610600
600887,伊利股份,2016-05-13,15.3100,15.5200,14.9500,15.0600,44987143
600887,伊利股份,2016-05-16,15.0000,15.4900,14.8800,15.4800,42195260
600887,伊利股份,2016-05-17,15.4500,15.5800,15.1700,15.3500,30750991
600887,伊利股份,2016-05-18,15.2200,15.5600,15.0600,15.1300,47165087
600887,伊利股份,2016-05-19,15.1000,15.3500,15.0900,15.1900,20652598
600887,伊利股份,2016-05-20,15.1000,15.4200,15.0700,15.3700,25836216
600887,伊利股份,2016-05-23,15.4000,15.7400,15.3500,15.4200,31047635
600887,伊利股份,2016-05-24,15.4400,15.5200,15.2000,15.2600,14944663
600887,伊利股份,2016-05-25,15.3200,15.3900,15.0100,15.0700,30876538
600887,伊利股份,2016-05-26,15.0800,15.1200,14.8000,15.0500,27417080
600887,伊利股份,2016-05-27,15.0400,15.1600,14.9000,15.0900,13769837
600887,伊利股份,2016-05-30,15.0800,15.0900,14.8100,15.0000,15270396
600887,伊利股份,2016-05-31,14.9900,15.4800,14.9800,15.4100,44765694
600887,伊利股份,2016-06-01,15.4100,15.4800,15.2000,15.3500,38585465
600887,伊利股份,2016-06-02,15.3500,15.6000,15.2900,15.5300,41891874
600887,伊利股份,2016-06-03,15.6000,16.4400,15.5900,16.2800,108429008
600887,伊利股份,2016-06-06,16.3400,16.6600,16.0900,16.1500,58342237
600887,伊利股份,2016-06-07,16.1500,16.5300,16.1500,16.4100,42909472
600887,伊利股份,2016-06-08,16.3100,16.6500,16.2500,16.2800,26879386
600887,伊利股份,2016-06-13,16.1200,16.2500,15.7600,15.7900,32099105
600887,伊利股份,2016-06-14,15.7800,16.1400,15.7800,16.0600,28955251
600887,伊利股份,2016-06-15,15.9500,16.3900,15.8500,16.2300,47257392
600887,伊利股份,2016-06-16,16.2400,16.5300,16.1600,16.2600,27814116
600887,伊利股份,2016-06-17,16.1800,16.4700,16.1600,16.3200,21947424
600887,伊利股份,2016-06-20,16.4200,16.4900,16.1000,16.3300,22926826
600887,伊利股份,2016-06-21,16.3400,16.5600,16.3000,16.3100,22201618
600887,伊利股份,2016-06-22,16.3100,16.4200,16.1600,16.3200,18020454
600887,伊利股份,2016-06-23,16.3100,16.3100,16.0000,16.1100,24127004
600887,伊利股份,2016-06-24,16.1000,16.1000,15.6200,15.8100,29764835
600887,伊利股份,2016-06-27,15.7700,16.3400,15.7100,16.2800,32955797
600887,伊利股份,2016-06-28,16.2700,16.3500,16.1700,16.2900,24678904
600887,伊利股份,2016-06-29,16.2800,16.5700,16.2200,16.4600,35065623
600887,伊利股份,2016-06-30,16.4300,16.7200,16.4100,16.6700,38454732
600887,伊利股份,2016-07-01,16.6800,17.0600,16.6500,16.9300,43225449
600887,伊利股份,2016-07-04,16.8500,17.0500,16.8100,16.9700,45606977
600887,伊利股份,2016-07-05,16.9500,17.2500,16.9000,17.0000,38179474
600887,伊利股份,2016-07-06,16.9300,17.3700,16.7500,17.3300,48806042
600887,伊利股份,2016-07-07,17.3300,17.7300,17.2800,17.3600,45484490
600887,伊利股份,2016-07-08,17.2300,17.6600,17.2200,17.3100,34691953
600887,伊利股份,2016-07-11,17.4000,18.3700,17.3500,17.8500,79920463
600887,伊利股份,2016-07-12,17.8500,18.7000,17.8500,18.6000,99116593
600887,伊利股份,2016-07-13,18.7000,18.8000,18.1000,18.3000,71006803
600887,伊利股份,2016-07-14,18.2800,18.9500,18.1400,18.6400,55159646
600887,伊利股份,2016-07-15,18.6500,18.7000,18.3000,18.5000,44115540
600887,伊利股份,2016-07-18,18.5000,18.5000,18.0000,18.1400,51198842
600887,伊利股份,2016-07-19,18.1800,18.2800,17.3600,17.6700,78036049
600887,伊利股份,2016-07-20,17.6500,18.0000,17.5300,17.8400,45298581
600887,伊利股份,2016-07-21,17.8000,18.0400,17.6700,17.8900,36686758
600887,伊利股份,2016-07-22,17.8500,17.9400,17.5100,17.5500,44233654
600887,伊利股份,2016-07-25,17.5600,17.9900,17.5600,17.8400,34807286
600887,伊利股份,2016-07-26,17.9000,18.6400,17.8200,18.6100,68479692
600887,伊利股份,2016-07-27,18.6500,18.8700,17.8200,18.1100,94134058
600887,伊利股份,2016-07-28,18.1500,18.8600,17.8600,18.6900,85646887
600887,伊利股份,2016-07-29,18.7500,18.9600,18.3800,18.5400,59562606
600887,伊利股份,2016-08-01,18.3800,18.4700,17.7100,18.0100,47674118
600887,伊利股份,2016-08-02,18.0000,18.0600,17.5600,17.8300,48450017
600887,伊利股份,2016-08-03,17.8000,18.1700,17.7200,17.9800,35723331
600887,伊利股份,2016-08-04,17.9800,18.0000,17.6800,17.9200,27141804
600887,伊利股份,2016-08-05,17.9300,18.1900,17.8000,18.0500,25911640
600887,伊利股份,2016-08-08,18.0500,18.1000,17.7100,18.0800,25472589
600887,伊利股份,2016-08-09,18.0000,18.4700,17.9400,18.4400,38701037
600887,伊利股份,2016-08-10,18.5000,18.5000,18.1800,18.2300,24123602
600887,伊利股份,2016-08-11,18.2300,18.4000,18.1400,18.1600,21936372
600887,伊利股份,2016-08-12,18.3100,18.4400,17.8000,18.1300,43961334
600887,伊利股份,2016-08-15,18.2000,18.6700,18.1700,18.5000,64079036
600887,伊利股份,2016-08-16,18.5300,19.1100,18.4700,18.6100,68848290
600887,伊利股份,2016-08-17,18.6200,18.9400,18.4000,18.6000,36726498
600887,伊利股份,2016-08-18,18.6000,18.6600,17.9700,18.0800,77908630
600887,伊利股份,2016-08-19,18.0100,18.0900,17.7500,17.8900,39295357
600887,伊利股份,2016-08-22,18.0000,18.3900,17.9800,18.0700,42255352
600887,伊利股份,2016-08-23,18.0800,18.1800,17.8900,18.0400,24241480
600887,伊利股份,2016-08-24,17.9400,18.1700,17.7900,17.9300,24252225
600887,伊利股份,2016-08-25,17.9300,18.0100,17.7400,17.9100,33892198
600887,伊利股份,2016-08-26,17.9900,18.1000,17.8200,17.9100,30655244
600887,伊利股份,2016-08-29,17.7200,17.7400,16.7100,16.8300,154800016
600887,伊利股份,2016-08-30,16.9000,17.0000,16.6900,16.9000,64139131
600887,伊利股份,2016-08-31,16.9100,16.9200,16.6600,16.8500,36570569
600887,伊利股份,2016-09-01,16.8100,16.9000,16.6800,16.7000,30590512
600887,伊利股份,2016-09-02,16.7000,16.7700,16.2500,16.4700,55064072
600887,伊利股份,2016-09-05,16.5400,16.5900,16.3100,16.3500,43558929
600887,伊利股份,2016-09-06,16.3800,16.7500,16.2700,16.7400,61825068
600887,伊利股份,2016-09-07,16.6800,16.6800,16.4400,16.6400,41552307
600887,伊利股份,2016-09-08,16.6000,16.6300,16.4000,16.5000,27733636
600887,伊利股份,2016-09-09,16.4600,16.5300,16.3800,16.3900,26935523
600887,伊利股份,2016-09-12,16.1500,16.3000,15.9200,15.9700,53931877
600887,伊利股份,2016-09-13,16.0200,16.1700,15.9900,16.0300,24825749
600887,伊利股份,2016-09-14,16.0000,16.2000,15.8300,16.1100,34212366
600887,伊利股份,2016-10-24,17.7200,17.7200,17.0000,17.2900,167805387
600887,伊利股份,2016-10-25,17.2900,17.8300,17.1200,17.4600,109215488
600887,伊利股份,2016-10-26,17.4600,18.5900,17.2600,18.5700,189458819
600887,伊利股份,2016-10-27,18.3000,18.7900,18.0400,18.3100,117718363
600887,伊利股份,2016-10-28,18.2600,18.3000,17.7300,17.8100,81679397
600887,伊利股份,2016-10-31,17.7600,18.0600,17.7000,17.9900,51242822
600887,伊利股份,2016-11-01,18.0000,18.1500,17.8300,18.0700,48267682
600887,伊利股份,2016-11-02,18.0000,18.0300,17.8000,17.8800,41645876
600887,伊利股份,2016-11-03,17.8100,18.0400,17.7500,17.8400,36773711
600887,伊利股份,2016-11-04,17.8800,18.2800,17.7500,18.0000,60135709
600887,伊利股份,2016-11-07,17.9100,18.0800,17.8500,18.0000,30091432
600887,伊利股份,2016-11-08,18.0800,18.1000,17.9800,18.0200,32725770
600887,伊利股份,2016-11-09,18.0200,18.0600,17.7000,17.9200,44438741
600887,伊利股份,2016-11-10,18.0000,18.0800,17.9000,18.0000,33931225
600887,伊利股份,2016-11-11,18.0200,18.0300,17.8900,18.0200,30246341
600887,伊利股份,2016-11-14,17.9900,18.0000,17.7000,17.7600,59492104
600887,伊利股份,2016-11-15,17.7100,18.0200,17.6300,17.9700,45579697
600887,伊利股份,2016-11-16,17.9600,18.0900,17.8800,17.9900,31814466
600887,伊利股份,2016-11-17,18.0000,18.1300,17.9800,18.0700,32427044
600887,伊利股份,2016-11-18,18.0500,18.0800,17.8300,17.8700,17658311
600887,伊利股份,2016-11-21,17.8700,17.9700,17.6800,17.7300,28705580
600887,伊利股份,2016-11-22,17.7900,17.9300,17.7400,17.8200,24038715
600887,伊利股份,2016-11-23,17.8800,17.9500,17.7700,17.8200,22736643
600887,伊利股份,2016-11-24,17.7700,19.5000,17.7700,18.9000,159458229
600887,伊利股份,2016-11-25,18.9000,19.0800,18.4100,18.7200,91658306
600887,伊利股份,2016-11-28,18.9900,19.3000,18.1500,18.5100,425903639
600887,伊利股份,2016-11-29,18.7000,20.3600,18.6700,20.1000,546125621
600887,伊利股份,2016-11-30,20.0000,20.1900,19.1100,19.7800,343640626
600887,伊利股份,2016-12-01,20.2000,20.6600,19.6100,19.9700,292156690
600887,伊利股份,2016-12-02,19.7200,19.8000,19.2000,19.2200,171739571
600887,伊利股份,2016-12-05,18.2000,18.4500,17.9100,18.0300,217698143
600887,伊利股份,2016-12-06,18.1500,18.4100,18.0300,18.1100,95348694
600887,伊利股份,2016-12-07,18.1200,18.6500,18.0500,18.5300,87814345
600887,伊利股份,2016-12-08,18.6900,18.6900,18.2000,18.3000,45005605
600887,伊利股份,2016-12-09,18.3000,18.4800,18.1700,18.3000,72159270
600887,伊利股份,2016-12-12,18.1000,18.1900,17.4300,18.0800,108839806
600887,伊利股份,2016-12-13,17.8800,18.0500,17.8100,17.9900,40822649
600887,伊利股份,2016-12-14,18.0000,18.0600,17.6800,17.7000,35174814
600887,伊利股份,2016-12-15,17.6800,17.6900,17.3500,17.5200,51366711
600887,伊利股份,2016-12-16,17.4700,17.6500,17.3700,17.5800,22546005
600887,伊利股份,2016-12-19,17.6200,17.8000,17.5100,17.6200,23737387
600887,伊利股份,2016-12-20,17.6800,17.6900,17.3700,17.5000,35252478
600887,伊利股份,2016-12-21,17.5200,17.6900,17.5000,17.5800,25469960
600887,伊利股份,2016-12-22,17.5900,17.6900,17.5500,17.6600,20200786
600887,伊利股份,2016-12-23,17.7100,17.7200,17.3600,17.4600,30935224
600887,伊利股份,2016-12-26,17.5200,17.6000,17.1000,17.4100,24634242
600887,伊利股份,2016-12-27,17.5000,17.6600,17.3800,17.3800,28477434
600887,伊利股份,2016-12-28,17.4800,17.4800,17.2300,17.2900,26359433
600887,伊利股份,2016-12-29,17.2100,17.4000,17.0700,17.3900,26772465
600887,伊利股份,2016-12-30,17.4500,17.7200,17.3900,17.6000,35124886
600887,伊利股份,2017-01-03,17.6000,17.9100,17.5200,17.6900,29032216
600887,伊利股份,2017-01-04,17.7100,17.9100,17.6300,17.9000,35946942
600887,伊利股份,2017-01-05,17.9000,17.9800,17.8300,17.8800,17001644
600887,伊利股份,2017-01-06,17.9500,17.9500,17.6200,17.6500,27249614
600887,伊利股份,2017-01-09,17.5900,17.7200,17.5800,17.6700,21439522
600887,伊利股份,2017-01-10,17.7400,17.8700,17.6800,17.8300,31014829
600887,伊利股份,2017-01-11,17.8000,17.8000,17.6600,17.6900,18374604
600887,伊利股份,2017-01-12,17.7000,17.7500,17.5000,17.5100,19919560
600887,伊利股份,2017-01-13,17.5100,17.7000,17.3800,17.6000,29013479
600887,伊利股份,2017-01-16,17.7400,17.9600,17.4400,17.9300,64212613
600887,伊利股份,2017-01-17,17.9600,18.0400,17.8600,18.0300,28070041
600887,伊利股份,2017-01-18,18.0200,18.2000,17.9400,18.1400,25834654
600887,伊利股份,2017-01-19,18.1000,18.3700,18.0900,18.2200,28916518
600887,伊利股份,2017-01-20,18.2600,18.3800,18.2500,18.2800,23874681
600887,伊利股份,2017-01-23,18.3200,18.4900,18.1300,18.2600,26321302
600887,伊利股份,2017-01-24,18.2000,18.3500,18.1300,18.2100,15435532
600887,伊利股份,2017-01-25,18.3000,18.4400,18.1700,18.3900,20155794
600887,伊利股份,2017-01-26,18.4200,18.5700,18.3600,18.4100,17501886
600887,伊利股份,2017-02-03,18.4100,18.4300,18.1500,18.2400,16573324
600887,伊利股份,2017-02-06,18.2400,18.3000,18.0900,18.1500,22060666
600887,伊利股份,2017-02-07,18.1700,18.1800,18.0700,18.0900,17799139
600887,伊利股份,2017-02-08,18.1200,18.1300,17.9100,18.1000,23473988
600887,伊利股份,2017-02-09,18.1300,18.2300,18.0400,18.1000,31116698
600887,伊利股份,2017-02-10,18.1200,18.2500,18.1000,18.1600,28667036
600887,伊利股份,2017-02-13,18.1600,18.6100,18.0500,18.5200,77471899
600887,伊利股份,2017-02-14,18.4800,18.6000,18.1400,18.2000,48679537
600887,伊利股份,2017-02-15,18.2100,18.2200,17.8300,17.9000,64670298
600887,伊利股份,2017-02-16,17.8600,18.0000,17.7600,17.8400,39610092
600887,伊利股份,2017-02-17,17.8600,18.0500,17.8400,17.9800,42121706
600887,伊利股份,2017-02-20,17.9700,18.3200,17.9200,18.1900,77971287
600887,伊利股份,2017-02-21,18.2900,18.3400,18.0500,18.1000,56714158
600887,伊利股份,2017-02-22,18.1800,18.4900,18.0800,18.4800,101532659
600887,伊利股份,2017-02-23,18.5500,18.6000,18.2200,18.3300,65289474
600887,伊利股份,2017-02-24,18.2900,18.3300,18.1700,18.2700,31770451
600887,伊利股份,2017-02-27,18.2000,18.4400,18.1500,18.2000,67324850
600887,伊利股份,2017-02-28,18.1700,18.2400,18.0000,18.0600,44798253
600887,伊利股份,2017-03-01,18.0600,18.1500,17.9600,18.0000,51751704
600887,伊利股份,2017-03-02,18.0300,18.1100,17.9300,17.9600,27134523
600887,伊利股份,2017-03-03,17.9700,18.0700,17.8600,18.0400,30038919
600887,伊利股份,2017-03-06,18.0300,18.1000,17.9700,18.0900,37523568
600887,伊利股份,2017-03-07,18.1200,18.3400,18.0900,18.2800,50422176
600887,伊利股份,2017-03-08,18.2400,18.3700,18.2000,18.2900,26966946
600887,伊利股份,2017-03-09,18.2900,18.3000,18.0500,18.1200,27454869
600887,伊利股份,2017-03-10,18.1200,18.3700,18.0500,18.2000,31824599
600887,伊利股份,2017-03-13,18.2000,18.6600,18.0400,18.5200,80937550
600887,伊利股份,2017-03-14,18.5400,18.6100,18.3800,18.5200,51276805
600887,伊利股份,2017-03-15,18.5100,18.5100,18.2200,18.4800,54974314
600887,伊利股份,2017-03-16,18.4800,18.5700,18.2200,18.2500,64612052
600887,伊利股份,2017-03-17,18.3000,18.3700,18.0700,18.1200,44182166
600887,伊利股份,2017-03-20,18.1300,18.3000,18.0400,18.2700,49702211
600887,伊利股份,2017-03-21,18.3000,18.8000,18.3000,18.6800,130112971
600887,伊利股份,2017-03-22,18.6000,18.9900,18.4800,18.8900,131094202
600887,伊利股份,2017-03-23,19.0000,19.3500,18.8000,18.9200,113536347
600887,伊利股份,2017-03-24,19.0400,19.2500,18.8900,19.1500,116215078
600887,伊利股份,2017-03-27,19.2100,19.4100,18.9100,18.9300,82287577
600887,伊利股份,2017-03-28,18.9700,18.9800,18.6100,18.6500,57099305
600887,伊利股份,2017-03-29,18.7400,18.8100,18.6100,18.7100,35447352
600887,伊利股份,2017-03-30,18.7300,18.7400,18.3500,18.6300,49900015
600887,伊利股份,2017-03-31,18.7000,18.9200,18.4900,18.9100,55094175
600887,伊利股份,2017-04-05,18.8100,19.0600,18.7500,18.9400,88988469
600887,伊利股份,2017-04-06,18.9300,18.9700,18.7000,18.7900,45980997
600887,伊利股份,2017-04-07,18.8400,18.8400,18.5500,18.6100,51739515
600887,伊利股份,2017-04-10,18.6100,18.7200,18.4500,18.5900,46664773
600887,伊利股份,2017-04-11,18.5100,18.5500,18.2400,18.4700,62417141
600887,伊利股份,2017-04-12,18.4500,18.6800,18.3400,18.6600,41769657
600887,伊利股份,2017-04-13,18.5600,18.6200,18.4300,18.4700,37218428
600887,伊利股份,2017-04-14,18.5100,18.5100,18.2700,18.3900,36451406
600887,伊利股份,2017-04-17,18.4200,18.4700,18.1500,18.4500,44680803
600887,伊利股份,2017-04-18,18.3700,18.6700,18.3000,18.5500,53638134
600887,伊利股份,2017-04-19,18.5900,18.6400,18.3300,18.5700,41601134
600887,伊利股份,2017-04-20,18.5700,19.0700,18.5000,19.0000,108809277
600887,伊利股份,2017-04-21,19.0500,19.0500,18.6300,18.9600,76416255
600887,伊利股份,2017-04-28,18.6200,18.7900,18.2000,18.2600,90185145
600887,伊利股份,2017-05-02,18.2800,18.5800,18.2800,18.4200,39653491
600887,伊利股份,2017-05-03,18.5200,18.5200,18.1500,18.2500,43043476
600887,伊利股份,2017-05-04,18.2700,18.3100,18.1600,18.2900,29725442
600887,伊利股份,2017-05-05,18.3000,18.3500,17.9000,18.3400,78627401
600887,伊利股份,2017-05-08,18.2100,18.4500,17.9600,18.4200,76285152
600887,伊利股份,2017-05-09,17.7000,17.7700,17.3800,17.4100,38280899
600887,伊利股份,2017-05-10,17.4700,17.6600,17.4000,17.4200,29940873
600887,伊利股份,2017-05-11,17.4500,17.6500,17.4100,17.5800,45680579
600887,伊利股份,2017-05-12,17.5800,17.6300,17.5000,17.5400,27518580
600887,伊利股份,2017-05-15,17.6000,18.1800,17.6000,18.1300,67459285
600887,伊利股份,2017-05-16,18.1400,18.4500,18.0100,18.3400,50442192
600887,伊利股份,2017-05-17,18.3600,18.4700,17.9600,18.2000,37909502
600887,伊利股份,2017-05-18,18.1000,18.3900,18.0300,18.3500,29501969
600887,伊利股份,2017-05-19,18.3100,19.0600,18.2600,18.8600,106036133
600887,伊利股份,2017-05-22,18.8800,19.4500,18.8700,19.2500,84291546
600887,伊利股份,2017-05-23,19.3000,19.5800,19.1100,19.3300,84322612
600887,伊利股份,2017-05-24,19.2600,19.4200,18.7600,18.8700,70826578
600887,伊利股份,2017-05-25,18.9000,19.3600,18.9000,19.3100,62654071
600887,伊利股份,2017-05-26,19.3100,19.6300,19.2200,19.5100,60002743
600887,伊利股份,2017-05-31,19.5000,20.0000,19.3300,19.4100,65217750
600887,伊利股份,2017-06-01,19.5000,19.5600,19.2400,19.4400,39585591
600887,伊利股份,2017-06-02,19.5400,19.5400,19.0100,19.2000,48478437
600887,伊利股份,2017-06-05,19.1200,19.2400,18.8600,18.9900,53383672
600887,伊利股份,2017-06-06,18.9400,19.3100,18.8900,19.3000,48258898
600887,伊利股份,2017-06-07,19.3600,19.7400,19.1000,19.2500,100247794
600887,伊利股份,2017-06-08,19.2500,20.5200,19.1500,20.4800,143047536
600887,伊利股份,2017-06-09,20.3200,20.5200,20.2500,20.4300,92380720
600887,伊利股份,2017-06-12,20.4600,20.8800,20.2100,20.5200,94999920
600887,伊利股份,2017-06-13,20.5800,20.6800,20.2500,20.5500,53656258
600887,伊利股份,2017-06-14,20.5500,20.5500,19.8900,20.0000,81813531
600887,伊利股份,2017-06-15,20.0100,20.1600,19.6900,19.9100,64374433
600887,伊利股份,2017-06-16,19.9700,20.0300,19.6600,19.8300,48349645
600887,伊利股份,2017-06-19,19.9000,20.0700,19.7500,20.0100,53794940
600887,伊利股份,2017-06-20,20.0000,20.0500,19.7200,19.8200,49530192
600887,伊利股份,2017-06-21,19.9900,20.6500,19.8400,20.5900,101782954
600887,伊利股份,2017-06-22,20.5800,20.6600,20.3000,20.6400,98323941
600887,伊利股份,2017-06-23,20.5000,21.0500,20.4500,20.9700,85018821
600887,伊利股份,2017-06-26,21.1700,21.3800,20.7600,20.9100,95818576
600887,伊利股份,2017-06-27,21.0000,21.3900,20.8400,21.3000,77986404
600887,伊利股份,2017-06-28,21.3000,21.3000,20.7300,20.7900,64592606
600887,伊利股份,2017-06-29,20.8700,21.5800,20.7200,21.4800,80856245
600887,伊利股份,2017-06-30,21.4400,21.6800,21.2600,21.5900,55201936
600887,伊利股份,2017-07-03,21.7400,21.7800,21.2100,21.3300,56971200
600887,伊利股份,2017-07-04,21.2000,21.2200,20.8200,20.9200,54882881
600887,伊利股份,2017-07-05,20.9200,21.1500,20.7400,21.1100,60327581
600887,伊利股份,2017-07-06,21.1500,21.1500,20.6600,20.8000,58925591
600887,伊利股份,2017-07-07,20.8700,20.9200,20.3300,20.4100,65855702
600887,伊利股份,2017-07-10,20.3700,20.6000,20.2200,20.5100,45906266
600887,伊利股份,2017-07-11,20.4200,21.0800,20.4000,20.8900,66061562
600887,伊利股份,2017-07-12,20.8900,21.0600,20.7100,20.8400,51054862
600887,伊利股份,2017-07-13,20.7900,20.8800,20.4300,20.5300,56190854
600887,伊利股份,2017-07-14,20.5100,20.9600,20.2400,20.9000,57134596
600887,伊利股份,2017-07-17,20.9000,21.0500,20.4000,20.8100,71105356
600887,伊利股份,2017-07-18,20.7100,20.8200,20.2300,20.4400,52189909
600887,伊利股份,2017-07-19,20.3300,20.6700,20.2800,20.4600,55130625
600887,伊利股份,2017-07-20,20.4500,20.8400,20.3400,20.7300,63613637
600887,伊利股份,2017-07-21,20.6700,20.9600,20.6600,20.7400,54143477
600887,伊利股份,2017-07-24,20.7000,21.3500,20.5800,21.1900,69091833
600887,伊利股份,2017-07-25,21.1500,21.3600,20.9600,21.0200,44249772
600887,伊利股份,2017-07-26,21.0200,21.1400,20.3200,20.6300,65099446
600887,伊利股份,2017-07-27,20.6300,20.6900,20.3100,20.3800,39489728
600887,伊利股份,2017-07-28,20.3800,20.6500,20.3100,20.4900,26019846
600887,伊利股份,2017-07-31,20.5200,20.9200,20.4900,20.6300,43660947
600887,伊利股份,2017-08-01,20.6300,20.8300,20.3000,20.7200,41464060
600887,伊利股份,2017-08-02,20.7000,21.2700,20.6600,21.2100,79326380
600887,伊利股份,2017-08-03,21.2400,21.4800,20.9700,21.2900,61729532
600887,伊利股份,2017-08-04,21.4100,21.4800,20.6800,20.7100,53637944
600887,伊利股份,2017-08-07,20.6500,21.6500,20.5500,21.5200,65830148
600887,伊利股份,2017-08-08,21.5400,21.7400,21.3000,21.5400,55683382
600887,伊利股份,2017-08-09,21.5800,23.5000,21.5800,23.1100,144371645
600887,伊利股份,2017-08-10,22.9000,23.3600,22.7600,23.0600,82492712
600887,伊利股份,2017-08-11,22.8100,23.0000,22.3300,22.3900,65785145
600887,伊利股份,2017-08-14,22.4500,23.8000,22.4500,22.9500,85919379
600887,伊利股份,2017-08-15,22.9500,23.4700,22.9100,23.0700,59546527
600887,伊利股份,2017-08-16,23.0000,23.0600,22.6400,22.8100,34775160
600887,伊利股份,2017-08-17,22.9000,23.2500,22.8100,22.8800,32845943
600887,伊利股份,2017-08-18,22.8000,23.0200,22.7600,22.9900,32711775
600887,伊利股份,2017-08-21,23.0000,23.4700,22.9800,23.1100,28882769
600887,伊利股份,2017-08-22,23.1100,23.3400,23.0400,23.2700,32013616
600887,伊利股份,2017-08-23,23.3300,23.4900,23.0600,23.1500,22187385
600887,伊利股份,2017-08-24,23.1600,23.2000,22.5400,22.6700,52218714
600887,伊利股份,2017-08-25,22.6900,22.9000,22.5700,22.8700,34299787
600887,伊利股份,2017-08-28,22.9500,23.2000,22.3200,22.5500,93950227
600887,伊利股份,2017-08-29,22.5900,22.6900,22.2700,22.5700,40716387
600887,伊利股份,2017-08-30,22.6000,22.7700,22.3700,22.5400,46457975
600887,伊利股份,2017-08-31,23.2000,23.4600,22.9200,23.3200,111871519
600887,伊利股份,2017-09-01,23.4000,24.0100,23.3200,23.4000,81720627
600887,伊利股份,2017-09-04,23.5500,23.7500,23.1300,23.4900,51415610
600887,伊利股份,2017-09-05,23.5200,24.0900,23.5100,24.0700,59348150
600887,伊利股份,2017-09-06,24.1200,24.2200,23.8200,24.0000,35595350
600887,伊利股份,2017-09-07,24.0000,24.0000,23.4500,23.4600,39074778
600887,伊利股份,2017-09-08,23.5100,23.7000,23.3600,23.6800,26944660
600887,伊利股份,2017-09-11,23.6900,23.7200,23.2200,23.2400,52836164
600887,伊利股份,2017-09-12,23.3800,23.5600,23.2200,23.5000,29687349
600887,伊利股份,2017-09-13,23.5800,23.7000,23.3100,23.5600,27311931
600887,伊利股份,2017-09-14,23.6000,23.6900,23.3000,23.5800,28321844
600887,伊利股份,2017-09-15,23.6000,24.3700,23.5600,24.2400,56834634
600887,伊利股份,2017-09-18,24.2400,24.7100,24.0700,24.3800,44117942
600887,伊利股份,2017-09-19,24.4900,24.5300,24.1800,24.3600,31551257
600887,伊利股份,2017-09-20,24.4000,25.0500,24.4000,24.8400,53401712
600887,伊利股份,2017-09-21,25.0000,25.4000,24.7100,25.1900,45524555
600887,伊利股份,2017-09-22,25.0100,25.3900,24.7800,25.3200,43205560
600887,伊利股份,2017-09-25,25.3300,25.9500,25.3200,25.7900,54060416
600887,伊利股份,2017-09-26,25.7800,25.8900,25.2800,25.8000,35700824
600887,伊利股份,2017-09-27,25.5300,25.9200,25.4300,25.4400,35209788
600887,伊利股份,2017-09-28,25.4100,26.6600,25.3000,26.4000,57290172
600887,伊利股份,2017-09-29,26.8000,27.8800,26.8000,27.5000,69454945
600887,伊利股份,2017-10-09,28.0000,28.3200,27.5000,27.7900,52370569
600887,伊利股份,2017-10-10,27.7900,28.7300,26.9000,27.5900,75525986
600887,伊利股份,2017-10-11,27.6000,28.6800,27.6000,28.5700,51625644
600887,伊利股份,2017-10-12,28.4500,28.6000,28.0200,28.4900,49904800
600887,伊利股份,2017-10-13,28.1300,28.3000,27.5700,27.6000,74957568
600887,伊利股份,2017-10-16,27.5000,28.3300,27.5000,27.6900,55221488
600887,伊利股份,2017-10-17,27.6500,28.1000,27.5400,27.9000,41074923
600887,伊利股份,2017-10-18,27.9300,29.6100,27.7300,29.5400,75697056
600887,伊利股份,2017-10-19,29.4500,29.8000,29.0600,29.7600,59500409
600887,伊利股份,2017-10-20,29.5200,29.6000,28.8200,29.1700,43123438
600887,伊利股份,2017-10-23,29.1900,29.9800,29.1900,29.5000,41977900
600887,伊利股份,2017-10-24,29.5000,29.9900,29.2300,29.6800,49080760
600887,伊利股份,2017-10-25,29.7600,29.9000,29.4400,29.7900,30845262
600887,伊利股份,2017-10-26,29.9100,31.2200,29.4600,29.7400,86108291
600887,伊利股份,2017-10-27,29.5200,30.2900,28.8500,30.1900,75347249
600887,伊利股份,2017-10-30,30.1500,30.4100,29.3500,30.3600,63953018
600887,伊利股份,2017-10-31,29.8000,30.2300,29.2200,29.5500,81140621
600887,伊利股份,2017-11-01,29.5600,29.6500,28.2600,28.5200,111095691
600887,伊利股份,2017-11-02,28.3500,28.9400,28.3200,28.7700,58536597
600887,伊利股份,2017-11-03,28.8300,29.6700,28.8100,29.4000,75541816
600887,伊利股份,2017-11-06,29.7000,31.0000,29.7000,30.6800,89631645
600887,伊利股份,2017-11-07,30.7000,31.3900,29.9000,30.2800,96305784
600887,伊利股份,2017-11-08,30.1900,30.5000,29.5000,29.8300,84432386
600887,伊利股份,2017-11-09,29.8700,30.0000,28.8600,29.7900,73424608
600887,伊利股份,2017-11-10,29.7300,31.0000,29.5800,30.8500,103904619
600887,伊利股份,2017-11-13,30.8700,30.9500,30.3100,30.5300,66596043
600887,伊利股份,2017-11-14,30.6900,30.8700,29.2500,29.2800,79744487
600887,伊利股份,2017-11-15,29.1600,29.8300,29.1000,29.3700,64719605
600887,伊利股份,2017-11-16,29.3700,30.6500,29.3000,30.6000,89348524
600887,伊利股份,2017-11-17,30.2000,31.5400,29.8600,31.5100,141501788
600887,伊利股份,2017-11-20,31.1600,31.3600,30.3800,31.2000,83599258
600887,伊利股份,2017-11-21,31.1600,32.4600,31.1200,32.2600,113691161
600887,伊利股份,2017-11-22,32.2400,33.2600,31.6200,31.9500,105652370
600887,伊利股份,2017-11-23,31.8000,31.8000,30.3600,30.6000,92784703
600887,伊利股份,2017-11-24,30.2900,30.4000,28.8300,30.0000,120041729
600887,伊利股份,2017-11-27,29.6500,30.0600,28.5700,29.9700,90959979
600887,伊利股份,2017-11-28,29.7900,30.1900,29.2600,29.7200,54537379
600887,伊利股份,2017-11-29,29.8100,29.9900,28.6800,28.7300,69805504
600887,伊利股份,2017-11-30,28.7000,29.3600,28.3100,28.6800,54729081
600887,伊利股份,2017-12-01,28.8000,29.0500,28.2500,28.7500,43353491
600887,伊利股份,2017-12-04,28.5000,29.8800,28.3500,29.6000,55942585
600887,伊利股份,2017-12-05,29.5400,30.4700,29.4200,30.1600,81524548
600887,伊利股份,2017-12-06,29.9000,30.1700,29.1100,29.4900,51232289
600887,伊利股份,2017-12-07,29.4500,29.8000,28.8000,28.9100,38483023
600887,伊利股份,2017-12-08,28.7900,29.5800,28.7500,29.4000,44955875
600887,伊利股份,2017-12-11,29.5800,30.8200,29.5000,30.8100,69244960
600887,伊利股份,2017-12-12,30.9500,31.1500,30.4500,30.5500,53276153
600887,伊利股份,2017-12-13,30.5400,31.8500,30.5000,31.7000,72898044
600887,伊利股份,2017-12-14,31.8000,31.9400,31.2800,31.9000,54395198
600887,伊利股份,2017-12-15,31.7000,32.2500,31.1800,31.5400,105506820
600887,伊利股份,2017-12-18,31.0600,32.2100,31.0600,31.8300,74349660
600887,伊利股份,2017-12-19,31.8000,32.1500,31.5100,31.9600,56093985
600887,伊利股份,2017-12-20,32.1000,33.3500,32.0500,33.1300,94212569
600887,伊利股份,2017-12-21,33.1600,33.5000,32.6800,33.2900,62062104
600887,伊利股份,2017-12-22,33.2000,33.7000,32.8800,33.1600,35851250
600887,伊利股份,2017-12-25,33.1800,33.5900,32.7400,33.0600,45894113
600887,伊利股份,2017-12-26,33.0900,33.1700,31.9200,32.3800,52513749
600887,伊利股份,2017-12-27,32.0900,32.5400,31.5600,31.6700,46342071
600887,伊利股份,2017-12-28,32.0400,32.5600,31.7300,32.0800,51440397
600887,伊利股份,2017-12-29,32.2000,32.5900,31.9900,32.1900,41381339
600887,伊利股份,2018-01-02,32.4100,32.5400,31.3800,31.9500,61011477
600887,伊利股份,2018-01-03,32.0100,32.9800,32.0100,32.6100,59795549
600887,伊利股份,2018-01-04,32.6000,33.8300,32.5000,33.4200,92831705
600887,伊利股份,2018-01-05,33.7000,34.1500,33.2700,33.4300,52801464
600887,伊利股份,2018-01-08,33.3700,33.9500,33.1000,33.5600,50572135
600887,伊利股份,2018-01-09,33.4500,34.8200,33.3800,34.5900,70384210
600887,伊利股份,2018-01-10,34.5000,34.8800,34.2000,34.6200,48159079
600887,伊利股份,2018-01-11,34.4000,34.5400,34.0600,34.2300,32772283
600887,伊利股份,2018-01-12,34.3000,34.8500,33.7500,34.8200,49584289
600887,伊利股份,2018-01-15,35.0200,35.5300,34.1900,34.3900,66924871
600887,伊利股份,2018-01-16,34.3300,35.9300,34.0500,34.5400,87771313
600887,伊利股份,2018-01-17,35.0000,35.4000,34.3300,34.5900,82751341
600887,伊利股份,2018-01-18,35.5000,35.6000,34.2300,34.2500,80371542
600887,伊利股份,2018-01-19,34.1500,34.4500,33.4400,33.6100,73560746
600887,伊利股份,2018-01-22,33.6300,35.0300,33.6000,34.9900,79876569
600887,伊利股份,2018-01-23,35.1600,35.6900,34.6900,35.4600,56586678
600887,伊利股份,2018-01-24,35.5300,35.6400,34.8500,35.0500,37330756
600887,伊利股份,2018-01-25,35.5700,35.5800,34.2500,34.4000,41822741
600887,伊利股份,2018-01-26,34.2600,34.8900,34.1700,34.6400,38995931
600887,伊利股份,2018-01-29,34.9000,35.1700,33.1000,33.4700,60510774
600887,伊利股份,2018-01-30,33.0100,33.4500,32.6200,33.3300,54215596
600887,伊利股份,2018-01-31,33.3500,34.3000,33.1700,34.1000,45897633
600887,伊利股份,2018-02-01,34.1900,35.0000,33.9300,34.6200,54877097
600887,伊利股份,2018-02-02,34.0000,34.9700,33.8500,34.6800,37633208
600887,伊利股份,2018-02-05,34.0000,34.4900,32.6900,33.0200,87960592
600887,伊利股份,2018-02-06,31.9000,33.0300,31.4000,33.0100,130253019
600887,伊利股份,2018-02-07,33.0300,33.1800,31.0200,31.5200,95077024
600887,伊利股份,2018-02-08,31.3000,32.0200,31.0100,31.5100,51629632
600887,伊利股份,2018-02-09,30.1200,31.3100,29.7500,31.2500,104025892
600887,伊利股份,2018-02-12,31.0000,32.0200,30.7200,31.6500,48197043
600887,伊利股份,2018-02-13,31.8000,32.7900,31.8000,32.3000,45479082
600887,伊利股份,2018-02-14,32.2000,32.5300,32.0000,32.2500,23957234
600887,伊利股份,2018-02-22,32.9000,34.3500,32.6000,34.2500,55775784
600887,伊利股份,2018-02-23,34.3800,34.4700,33.6600,33.9900,35959982
600887,伊利股份,2018-02-26,34.3000,34.4600,33.9000,34.1800,39412010
600887,伊利股份,2018-02-27,34.5000,34.5300,33.3500,33.6900,51979471
600887,伊利股份,2018-02-28,33.3000,33.3000,32.1400,32.4500,54709452
600887,伊利股份,2018-03-01,32.2600,32.9000,32.1000,32.4100,40831729
600887,伊利股份,2018-03-02,32.0500,32.9100,31.8900,32.2700,42605806
600887,伊利股份,2018-03-05,32.2000,32.7000,31.7900,32.3800,36368716
600887,伊利股份,2018-03-06,32.4000,32.6500,31.5000,31.9900,66480711
600887,伊利股份,2018-03-07,31.9500,32.0600,30.5100,30.9400,97920621
600887,伊利股份,2018-03-08,30.0100,31.5500,29.8000,31.5000,129995866
600887,伊利股份,2018-03-09,31.3800,31.6900,30.7200,31.0900,87301599
600887,伊利股份,2018-03-12,31.0200,31.5000,30.1000,30.9000,112578543
600887,伊利股份,2018-03-13,30.9800,31.8300,30.8700,31.3300,85811413
600887,伊利股份,2018-03-14,31.3300,31.5600,31.1100,31.3900,45250156
600887,伊利股份,2018-03-15,31.3000,32.1800,31.1900,32.0400,64586759
600887,伊利股份,2018-03-16,32.0400,32.1700,30.9300,30.9800,63348281
600887,伊利股份,2018-03-19,31.0000,31.0000,30.3200,30.6500,64533970
600887,伊利股份,2018-03-20,30.4400,31.0800,30.3500,30.8700,41146733
600887,伊利股份,2018-03-21,30.9000,30.9800,30.1000,30.4700,50767910
600887,伊利股份,2018-03-22,30.4000,30.4500,28.6400,28.7200,111363137
600887,伊利股份,2018-03-23,27.8600,28.6000,27.0200,28.3000,103823963
600887,伊利股份,2018-03-26,28.4400,29.4700,27.0500,27.3000,162885526
600887,伊利股份,2018-03-27,28.1700,28.3900,27.5100,28.3800,108491493
600887,伊利股份,2018-03-28,28.0000,28.0900,26.8800,26.9300,89590142
600887,伊利股份,2018-03-29,27.0800,28.5500,26.5800,27.9800,96659264
600887,伊利股份,2018-03-30,28.0300,29.1000,27.8200,28.4900,70200290
600887,伊利股份,2018-04-02,28.6500,28.8000,27.7900,27.9600,56117353
600887,伊利股份,2018-04-03,28.0700,28.6000,27.7800,28.5100,56594798
600887,伊利股份,2018-04-04,28.7000,30.2800,28.7000,29.7500,107340356
600887,伊利股份,2018-04-09,29.9000,29.9300,28.3200,28.6000,115271676
600887,伊利股份,2018-04-10,28.7500,28.7600,27.6500,28.6400,88930981
600887,伊利股份,2018-04-11,28.6500,29.6900,28.3000,29.4300,81711154
600887,伊利股份,2018-04-12,29.3000,29.4300,28.8100,28.9100,45597104
600887,伊利股份,2018-04-13,29.1500,29.4300,28.2100,28.3700,41614965
600887,伊利股份,2018-04-16,28.0000,28.6500,27.5600,28.0100,48701171
600887,伊利股份,2018-04-17,27.9900,28.5500,27.8000,27.8100,35537296
600887,伊利股份,2018-04-18,28.2000,28.3600,27.3600,28.0900,52541890
600887,伊利股份,2018-04-19,28.2400,29.2300,28.1300,28.9500,76250351
600887,伊利股份,2018-04-20,28.8800,28.9000,27.7000,27.8200,67505476
600887,伊利股份,2018-04-23,27.7000,28.4200,27.3700,28.2600,59697266
600887,伊利股份,2018-04-24,28.4900,29.5800,28.4900,29.1100,94327776
600887,伊利股份,2018-04-25,29.0000,29.8800,28.9700,29.7500,53366874
600887,伊利股份,2018-04-26,29.8500,29.9000,28.8000,29.2000,45142997
600887,伊利股份,2018-04-27,27.9000,27.9000,26.2800,26.2800,226844414
600887,伊利股份,2018-05-02,24.8500,25.5000,24.4000,25.2400,164110103
600887,伊利股份,2018-05-03,25.0000,25.2700,24.4600,25.1400,107509862
600887,伊利股份,2018-05-04,25.0200,25.4500,24.7400,24.8300,73104906
600887,伊利股份,2018-05-07,24.8200,26.1700,24.2500,25.9700,154799318
600887,伊利股份,2018-05-08,25.8100,26.5900,25.6600,26.3000,120995801
600887,伊利股份,2018-05-09,26.3200,26.6800,26.0200,26.2300,73882658
600887,伊利股份,2018-05-10,26.4000,26.5500,25.9800,26.3800,61766293
600887,伊利股份,2018-05-11,26.5200,26.5500,25.7200,25.9100,74538300
600887,伊利股份,2018-05-14,25.9700,27.0500,25.9500,27.0400,122529899
600887,伊利股份,2018-05-15,27.1000,27.1800,26.7000,27.0700,75994174
600887,伊利股份,2018-05-16,27.1700,28.0000,27.1500,27.5700,96320448
600887,伊利股份,2018-05-17,27.5700,27.6100,27.1000,27.2500,51161609
600887,伊利股份,2018-05-18,27.2000,27.5100,26.7800,27.4800,49283547
600887,伊利股份,2018-05-21,27.5600,27.7500,27.0500,27.2900,60896639
600887,伊利股份,2018-05-22,27.2800,27.4500,26.9800,27.2800,43129608
600887,伊利股份,2018-05-23,27.1100,27.1300,26.2700,26.2900,83084922
600887,伊利股份,2018-05-24,26.4300,26.5700,25.8000,25.9500,68845268
600887,伊利股份,2018-05-25,25.8700,26.3500,25.7200,26.0000,49039399
600887,伊利股份,2018-05-28,25.9900,26.8800,25.7800,26.8200,81193709
600887,伊利股份,2018-05-29,26.8300,28.2500,26.8300,27.5800,139797049
600887,伊利股份,2018-05-30,27.2300,28.6500,26.9100,28.2200,151429928
600887,伊利股份,2018-05-31,29.2500,31.0400,29.2500,31.0300,265843171
600887,伊利股份,2018-06-01,30.7000,31.1000,29.9100,30.2100,114001353
600887,伊利股份,2018-06-04,30.6000,31.2500,30.2600,31.0000,108821691
600887,伊利股份,2018-06-05,31.2000,31.9800,30.6000,31.6300,85989053
600887,伊利股份,2018-06-06,31.4300,31.9100,31.0700,31.2600,56538503
600887,伊利股份,2018-06-07,31.5500,31.6000,30.5700,30.7700,62516823
600887,伊利股份,2018-06-08,30.8400,30.9900,30.1100,30.7000,54869905
600887,伊利股份,2018-06-11,30.5300,31.2000,30.4000,30.8700,56853755
600887,伊利股份,2018-06-12,31.1900,32.1000,30.8000,31.8300,86836785
600887,伊利股份,2018-06-13,31.8500,31.9500,31.1000,31.3400,56217975
600887,伊利股份,2018-06-14,31.1100,31.3100,30.2500,30.5100,64212105
600887,伊利股份,2018-06-15,29.9300,30.0300,29.2300,29.6300,59545629
600887,伊利股份,2018-06-19,29.2100,29.5800,27.7300,28.2100,96509472
600887,伊利股份,2018-06-20,28.2500,29.2000,28.2500,29.0100,72881064
600887,伊利股份,2018-06-21,29.1000,30.1100,28.9500,29.3400,69291866
600887,伊利股份,2018-06-22,29.0100,29.8400,28.9000,29.6600,38085995
600887,伊利股份,2018-06-25,29.8900,30.0000,28.6500,28.7900,61068435
600887,伊利股份,2018-06-26,28.4500,29.2400,28.2400,28.9800,49685011
600887,伊利股份,2018-06-27,28.8000,28.9300,27.1200,27.5000,83910632
600887,伊利股份,2018-06-28,27.1600,27.6300,26.6800,27.0100,54783819
600887,伊利股份,2018-06-29,27.2200,28.1000,27.0500,27.9000,55500092
600887,伊利股份,2018-07-02,27.9000,28.0600,26.7200,26.9900,51857911
600887,伊利股份,2018-07-03,26.9900,27.2000,25.1100,26.5000,101411567
600887,伊利股份,2018-07-04,26.5000,27.0200,26.2000,26.2900,52036985
600887,伊利股份,2018-07-05,26.3900,27.2000,26.1600,26.3100,58202325
600887,伊利股份,2018-07-06,26.6400,27.6800,26.3100,27.4700,79508757
600887,伊利股份,2018-07-09,27.6000,28.0900,27.3600,28.0400,60646953
600887,伊利股份,2018-07-10,28.1300,28.1800,27.4700,27.9200,38767850
600887,伊利股份,2018-07-11,27.3500,27.8400,27.1200,27.7100,35103670
600887,伊利股份,2018-07-12,27.7100,28.6100,27.6100,28.1100,67379931
600887,伊利股份,2018-07-13,28.3500,28.6900,28.0300,28.5000,48221650
600887,伊利股份,2018-07-16,28.5000,28.9400,28.1300,28.4100,35846258
600887,伊利股份,2018-07-17,28.4400,28.4400,27.5800,27.6400,43536694
600887,伊利股份,2018-07-18,27.6000,28.0500,27.5100,27.6400,36354668
600887,伊利股份,2018-07-19,27.6600,27.9400,27.0000,27.1400,43008419
600887,伊利股份,2018-07-20,27.2000,27.7800,26.8200,27.5500,45796906
600887,伊利股份,2018-07-23,27.4500,27.7000,26.9000,27.5900,51129530
600887,伊利股份,2018-07-24,27.5900,28.2500,27.2700,28.0200,70820341
600887,伊利股份,2018-07-25,28.0800,28.1000,27.3900,27.5400,52535888
600887,伊利股份,2018-07-26,27.5000,27.6200,26.9100,26.9700,47926124
600887,伊利股份,2018-07-27,27.0000,27.2900,26.8200,26.9200,32056052
600887,伊利股份,2018-07-30,27.0000,27.1700,26.3200,26.6900,43466799
600887,伊利股份,2018-07-31,26.5500,26.7700,26.1100,26.4400,39535786
600887,伊利股份,2018-08-01,26.5900,26.6400,25.8100,25.8700,41558082
600887,伊利股份,2018-08-02,25.8700,25.8700,24.8000,25.0800,80055764
600887,伊利股份,2018-08-03,25.1600,25.3400,24.6600,24.9300,49687971
600887,伊利股份,2018-08-06,25.1200,25.8600,24.7600,25.3100,77137668
600887,伊利股份,2018-08-07,25.4900,26.1700,25.3600,26.1600,61727333
600887,伊利股份,2018-08-08,26.1600,26.4900,25.9200,26.0500,54115283
600887,伊利股份,2018-08-09,26.3400,27.0900,26.0700,27.0700,69032906
600887,伊利股份,2018-08-10,27.0700,27.7400,27.0000,27.4200,56991930
600887,伊利股份,2018-08-13,27.0900,27.4000,26.7000,27.2600,39088083
600887,伊利股份,2018-08-14,27.2700,27.5200,26.8000,26.9700,27308518
600887,伊利股份,2018-08-15,26.9400,27.1400,25.9600,25.9900,36622691
600887,伊利股份,2018-08-16,25.6500,26.6000,25.6300,25.9900,44082149
600887,伊利股份,2018-08-17,26.4500,26.4800,25.2400,25.5000,39264932
600887,伊利股份,2018-08-20,25.6000,25.7000,24.6700,25.4600,49636294
600887,伊利股份,2018-08-21,25.4000,26.7200,25.2800,26.6900,59481890
600887,伊利股份,2018-08-22,26.6500,26.6500,26.1900,26.6200,28821984
600887,伊利股份,2018-08-23,26.5900,26.9500,26.1100,26.4900,32350093
600887,伊利股份,2018-08-24,26.3100,26.5500,26.0500,26.3500,21019596
600887,伊利股份,2018-08-27,26.4000,27.2200,26.3500,27.1900,47980291
600887,伊利股份,2018-08-28,27.1800,27.2500,26.7600,26.8900,35144622
600887,伊利股份,2018-08-29,26.8800,26.8800,26.3800,26.5600,30537274
600887,伊利股份,2018-08-30,26.5400,26.8400,26.0500,26.0800,36292473
600887,伊利股份,2018-08-31,23.6000,24.5700,23.4700,24.2000,186102700
600887,伊利股份,2018-09-03,24.0000,24.0700,23.3400,23.7400,91703265
600887,伊利股份,2018-09-04,23.6600,24.1000,23.5000,24.0100,53421949
600887,伊利股份,2018-09-05,23.9000,24.0300,23.4000,23.4000,47926261
600887,伊利股份,2018-09-06,23.3800,23.5400,22.2500,22.4000,88877515
600887,伊利股份,2018-09-07,22.5100,22.8800,22.1200,22.4900,66255812
600887,伊利股份,2018-09-10,22.4800,22.7200,22.0600,22.6400,52217337
600887,伊利股份,2018-09-11,22.5400,23.3300,22.5400,22.9700,52299599
600887,伊利股份,2018-09-12,22.7300,22.9700,22.4000,22.4900,38093175
600887,伊利股份,2018-09-13,22.9500,23.0000,22.4200,22.8800,41200630
600887,伊利股份,2018-09-14,23.0900,23.4500,22.8500,23.2300,46014016
600887,伊利股份,2018-09-17,23.0100,23.5500,22.9500,23.2300,35273159
600887,伊利股份,2018-09-18,23.0000,23.8100,22.9500,23.6300,45394848
600887,伊利股份,2018-09-19,23.6500,24.4200,23.5000,24.0300,61630109
600887,伊利股份,2018-09-20,24.0800,24.4200,24.0000,24.2400,36706416
600887,伊利股份,2018-09-21,24.4800,25.0000,24.0200,24.9200,57939919
600887,伊利股份,2018-09-25,24.6500,24.8800,24.4900,24.6300,28374354
600887,伊利股份,2018-09-26,24.8500,25.6800,24.7100,25.3000,58494764
600887,伊利股份,2018-09-27,25.3200,25.3400,24.9500,25.1800,31283187
600887,伊利股份,2018-09-28,25.2100,25.7500,25.2100,25.6800,38412591
600887,伊利股份,2018-10-08,25.0000,25.0100,24.1500,24.2200,52793028
600887,伊利股份,2018-10-09,24.3000,24.9700,24.2500,24.8600,36955785
600887,伊利股份,2018-10-10,24.9800,25.3900,24.4100,24.9500,36851079
600887,伊利股份,2018-10-11,24.0000,24.8200,23.8800,24.1900,55419303
600887,伊利股份,2018-10-12,24.5000,25.3900,24.2000,25.2900,55057488
600887,伊利股份,2018-10-15,25.2500,25.6800,24.9500,25.1400,50058157
600887,伊利股份,2018-10-16,25.1500,25.7600,24.7200,25.0100,42661525
600887,伊利股份,2018-10-17,25.4000,25.4400,23.7000,24.3200,63723065
600887,伊利股份,2018-10-18,24.1200,24.5700,23.5900,23.9600,47115004
600887,伊利股份,2018-10-19,24.0100,25.2300,23.9200,25.0700,55613661
600887,伊利股份,2018-10-22,25.5800,26.8000,25.5600,26.4900,95972901
600887,伊利股份,2018-10-23,26.4000,26.4500,25.2500,25.6400,63834791
600887,伊利股份,2018-10-24,25.6300,25.8400,23.5000,23.8000,140278050
600887,伊利股份,2018-10-25,23.0500,23.5900,22.8000,23.4400,90333497
600887,伊利股份,2018-10-26,23.5400,23.6600,22.7100,22.8100,64302420
600887,伊利股份,2018-10-29,22.4900,22.4900,20.6000,21.0400,87398887
600887,伊利股份,2018-10-30,21.5000,21.7800,20.7000,21.3700,71287162
600887,伊利股份,2018-10-31,21.3100,22.2100,21.3000,22.0800,58550943
600887,伊利股份,2018-11-01,22.4400,22.8700,22.2100,22.3100,56892747

