Stkcd,Lstknm,TrdDt,Oppr,Hipr,Lopr,Clpr,Trdvol
000509,华塑控股,2001-01-02,14.1800,14.5500,14.1500,14.5400,508350
000509,华塑控股,2001-01-03,14.4500,15.1200,14.3100,14.8300,2983507
000509,华塑控股,2001-01-04,14.8400,14.9000,14.7200,14.7900,555850
000509,华塑控股,2001-01-05,14.7800,14.8000,14.2800,14.3600,1464319
000509,华塑控股,2001-01-08,14.3000,14.3000,13.7900,13.8700,1662023
000509,华塑控股,2001-01-09,13.8000,14.8900,13.7500,14.5900,3684441
000509,华塑控股,2001-01-10,14.5900,14.6000,14.3000,14.3900,602764
000509,华塑控股,2001-01-11,14.4000,14.5000,14.2400,14.4000,577199
000509,华塑控股,2001-01-12,14.4000,14.4500,14.2000,14.2400,328935
000509,华塑控股,2001-01-15,14.3000,14.3000,13.9500,13.9800,443727
000509,华塑控股,2001-01-16,13.7000,14.0800,13.5100,13.9900,237785
000509,华塑控股,2001-01-17,14.0200,14.0200,13.8100,13.8500,209889
000509,华塑控股,2001-01-18,14.0000,14.0500,13.7800,13.8500,310593
000509,华塑控股,2001-01-19,13.8500,14.4800,13.8000,14.0000,158253
000509,华塑控股,2001-02-05,14.1000,14.1000,13.8200,13.8400,207285
000509,华塑控股,2001-02-06,13.8400,13.8400,13.0000,13.4500,499650
000509,华塑控股,2001-02-07,13.4800,13.5000,13.2500,13.2800,142150
000509,华塑控股,2001-02-08,13.2500,13.2700,12.9800,12.9900,258100
000509,华塑控股,2001-02-09,13.0000,13.4800,13.0000,13.4200,511934
000509,华塑控股,2001-02-12,13.4200,13.4200,13.0200,13.0900,315367
000509,华塑控股,2001-02-13,13.0900,13.1100,12.7800,12.9500,525335
000509,华塑控股,2001-02-14,13.0000,13.0000,12.8500,12.9600,200800
000509,华塑控股,2001-02-15,12.9600,13.1000,12.8800,12.9300,197768
000509,华塑控股,2001-02-16,12.9300,12.9600,12.7000,12.9500,353145
000509,华塑控股,2001-02-19,12.8800,13.0500,12.8600,13.0200,413802
000509,华塑控股,2001-02-20,13.0500,13.3700,12.9000,12.9800,221700
000509,华塑控股,2001-02-21,12.9100,12.9100,12.2000,12.4800,329190
000509,华塑控股,2001-02-22,12.3000,12.3500,12.0000,12.0000,225170
000509,华塑控股,2001-02-23,12.0000,12.0000,11.5100,11.8000,446274
000509,华塑控股,2001-02-26,11.8000,12.2000,11.8000,12.0700,237300
000509,华塑控股,2001-02-27,12.2000,12.3000,12.0500,12.2500,213011
000509,华塑控股,2001-02-28,12.4400,12.4400,12.0500,12.2100,207819
000509,华塑控股,2001-03-01,12.2200,12.2800,12.1000,12.1300,276779
000509,华塑控股,2001-03-02,12.2000,12.3500,12.1000,12.3500,275242
000509,华塑控股,2001-03-05,12.3500,12.7800,12.2900,12.7300,447129
000509,华塑控股,2001-03-06,12.8000,12.8000,12.6000,12.6400,324470
000509,华塑控股,2001-03-07,12.7500,12.9500,12.6400,12.7000,138900
000509,华塑控股,2001-03-08,12.7000,12.7800,12.6500,12.7500,189129
000509,华塑控股,2001-03-09,12.8000,13.0600,12.6800,12.9300,448506
000509,华塑控股,2001-03-12,13.0000,13.0000,12.6800,12.6900,355700
000509,华塑控股,2001-03-13,12.5500,12.6800,12.2000,12.4700,389800
000509,华塑控股,2001-03-14,12.2300,12.5000,12.2300,12.4900,191634
000509,华塑控股,2001-03-15,12.5000,12.6500,12.4800,12.6200,265015
000509,华塑控股,2001-03-16,12.7000,13.3800,12.5000,13.2400,1710592
000509,华塑控股,2001-03-19,13.4500,13.6000,13.1000,13.1200,2300010
000509,华塑控股,2001-03-20,13.2400,13.5000,13.2400,13.4000,692958
000509,华塑控股,2001-03-21,13.4000,13.7000,13.3900,13.6100,519118
000509,华塑控股,2001-03-22,13.7000,13.7400,13.4000,13.4600,507264
000509,华塑控股,2001-03-23,13.4600,13.5000,12.9900,13.0000,1742660
000509,华塑控股,2001-03-26,12.9500,13.2500,12.8000,13.2500,1801706
000509,华塑控股,2001-03-27,13.2900,13.5500,13.2900,13.5400,1006036
000509,华塑控股,2001-03-28,13.5800,13.6800,13.3000,13.6500,1887384
000509,华塑控股,2001-03-29,13.6800,13.8400,13.5000,13.5600,1544198
000509,华塑控股,2001-03-30,13.5600,14.0100,13.4400,13.9000,4926623
000509,华塑控股,2001-04-03,14.0000,14.0000,13.6500,13.7700,628392
000509,华塑控股,2001-04-04,13.8000,13.8000,13.0000,13.4200,2647907
000509,华塑控股,2001-04-05,13.3100,13.5200,13.2500,13.4000,985173
000509,华塑控股,2001-04-06,13.4500,13.5400,13.1800,13.2000,971146
000509,华塑控股,2001-04-09,13.2000,13.5000,12.9500,13.4800,1944215
000509,华塑控股,2001-04-10,13.5000,13.5500,13.3000,13.4000,345028
000509,华塑控股,2001-04-11,13.4400,13.5900,13.3800,13.5200,390519
000509,华塑控股,2001-04-12,13.4000,13.8500,13.4000,13.8000,1017161
000509,华塑控股,2001-04-13,13.8000,13.9200,13.7000,13.8900,945570
000509,华塑控股,2001-04-16,13.9200,13.9800,13.7700,13.8400,548817
000509,华塑控股,2001-04-17,13.8500,14.3300,13.0000,14.1900,2117137
000509,华塑控股,2001-04-18,14.1500,14.3500,14.0300,14.1900,1001707
000509,华塑控股,2001-04-19,14.2500,14.3000,14.0000,14.1700,873903
000509,华塑控股,2001-04-20,14.2000,14.5600,14.0000,14.0100,1216285
000509,华塑控股,2001-04-23,13.8800,14.2000,13.8500,13.8700,490864
000509,华塑控股,2001-04-24,13.8500,14.0000,13.7500,13.7800,399445
000509,华塑控股,2001-04-25,13.7800,14.0500,13.5600,13.6000,596546
000509,华塑控股,2001-04-26,13.6000,13.7000,13.5100,13.6000,404200
000509,华塑控股,2001-04-27,13.6000,13.7200,13.6000,13.6000,292000
000509,华塑控股,2001-04-30,13.5500,13.6500,13.5400,13.5400,185750
000509,华塑控股,2001-05-08,13.5600,13.8400,13.4500,13.8100,312713
000509,华塑控股,2001-05-09,13.4200,13.8500,13.4200,13.8000,277257
000509,华塑控股,2001-05-10,13.8000,14.1000,13.7800,13.9900,369854
000509,华塑控股,2001-05-11,14.0000,14.1900,14.0000,14.1300,587796
000509,华塑控股,2001-05-14,14.2000,14.2700,14.0000,14.2100,677081
000509,华塑控股,2001-05-15,14.2500,14.3100,14.1000,14.2400,735913
000509,华塑控股,2001-05-16,14.2000,14.8000,14.1500,14.6100,2067545
000509,华塑控股,2001-05-17,14.7000,14.7000,14.5000,14.5800,828030
000509,华塑控股,2001-05-18,14.5500,14.6500,13.6000,14.1000,817800
000509,华塑控股,2001-05-21,14.8000,14.8000,14.4000,14.5200,937435
000509,华塑控股,2001-05-22,14.5300,14.6900,14.4100,14.4600,387600
000509,华塑控股,2001-05-23,14.4000,14.6200,14.2000,14.6000,1023429
000509,华塑控股,2001-05-24,14.5800,14.8300,14.4500,14.7100,2358659
000509,华塑控股,2001-05-25,14.7100,15.0000,14.6500,14.9800,1388372
000509,华塑控股,2001-05-28,14.9800,15.0700,14.7200,14.8000,3592705
000509,华塑控股,2001-05-29,14.8000,14.9500,14.5000,14.6900,2019265
000509,华塑控股,2001-05-30,14.4500,14.7000,14.4500,14.5700,574247
000509,华塑控股,2001-05-31,14.5900,14.9000,14.5800,14.7500,3549843
000509,华塑控股,2001-06-01,14.8000,14.9000,14.6800,14.7800,463945
000509,华塑控股,2001-06-04,14.9000,14.9000,14.4900,14.5500,805800
000509,华塑控股,2001-06-05,14.5000,14.6600,14.4000,14.4400,527293
000509,华塑控股,2001-06-06,14.5000,14.5000,14.2800,14.3600,636459
000509,华塑控股,2001-06-07,14.3000,14.5500,14.2800,14.3000,687000
000509,华塑控股,2001-06-08,14.3000,14.4900,14.1600,14.4800,583179
000509,华塑控股,2001-06-11,14.3500,14.5500,14.3000,14.3500,306534
000509,华塑控股,2001-06-12,14.3500,14.4900,14.0400,14.3200,546364
000509,华塑控股,2001-06-13,14.3500,14.5000,14.3200,14.4400,1240833
000509,华塑控股,2001-06-14,14.4500,14.5100,14.1000,14.1100,555732
000509,华塑控股,2001-06-15,14.1100,14.2200,13.8000,13.8400,980577
000509,华塑控股,2001-06-18,13.8000,13.8000,13.4600,13.4900,646678
000509,华塑控股,2001-06-19,13.4800,13.7900,13.3100,13.7000,258338
000509,华塑控股,2001-06-20,13.7100,13.7100,13.5000,13.5300,176115
000509,华塑控股,2001-06-21,13.5000,13.6500,13.4600,13.6000,201864
000509,华塑控股,2001-06-22,13.7000,13.8000,13.5800,13.6000,176340
000509,华塑控股,2001-06-25,13.6000,13.7400,13.5100,13.6000,432100
000509,华塑控股,2001-06-26,13.6500,14.1000,13.5000,14.1000,2136260
000509,华塑控股,2001-06-27,14.1000,14.2200,14.0400,14.0400,1173300
000509,华塑控股,2001-06-28,14.0400,14.1400,13.6500,13.7500,337923
000509,华塑控股,2001-06-29,13.9000,13.9000,13.7100,13.7900,198335
000509,华塑控股,2001-07-02,13.8000,14.1000,13.7900,14.0500,6908155
000509,华塑控股,2001-07-03,14.0700,14.1200,13.7100,14.0700,509720
000509,华塑控股,2001-07-04,13.9000,13.9900,13.7200,13.9700,441428
000509,华塑控股,2001-07-05,13.8000,13.9000,13.7000,13.7000,244192
000509,华塑控股,2001-07-06,13.7000,13.8900,13.5000,13.7200,254299
000509,华塑控股,2001-07-09,13.7200,13.7500,13.3600,13.4000,386298
000509,华塑控股,2001-07-10,13.5000,13.5200,13.3200,13.3600,424201
000509,华塑控股,2001-07-11,13.3600,13.5000,13.2900,13.3500,265400
000509,华塑控股,2001-07-12,13.3700,13.3700,13.1000,13.1400,222107
000509,华塑控股,2001-07-13,13.1500,13.4300,13.0300,13.1900,430972
000509,华塑控股,2001-07-16,13.4100,13.4200,12.9800,13.1400,243475
000509,华塑控股,2001-07-17,13.0200,13.2000,12.8000,13.1900,216930
000509,华塑控股,2001-07-18,13.2000,13.2000,12.8000,12.9600,241500
000509,华塑控股,2001-07-19,12.9500,13.2500,12.9500,13.2000,267560
000509,华塑控股,2001-07-20,13.3900,13.5000,13.0000,13.3700,3785040
000509,华塑控股,2001-07-23,13.1000,13.2700,12.9900,13.1000,2757171
000509,华塑控股,2001-07-24,13.0700,13.1500,12.8100,13.0700,1945660
000509,华塑控股,2001-07-25,12.9000,13.1000,12.8100,12.9000,263400
000509,华塑控股,2001-07-26,12.8100,13.0000,12.1000,12.3000,380995
000509,华塑控股,2001-07-27,12.3000,12.4100,11.9500,12.1600,328365
000509,华塑控股,2001-07-30,12.1000,12.3000,11.4000,11.4100,397399
000509,华塑控股,2001-07-31,11.1800,11.8000,11.1300,11.2000,351500
000509,华塑控股,2001-08-01,11.3000,12.0000,11.2700,11.9200,350513
000509,华塑控股,2001-08-02,12.1500,12.1500,11.4000,11.7500,265700
000509,华塑控股,2001-08-03,11.8800,11.8800,11.6900,11.7000,120500
000509,华塑控股,2001-08-06,11.7200,11.7200,11.1300,11.1500,468650
000509,华塑控股,2001-08-07,11.0000,11.5500,11.0000,11.3300,366801
000509,华塑控股,2001-08-08,11.3300,11.4500,11.0800,11.1300,418400
000509,华塑控股,2001-08-09,11.1500,11.3500,11.1400,11.1700,525924
000509,华塑控股,2001-08-10,11.2500,11.5900,11.1700,11.5300,716924
000509,华塑控股,2001-08-13,11.6100,11.6800,11.4000,11.4600,522527
000509,华塑控股,2001-08-14,11.4500,11.5000,11.2400,11.3100,656413
000509,华塑控股,2001-08-15,11.3100,11.5200,11.2200,11.2800,2049800
000509,华塑控股,2001-08-16,11.4900,11.4900,11.2000,11.2300,959389
000509,华塑控股,2001-08-17,11.2300,11.3000,11.2000,11.2100,366450
000509,华塑控股,2001-08-20,11.4800,11.4800,11.2200,11.3000,381518
000509,华塑控股,2001-08-21,11.2200,11.4000,11.2200,11.2400,483680
000509,华塑控股,2001-08-22,11.2300,11.2300,11.1000,11.1700,530855
000509,华塑控股,2001-08-23,11.1000,11.2000,11.0300,11.1500,453450
000509,华塑控股,2001-08-24,11.1600,11.2100,11.1400,11.1800,247880
000509,华塑控股,2001-08-27,11.1000,11.1400,10.9800,10.9800,552427
000509,华塑控股,2001-08-28,10.9400,11.0900,10.8500,11.0200,907423
000509,华塑控股,2001-08-29,11.0200,11.2500,11.0100,11.1600,598180
000509,华塑控股,2001-08-30,11.2000,11.2100,11.1100,11.1800,842820
000509,华塑控股,2001-08-31,11.2000,11.3500,11.2000,11.2900,436874
000509,华塑控股,2001-09-03,11.2900,11.4800,11.2500,11.4000,1132295
000509,华塑控股,2001-09-04,11.4200,11.6800,11.4100,11.6500,1419848
000509,华塑控股,2001-09-05,11.7000,11.8900,11.5200,11.5700,1255213
000509,华塑控股,2001-09-06,11.5700,11.6900,11.4900,11.5600,536670
000509,华塑控股,2001-09-07,11.5600,11.6000,11.1500,11.2000,741570
000509,华塑控股,2001-09-10,11.0900,11.5700,11.0000,11.4900,571251
000509,华塑控股,2001-09-11,11.5200,11.6600,11.4600,11.5000,499008
000509,华塑控股,2001-09-12,11.3000,11.4000,10.8600,11.3100,789956
000509,华塑控股,2001-09-13,11.3800,11.4400,11.2100,11.2200,184470
000509,华塑控股,2001-09-14,11.2500,11.2700,11.0800,11.1500,307100
000509,华塑控股,2001-09-17,11.1500,11.1900,10.9500,10.9800,550200
000509,华塑控股,2001-09-18,10.9800,11.4500,10.9100,11.0700,233711
000509,华塑控股,2001-09-20,11.3500,11.3500,11.2000,11.2400,145814
000509,华塑控股,2001-09-21,11.2500,11.2500,11.0900,11.1200,118750
000509,华塑控股,2001-09-24,11.1300,11.2000,11.1000,11.1500,152380
000509,华塑控股,2001-09-25,11.1100,11.2800,11.0600,11.2400,248229
000509,华塑控股,2001-09-26,11.4100,11.4800,11.2800,11.3800,832978
000509,华塑控股,2001-09-27,11.3800,11.4500,11.1800,11.3400,478619
000509,华塑控股,2001-09-28,11.3000,11.4100,11.2700,11.3600,366621
000509,华塑控股,2001-10-08,11.4500,11.4600,11.0000,11.0700,272975
000509,华塑控股,2001-10-09,11.1000,11.3500,11.0400,11.2400,157185
000509,华塑控股,2001-10-10,11.2800,11.3400,10.3000,10.4100,813048
000509,华塑控股,2001-10-11,10.3000,10.5000,9.5500,9.5700,1034528
000509,华塑控股,2001-10-12,9.5500,10.1600,9.1500,9.9000,1035631
000509,华塑控股,2001-10-15,9.9000,10.0600,9.6500,9.9000,442433
000509,华塑控股,2001-10-16,9.9800,9.9800,9.5800,9.6800,211554
000509,华塑控股,2001-10-17,9.6000,9.8400,9.5200,9.6800,114070
000509,华塑控股,2001-10-18,9.7800,9.7800,9.3600,9.3700,171940
000509,华塑控股,2001-10-19,9.2000,9.3900,9.0000,9.0700,467532
000509,华塑控股,2001-10-22,8.8000,9.1000,8.5000,8.5000,412170
000509,华塑控股,2001-10-23,9.3500,9.3500,9.1000,9.3500,1093441
000509,华塑控股,2001-10-24,9.9800,10.1800,9.5500,10.0000,2558329
000509,华塑控股,2001-10-25,9.9800,9.9900,9.6200,9.7000,783078
000509,华塑控股,2001-10-26,9.6000,9.8000,9.4000,9.5700,553762
000509,华塑控股,2001-10-29,9.6500,9.9000,9.5900,9.8700,348289
000509,华塑控股,2001-10-30,9.9800,9.9800,9.8000,9.8000,251598
000509,华塑控股,2001-10-31,9.7500,9.7500,9.5000,9.6900,327773
000509,华塑控股,2001-11-01,9.7000,9.8800,9.6700,9.8200,355528
000509,华塑控股,2001-11-02,9.7200,9.8800,9.6100,9.6200,253264
000509,华塑控股,2001-11-05,9.6100,9.6100,9.5100,9.5600,188423
000509,华塑控股,2001-11-06,9.5100,9.7700,9.3800,9.4000,463648
000509,华塑控股,2001-11-07,9.5900,9.5900,8.8000,8.8200,468300
000509,华塑控股,2001-11-08,8.6000,8.9400,8.4200,8.8500,447180
000509,华塑控股,2001-11-09,8.9500,9.1800,8.7200,9.0400,342078
000509,华塑控股,2001-11-12,9.2000,9.2000,8.9100,9.0900,222047
000509,华塑控股,2001-11-13,8.8800,9.0000,8.8200,8.8400,140560
000509,华塑控股,2001-11-14,8.8400,9.0000,8.7400,8.9000,78090
000509,华塑控股,2001-11-15,9.0700,9.0700,8.7800,8.8900,181930
000509,华塑控股,2001-11-16,9.7700,9.7700,9.0800,9.1500,915607
000509,华塑控股,2001-11-19,9.1700,9.3500,9.1700,9.3400,248230
000509,华塑控股,2001-11-20,9.4600,9.7900,9.3100,9.7800,760339
000509,华塑控股,2001-11-21,9.7700,9.8000,9.5600,9.6900,412958
000509,华塑控股,2001-11-22,9.7500,9.8700,9.6700,9.8300,595018
000509,华塑控股,2001-11-23,9.8500,9.8500,9.6500,9.6800,372250
000509,华塑控股,2001-11-26,9.7000,9.7000,9.5200,9.5500,291662
000509,华塑控股,2001-11-27,9.6500,9.9800,9.5500,9.9700,1287287
000509,华塑控股,2001-11-28,10.0300,10.4800,9.9200,10.3500,3537138
000509,华塑控股,2001-11-29,10.3000,10.3700,10.2100,10.2700,869963
000509,华塑控股,2001-11-30,10.3000,10.4500,10.2500,10.3700,541953
000509,华塑控股,2001-12-03,10.4200,10.6700,10.3700,10.4500,1153878
000509,华塑控股,2001-12-04,10.4500,10.4900,10.2800,10.4500,641670
000509,华塑控股,2001-12-05,10.4500,10.4700,10.1800,10.2100,842882
000509,华塑控股,2001-12-06,10.1800,10.3600,10.1400,10.2800,798680
000509,华塑控股,2001-12-07,10.3000,10.4000,10.2800,10.3600,434200
000509,华塑控股,2001-12-10,10.2500,10.3300,10.1500,10.2600,321295
000509,华塑控股,2001-12-11,10.2000,10.3000,10.0900,10.2700,334050
000509,华塑控股,2001-12-12,10.1500,10.2600,10.0000,10.0200,301015
000509,华塑控股,2001-12-13,10.0000,10.1000,9.7200,9.7200,437968
000509,华塑控股,2001-12-14,9.7200,10.0000,9.6300,9.9700,591431
000509,华塑控股,2001-12-17,10.0200,10.0500,9.8500,10.0000,307250
000509,华塑控股,2001-12-18,9.9000,10.2700,9.9000,10.1700,1014646
000509,华塑控股,2001-12-19,10.2000,10.3900,10.1000,10.1200,1197916
000509,华塑控股,2001-12-20,10.0900,10.1700,9.8400,9.8600,929950
000509,华塑控股,2001-12-21,9.8900,9.9500,9.7500,9.9400,262330
000509,华塑控股,2001-12-24,9.9600,9.9600,9.5000,9.5100,340380
000509,华塑控股,2001-12-25,9.5900,9.6500,9.4300,9.4600,1028489
000509,华塑控股,2001-12-26,9.4800,9.6500,9.3000,9.6400,1678345
000509,华塑控股,2001-12-27,9.5900,9.8300,9.5000,9.8000,401838
000509,华塑控股,2001-12-28,9.6900,9.8700,9.6200,9.8600,632755
000509,华塑控股,2001-12-31,9.8100,10.3300,9.7100,10.2500,1588419
000509,华塑控股,2002-01-04,10.1000,10.1000,9.6500,9.6700,708690
000509,华塑控股,2002-01-07,9.5500,9.6500,9.4100,9.5300,201455
000509,华塑控股,2002-01-08,9.4900,9.6000,9.3400,9.3400,307100
000509,华塑控股,2002-01-09,9.3000,9.4200,9.0000,9.0000,432021
000509,华塑控股,2002-01-10,9.0000,9.1800,8.7100,9.1400,444518
000509,华塑控股,2002-01-11,9.1300,9.1300,8.7300,8.8100,331920
000509,华塑控股,2002-01-14,8.8000,8.8800,8.5000,8.5500,360956
000509,华塑控股,2002-01-15,8.5000,8.6900,7.7000,7.7200,1175392
000509,华塑控股,2002-01-16,7.6700,8.1000,7.6200,7.8200,919710
000509,华塑控股,2002-01-17,7.8300,7.8300,7.1000,7.1500,600723
000509,华塑控股,2002-01-18,7.0800,7.5000,6.8300,7.2000,982398
000509,华塑控股,2002-01-21,7.0900,7.1800,6.8900,6.9000,623709
000509,华塑控股,2002-01-22,6.8300,7.2500,6.6500,6.7800,1233201
000509,华塑控股,2002-01-23,6.7800,7.4400,6.5100,7.4100,961822
000509,华塑控股,2002-01-24,7.2500,7.8000,7.1300,7.5900,1354951
000509,华塑控股,2002-01-25,7.5000,7.6800,7.4500,7.5500,980811
000509,华塑控股,2002-01-28,7.5000,7.6000,6.9000,6.9300,1107727
000509,华塑控股,2002-01-29,6.9000,7.2500,6.8300,7.1600,595786
000509,华塑控股,2002-01-30,7.1600,7.4500,7.1500,7.2900,567530
000509,华塑控股,2002-01-31,7.4800,8.0200,7.4800,7.9900,2283762
000509,华塑控股,2002-02-01,7.9900,8.2000,7.9000,7.9900,1857099
000509,华塑控股,2002-02-04,7.9800,8.2600,7.9100,8.1900,744386
000509,华塑控股,2002-02-05,8.1000,8.2500,8.0000,8.1200,638399
000509,华塑控股,2002-02-06,8.0900,8.1500,7.8000,7.8100,779900
000509,华塑控股,2002-02-07,7.8000,8.3800,7.8000,8.2400,1255199
000509,华塑控股,2002-02-08,8.2200,8.3400,8.1500,8.1500,627212
000509,华塑控股,2002-02-25,8.5000,8.5200,8.2000,8.3500,462122
000509,华塑控股,2002-02-26,8.3500,8.3500,8.1000,8.2600,439851
000509,华塑控股,2002-02-27,8.2700,8.3900,8.2100,8.2300,340912
000509,华塑控股,2002-02-28,8.2400,8.4300,8.1600,8.1800,652540
000509,华塑控股,2002-03-01,8.1500,8.4900,8.0800,8.4800,2560425
000509,华塑控股,2002-03-04,8.5000,8.7600,8.3300,8.7200,2635096
000509,华塑控股,2002-03-05,8.7000,9.1800,8.6300,9.0000,4076718
000509,华塑控股,2002-03-06,9.0700,9.2900,8.8500,8.8800,4938668
000509,华塑控股,2002-03-07,8.8800,9.2000,8.8700,9.1200,2798741
000509,华塑控股,2002-03-08,9.1500,9.6000,9.1200,9.4300,4552811
000509,华塑控股,2002-03-11,9.4800,9.6400,9.3000,9.6300,2282388
000509,华塑控股,2002-03-12,9.6600,10.0700,9.5500,9.5700,5651018
000509,华塑控股,2002-03-13,9.5300,9.6800,9.2800,9.3100,3029041
000509,华塑控股,2002-03-14,9.2000,9.6500,9.2000,9.6000,1509935
000509,华塑控股,2002-03-15,9.6500,9.7600,9.3100,9.3200,2073146
000509,华塑控股,2002-03-18,9.5900,9.6800,9.2000,9.3300,1078436
000509,华塑控股,2002-03-19,9.3300,9.6000,9.2600,9.5900,1071707
000509,华塑控股,2002-03-20,9.6500,9.9000,9.5900,9.7400,2506736
000509,华塑控股,2002-03-21,9.7500,9.8500,9.6000,9.6800,1268917
000509,华塑控股,2002-03-22,9.7000,9.7400,9.3000,9.4500,1395793
000509,华塑控股,2002-03-25,9.2400,9.5200,9.2400,9.4800,777699
000509,华塑控股,2002-03-26,9.5000,9.5800,9.1000,9.2200,1335244
000509,华塑控股,2002-03-27,9.1800,9.3700,9.1500,9.3700,557477
000509,华塑控股,2002-03-28,9.3600,9.4400,9.2600,9.2800,1023393
000509,华塑控股,2002-03-29,9.2100,9.2200,8.7100,8.7900,1513844
000509,华塑控股,2002-04-01,8.7900,8.9200,8.6300,8.8800,680785
000509,华塑控股,2002-04-02,8.9200,8.9500,8.5500,8.6100,739452
000509,华塑控股,2002-04-03,8.6000,8.7000,8.6000,8.6400,456990
000509,华塑控股,2002-04-04,8.6600,9.0400,8.5200,9.0300,690570
000509,华塑控股,2002-04-05,9.0900,9.2000,8.8800,8.9000,972320
000509,华塑控股,2002-04-08,8.8000,9.0000,8.8000,8.8900,570224
000509,华塑控股,2002-04-09,8.8500,9.3300,8.8200,9.2800,1004941
000509,华塑控股,2002-04-10,9.3000,9.4400,9.2000,9.3700,1219457
000509,华塑控股,2002-04-11,9.3300,9.3500,9.1000,9.1200,640109
000509,华塑控股,2002-04-12,9.0900,9.2200,9.0000,9.1500,510258
000509,华塑控股,2002-04-15,9.1500,9.1800,9.0000,9.1000,413847
000509,华塑控股,2002-04-16,9.1000,9.2700,9.0000,9.0300,495590
000509,华塑控股,2002-04-17,9.0300,9.1100,8.8600,8.9800,298340
000509,华塑控股,2002-04-18,8.9600,8.9900,8.8000,8.8200,382124
000509,华塑控股,2002-04-19,8.8200,8.9600,8.7000,8.9600,339640
000509,华塑控股,2002-04-22,8.9500,8.9500,8.8000,8.8500,176776
000509,华塑控股,2002-04-23,8.8000,8.8900,8.8000,8.8300,140400
000509,华塑控股,2002-04-24,8.8300,8.8600,8.7600,8.8000,209145
000509,华塑控股,2002-04-25,8.7600,8.8800,8.7000,8.8100,131889
000509,华塑控股,2002-04-26,8.9300,8.9900,8.9000,8.9900,289641
000509,华塑控股,2002-04-29,9.0200,9.1700,8.9000,9.1500,742520
000509,华塑控股,2002-04-30,9.1800,9.2300,9.0300,9.0500,466170
000509,华塑控股,2002-05-08,9.1000,9.1100,8.9000,8.9300,271024
000509,华塑控股,2002-05-09,8.9100,9.0500,8.8100,8.8900,299554
000509,华塑控股,2002-05-10,8.9000,9.0700,8.8600,8.8700,248601
000509,华塑控股,2002-05-13,8.8000,8.8000,8.5800,8.6000,761370
000509,华塑控股,2002-05-14,8.6000,8.7000,8.4000,8.4100,859960
000509,华塑控股,2002-05-15,8.4300,8.5100,8.2800,8.3100,968324
000509,华塑控股,2002-05-16,8.2800,8.2900,8.0000,8.0900,849276
000509,华塑控股,2002-05-17,8.0900,8.4900,8.0600,8.4700,705112
000509,华塑控股,2002-05-20,8.4700,8.6000,8.3000,8.5700,2260350
000509,华塑控股,2002-05-21,8.8000,9.0800,8.6200,8.9000,3188780
000509,华塑控股,2002-05-22,8.9000,8.9800,8.7100,8.9000,1102837
000509,华塑控股,2002-05-23,8.9500,9.1500,8.9000,8.9900,1693778
000509,华塑控股,2002-05-24,8.9900,9.0500,8.6500,8.7300,790347
000509,华塑控股,2002-05-27,8.7800,8.8100,8.5600,8.6300,462458
000509,华塑控股,2002-05-28,8.7000,8.9000,8.6500,8.7600,727348
000509,华塑控股,2002-05-29,8.7000,8.7000,8.3800,8.4700,682690
000509,华塑控股,2002-05-30,8.4700,8.5400,8.3000,8.4400,346589
000509,华塑控股,2002-05-31,8.4600,8.5100,8.2500,8.3000,443000
000509,华塑控股,2002-06-03,8.2800,8.2800,8.0500,8.0900,448780
000509,华塑控股,2002-06-04,8.0900,8.2500,8.0800,8.2500,402411
000509,华塑控股,2002-06-05,8.3000,8.3000,7.8500,7.8900,462510
000509,华塑控股,2002-06-06,7.8300,8.4500,7.7700,8.2700,756307
000509,华塑控股,2002-06-07,8.2400,8.4500,8.2000,8.3200,749104
000509,华塑控股,2002-06-10,8.2500,8.3500,8.0800,8.2100,365480
000509,华塑控股,2002-06-11,8.1800,8.3500,8.1800,8.2600,243101
000509,华塑控股,2002-06-12,8.2600,8.2600,8.1100,8.1900,262589
000509,华塑控股,2002-06-13,8.1500,8.2300,7.9500,7.9700,463700
000509,华塑控股,2002-06-14,7.9800,8.0400,7.8500,7.8600,413500
000509,华塑控股,2002-06-17,7.7800,7.9900,7.7000,7.9900,280910
000509,华塑控股,2002-06-18,7.9900,8.1800,7.9900,8.1500,428129
000509,华塑控股,2002-06-19,8.1400,8.1700,7.9000,7.9800,664000
000509,华塑控股,2002-06-20,7.9800,8.1400,7.9800,8.0100,365895
000509,华塑控股,2002-06-21,8.0100,8.3700,8.0000,8.3500,1800982
000509,华塑控股,2002-06-25,9.1900,9.1900,9.0800,9.1800,11711181
000509,华塑控股,2002-06-26,9.0800,9.4500,8.8100,9.2400,7285066
000509,华塑控股,2002-06-27,9.1800,9.2300,8.9800,9.1600,1880651
000509,华塑控股,2002-06-28,9.1000,9.2500,8.8500,9.0400,2203643
000509,华塑控股,2002-07-01,9.0400,9.2000,8.9200,8.9300,1016641
000509,华塑控股,2002-07-02,8.8100,9.0100,8.8100,9.0000,736711
000509,华塑控股,2002-07-03,9.0500,9.0600,8.8800,8.9700,720835
000509,华塑控股,2002-07-04,8.9700,8.9800,8.8000,8.8300,674628
000509,华塑控股,2002-07-05,8.8100,8.8100,8.6600,8.7900,550235
000509,华塑控股,2002-07-08,8.7300,8.8900,8.7300,8.8900,471370
000509,华塑控股,2002-07-09,8.9000,8.9000,8.7500,8.8100,504412
000509,华塑控股,2002-07-10,8.7800,8.8000,8.6500,8.6700,708161
000509,华塑控股,2002-07-11,8.6000,8.7900,8.6000,8.7100,526305
000509,华塑控股,2002-07-12,8.7000,8.7700,8.6600,8.7100,282673
000509,华塑控股,2002-07-15,8.6800,8.6900,8.5500,8.5600,336518
000509,华塑控股,2002-07-16,8.6300,8.7100,8.5500,8.5500,301891
000509,华塑控股,2002-07-17,8.3700,8.5100,8.1900,8.3500,1559760
000509,华塑控股,2002-07-18,8.3000,8.3800,8.2500,8.3200,591190
000509,华塑控股,2002-07-19,8.3500,8.4300,8.3000,8.4300,569680
000509,华塑控股,2002-07-22,8.4000,8.4300,8.2800,8.3200,487007
000509,华塑控股,2002-07-23,8.3500,8.3500,8.2300,8.2300,325120
000509,华塑控股,2002-07-24,8.2100,8.2700,8.2100,8.2600,268939
000509,华塑控股,2002-07-25,8.3600,8.3600,8.2000,8.2200,263383
000509,华塑控股,2002-07-26,8.2200,8.2800,8.1900,8.2100,289820
000509,华塑控股,2002-07-29,8.2200,8.2200,8.1100,8.1800,291858
000509,华塑控股,2002-07-30,8.1700,8.2600,8.0900,8.2500,443871
000509,华塑控股,2002-07-31,8.2400,8.2800,8.1400,8.1700,221909
000509,华塑控股,2002-08-01,8.2100,8.2400,8.0700,8.2100,358806
000509,华塑控股,2002-08-02,8.2200,8.2200,8.1300,8.1800,270745
000509,华塑控股,2002-08-05,8.1800,9.0000,8.1800,9.0000,5594169
000509,华塑控股,2002-08-06,9.2900,9.8000,9.1100,9.6400,23034571
000509,华塑控股,2002-08-07,9.5000,9.5600,9.2600,9.3000,7177438
000509,华塑控股,2002-08-08,9.3000,9.4800,9.2600,9.3000,4421737
000509,华塑控股,2002-08-09,9.2400,9.2700,8.9800,9.1100,3647336
000509,华塑控股,2002-08-12,9.0500,9.2400,8.9800,9.0800,1761725
000509,华塑控股,2002-08-13,9.1000,9.2400,9.0300,9.1000,1187880
000509,华塑控股,2002-08-14,9.0900,9.2400,9.0300,9.2100,1466176
000509,华塑控股,2002-08-15,9.1900,9.2400,9.1100,9.1200,1166267
000509,华塑控股,2002-08-16,9.1000,9.1500,8.8000,8.9000,2253399
000509,华塑控股,2002-08-19,8.9000,9.3500,8.8200,9.2100,3440558
000509,华塑控股,2002-08-20,9.2100,9.3800,9.1700,9.3400,2097195
000509,华塑控股,2002-08-21,9.3400,9.5800,9.2800,9.4900,3781296
000509,华塑控股,2002-08-22,9.5200,9.9800,9.4000,9.7000,9122563
000509,华塑控股,2002-08-23,9.6900,9.9200,9.6300,9.7300,6603494
000509,华塑控股,2002-08-26,9.6800,9.9500,9.6200,9.7900,4655942
000509,华塑控股,2002-08-27,9.8000,9.8800,9.6000,9.7400,3326871
000509,华塑控股,2002-08-28,9.7400,9.8000,9.6000,9.7600,1561129
000509,华塑控股,2002-08-29,9.7000,9.8000,9.6100,9.6500,1605824
000509,华塑控股,2002-08-30,9.6500,9.6900,9.3800,9.4600,2375677
000509,华塑控股,2002-09-02,9.4500,9.6500,9.4500,9.5000,1354561
000509,华塑控股,2002-09-03,9.5000,10.1100,9.4800,9.8600,3629836
000509,华塑控股,2002-09-04,9.8800,9.9900,9.7400,9.8400,2307881
000509,华塑控股,2002-09-05,9.7200,9.8400,9.6800,9.7500,1287948
000509,华塑控股,2002-09-06,9.7500,10.1500,9.7500,10.0100,5327881
000509,华塑控股,2002-09-09,10.0500,10.0900,9.7600,10.0600,1754295
000509,华塑控股,2002-09-10,10.0800,10.1800,9.9000,9.9900,2913953
000509,华塑控股,2002-09-11,9.7800,9.9500,9.7200,9.9100,2409161
000509,华塑控股,2002-09-12,9.9000,10.0900,9.7200,10.0300,1809421
000509,华塑控股,2002-09-13,10.0300,10.1700,9.9400,10.1100,1749062
000509,华塑控股,2002-09-16,10.0000,10.3000,9.9300,10.2900,2902328
000509,华塑控股,2002-09-17,10.3000,10.3000,9.8800,9.8900,3192049
000509,华塑控股,2002-09-25,9.8900,9.8900,8.9100,8.9700,3395567
000509,华塑控股,2002-09-26,8.8900,9.2800,8.8500,9.0900,1682500
000509,华塑控股,2002-09-27,9.0000,9.2000,9.0000,9.1900,1064582
000509,华塑控股,2002-10-08,9.1400,9.2200,9.1000,9.2000,338755
000509,华塑控股,2002-10-09,9.1800,9.1800,8.7500,8.9900,593099
000509,华塑控股,2002-10-10,9.0000,9.0000,8.4600,8.5000,658840
000509,华塑控股,2002-10-11,8.5000,8.7000,8.3500,8.4900,697060
000509,华塑控股,2002-10-14,8.4100,8.5500,8.1800,8.4900,637968
000509,华塑控股,2002-10-15,8.4200,8.6800,8.4200,8.6400,447289
000509,华塑控股,2002-10-16,8.6000,8.8000,8.6000,8.6300,448898
000509,华塑控股,2002-10-17,8.6000,8.6800,8.4700,8.5500,391908
000509,华塑控股,2002-10-18,8.6500,8.6800,8.4200,8.6000,276492
000509,华塑控股,2002-10-21,8.5600,8.6800,8.4000,8.6600,284323
000509,华塑控股,2002-10-22,8.6400,8.9000,8.5000,8.8000,483707
000509,华塑控股,2002-10-23,8.8800,8.8800,8.6500,8.7300,222572
000509,华塑控股,2002-10-24,8.7400,8.7400,8.4700,8.4700,531801
000509,华塑控股,2002-10-25,8.4600,8.7500,8.4500,8.4900,959420
000509,华塑控股,2002-10-28,8.5100,8.5100,8.2500,8.2800,337831
000509,华塑控股,2002-10-29,8.2500,8.3800,8.1900,8.3300,965593
000509,华塑控股,2002-10-30,8.3200,8.4900,8.2900,8.3400,2414972
000509,华塑控股,2002-10-31,8.3900,8.5900,8.2500,8.2800,982104
000509,华塑控股,2002-11-01,8.2800,8.4000,7.5100,7.8300,2212591
000509,华塑控股,2002-11-04,7.8600,7.9700,7.6000,7.9500,824617
000509,华塑控股,2002-11-05,8.0000,8.1100,7.8600,8.1000,793507
000509,华塑控股,2002-11-06,8.1500,8.1500,7.9000,8.0000,525980
000509,华塑控股,2002-11-07,7.9500,7.9600,7.8600,7.9100,414465
000509,华塑控股,2002-11-08,8.0000,8.0900,7.5800,7.6400,535399
000509,华塑控股,2002-11-11,7.6800,7.7400,7.4800,7.5000,363747
000509,华塑控股,2002-11-12,7.5000,7.5800,7.1200,7.2000,507450
000509,华塑控股,2002-11-13,7.1500,7.2900,7.0600,7.2800,339465
000509,华塑控股,2002-11-14,7.2700,7.4000,7.2000,7.2200,547224
000509,华塑控股,2002-11-15,7.2000,7.3900,7.0600,7.2700,380497
000509,华塑控股,2002-11-18,7.3600,7.3600,7.1700,7.3000,209419
000509,华塑控股,2002-11-19,7.5100,8.0300,7.4500,7.6000,1613659
000509,华塑控股,2002-11-20,7.5000,7.5000,7.1900,7.2100,686649
000509,华塑控股,2002-11-21,7.2100,7.3400,7.1000,7.2200,488465
000509,华塑控股,2002-11-22,7.1500,7.3900,7.1000,7.3000,540219
000509,华塑控股,2002-11-25,7.3300,7.6600,7.2800,7.6000,1193025
000509,华塑控股,2002-11-26,7.6000,7.6300,7.3900,7.4700,654382
000509,华塑控股,2002-11-27,7.4000,7.6100,7.3000,7.6000,497118
000509,华塑控股,2002-11-28,7.6200,7.8000,7.4700,7.7800,1127666
000509,华塑控股,2002-11-29,7.7800,8.0300,7.6400,7.7900,2120859
000509,华塑控股,2002-12-02,7.7700,7.8500,7.5300,7.5400,566020
000509,华塑控股,2002-12-03,7.4400,7.6500,7.4300,7.6000,409686
000509,华塑控股,2002-12-04,7.6800,7.7700,7.5600,7.6200,444025
000509,华塑控股,2002-12-05,7.4800,7.6300,7.4800,7.5000,319494
000509,华塑控股,2002-12-06,7.5300,7.5900,7.4500,7.4600,176644
000509,华塑控股,2002-12-09,7.4800,7.5100,7.3000,7.3400,306951
000509,华塑控股,2002-12-10,7.4000,7.4000,7.1400,7.2200,457600
000509,华塑控股,2002-12-11,7.2000,7.2000,6.8500,6.9700,851199
000509,华塑控股,2002-12-12,6.8800,7.0900,6.8000,6.8100,911095
000509,华塑控股,2002-12-13,6.7500,7.4800,6.6200,7.2800,1700596
000509,华塑控股,2002-12-19,7.2000,7.5900,7.1500,7.2300,1643583
000509,华塑控股,2002-12-20,7.2600,7.4600,7.1500,7.3500,1263768
000509,华塑控股,2002-12-23,7.3900,7.7600,7.3200,7.4500,1258595
000509,华塑控股,2002-12-24,7.4000,7.6900,7.3600,7.6200,1805490
000509,华塑控股,2002-12-25,7.6200,7.7500,7.4700,7.4900,1145583
000509,华塑控股,2002-12-26,7.4800,7.5000,7.1000,7.1400,2115242
000509,华塑控股,2002-12-27,7.0600,7.2400,7.0500,7.1800,1076808
000509,华塑控股,2002-12-30,7.1700,7.2200,7.0000,7.0700,789140
000509,华塑控股,2002-12-31,7.1800,7.5000,7.0900,7.3900,2689000
000509,华塑控股,2003-01-02,7.2000,7.4300,7.1800,7.2300,672261
000509,华塑控股,2003-01-03,7.1800,7.4000,7.1800,7.3300,574854
000509,华塑控股,2003-01-06,7.2900,7.5200,7.2100,7.5100,643416
000509,华塑控股,2003-01-07,7.4800,7.7000,7.3300,7.3800,1130691
000509,华塑控股,2003-01-08,7.3300,7.6000,7.2900,7.5300,741249
000509,华塑控股,2003-01-13,7.7200,7.8800,7.5300,7.6600,2101603
000509,华塑控股,2003-01-14,7.6500,8.0000,7.6500,7.8300,3233473
000509,华塑控股,2003-01-15,7.8500,8.2000,7.8000,7.9000,2413188
000509,华塑控股,2003-01-16,7.8000,8.0000,7.8000,7.9700,1273861
000509,华塑控股,2003-01-17,8.0000,8.1000,7.7300,7.7600,1232044
000509,华塑控股,2003-01-20,7.9600,8.1000,7.7800,7.9400,1557128
000509,华塑控股,2003-01-21,8.0600,8.0800,7.6000,7.6100,1406558
000509,华塑控股,2003-01-22,7.5200,7.7300,7.5200,7.6400,464460
000509,华塑控股,2003-01-23,7.6200,7.7300,7.5900,7.6000,548807
000509,华塑控股,2003-01-24,7.6000,7.7100,7.5400,7.6900,585558
000509,华塑控股,2003-01-27,7.7000,7.9200,7.6600,7.8100,718188
000509,华塑控股,2003-01-28,7.8000,7.8500,7.7200,7.7900,402911
000509,华塑控股,2003-01-29,7.8100,7.8700,7.7400,7.7500,522346
000509,华塑控股,2003-02-10,7.7300,7.7500,7.4800,7.5100,724450
000509,华塑控股,2003-02-11,7.5200,7.6600,7.4500,7.6400,409458
000509,华塑控股,2003-02-12,7.6000,7.9700,7.5600,7.9500,1667946
000509,华塑控股,2003-02-13,7.9500,8.0900,7.9300,7.9800,1938824
000509,华塑控股,2003-02-14,8.0100,8.1800,7.9900,8.1100,3361475
000509,华塑控股,2003-02-17,8.1100,8.1500,7.9100,7.9300,1106000
000509,华塑控股,2003-02-18,7.8200,7.9900,7.8200,7.9000,449380
000509,华塑控股,2003-02-19,7.8800,7.9800,7.8400,7.9800,440644
000509,华塑控股,2003-02-20,7.9000,7.9400,7.8000,7.8500,748915
000509,华塑控股,2003-02-21,7.8500,7.8500,7.6000,7.7200,825535
000509,华塑控股,2003-02-24,7.7500,7.7800,7.6200,7.7000,413325
000509,华塑控股,2003-02-25,7.7200,8.0000,7.6800,7.9700,834023
000509,华塑控股,2003-02-26,7.9000,8.0300,7.9000,7.9400,364841
000509,华塑控股,2003-02-27,7.9500,7.9800,7.8900,7.9000,323000
000509,华塑控股,2003-02-28,7.8800,7.9000,7.7600,7.7800,356038
000509,华塑控股,2003-03-03,7.7800,7.8500,7.7000,7.8200,302840
000509,华塑控股,2003-03-04,7.8200,7.8800,7.6500,7.7300,612767
000509,华塑控股,2003-03-05,7.7100,7.7300,7.6100,7.6900,323979
000509,华塑控股,2003-03-06,7.6500,7.8500,7.6200,7.8500,692899
000509,华塑控股,2003-03-07,7.8400,7.9200,7.7500,7.8000,980102
000509,华塑控股,2003-03-10,7.7800,7.7800,7.5200,7.5300,611463
000509,华塑控股,2003-03-11,7.5300,7.5800,7.4100,7.4300,341100
000509,华塑控股,2003-03-12,7.4800,7.5300,7.3500,7.3900,349299
000509,华塑控股,2003-03-13,7.4000,7.5100,7.3200,7.3400,397800
000509,华塑控股,2003-03-14,7.3400,7.4800,7.3100,7.3500,299800
000509,华塑控股,2003-03-17,7.3500,7.3800,7.1400,7.3600,533350
000509,华塑控股,2003-03-18,7.3500,7.4200,7.1000,7.1500,820000
000509,华塑控股,2003-03-19,7.1800,7.2100,6.9800,7.0100,699527
000509,华塑控股,2003-03-20,7.0700,7.0700,6.8000,6.9000,893018
000509,华塑控股,2003-03-21,6.8800,7.0500,6.8300,7.0500,277811
000509,华塑控股,2003-03-24,7.0700,7.1500,7.0000,7.0400,283900
000509,华塑控股,2003-03-25,7.0400,7.0500,6.8800,6.8900,322800
000509,华塑控股,2003-03-26,6.8900,6.9000,6.7900,6.8100,347449
000509,华塑控股,2003-03-27,6.8100,7.1000,6.7800,7.0200,573675
000509,华塑控股,2003-03-28,7.0400,7.0500,6.9000,6.9200,734199
000509,华塑控股,2003-03-31,6.9000,6.9700,6.8900,6.9500,527115
000509,华塑控股,2003-04-01,7.0100,7.1400,6.9700,7.1300,706134
000509,华塑控股,2003-04-02,7.1600,7.3400,7.0700,7.1600,1869200
000509,华塑控股,2003-04-03,7.1800,7.3200,7.1200,7.1400,802251
000509,华塑控股,2003-04-04,7.1800,7.2100,7.0500,7.0600,916996
000509,华塑控股,2003-04-08,7.0800,7.1500,6.7000,6.7100,1085658
000509,华塑控股,2003-04-09,6.7100,6.8600,6.6300,6.6600,910733
000509,华塑控股,2003-04-10,6.7000,7.0000,6.6400,6.8000,1270343
000509,华塑控股,2003-04-11,6.8200,6.8800,6.6100,6.6900,1397885
000509,华塑控股,2003-04-14,6.6800,7.1000,6.6200,6.9400,1565161
000509,华塑控股,2003-04-15,7.0000,7.0500,6.8000,6.8700,1786769
000509,华塑控股,2003-04-16,6.9500,7.1600,6.8500,6.9400,4448500
000509,华塑控股,2003-04-17,6.9200,6.9200,6.6800,6.8900,1898278
000509,华塑控股,2003-04-18,6.8500,6.8800,6.7300,6.7600,840327
000509,华塑控股,2003-04-21,6.7000,6.7500,6.5000,6.5300,1131981
000509,华塑控股,2003-04-22,6.5300,6.6300,6.5000,6.6000,531324
000509,华塑控股,2003-04-23,6.6000,6.6500,6.1500,6.1600,1946389
000509,华塑控股,2003-04-24,6.0100,6.2200,5.8600,6.0300,2141992
000509,华塑控股,2003-04-25,6.1000,6.3000,6.0200,6.2700,2184436
000509,华塑控股,2003-04-28,6.2400,6.4100,6.1000,6.3600,1278657
000509,华塑控股,2003-04-29,6.4000,6.4000,6.1200,6.2000,1017040
000509,华塑控股,2003-04-30,6.3100,6.6900,6.1700,6.2200,690760
000509,华塑控股,2003-05-12,6.2500,6.2500,5.8700,5.8900,863630
000509,华塑控股,2003-05-13,5.8500,5.9000,5.3000,5.4100,1529134
000509,华塑控股,2003-05-14,5.4500,5.6900,5.4200,5.6000,742467
000509,华塑控股,2003-05-15,5.6500,5.9600,5.4200,5.8300,1788028
000509,华塑控股,2003-05-16,5.8500,5.8500,5.7000,5.8100,996589
000509,华塑控股,2003-05-19,5.8100,6.0000,5.7000,5.9200,892951
000509,华塑控股,2003-05-20,5.9200,6.0000,5.7600,5.9900,771873
000509,华塑控股,2003-05-21,6.0900,6.1300,5.9100,6.0000,984133
000509,华塑控股,2003-05-22,5.9800,6.1000,5.9400,6.1000,1333881
000509,华塑控股,2003-05-23,6.1800,6.7100,6.0800,6.7100,8362877
000509,华塑控股,2003-05-26,6.6800,6.8000,6.5500,6.6400,3017904
000509,华塑控股,2003-05-27,6.5800,6.9000,6.4800,6.8000,4217992
000509,华塑控股,2003-05-28,6.8000,7.0200,6.7100,6.8300,3802410
000509,华塑控股,2003-05-29,6.8000,7.0000,6.8000,6.8500,2762715
000509,华塑控股,2003-05-30,6.8100,6.8700,6.6000,6.7300,2113761
000509,华塑控股,2003-06-02,6.8100,6.8400,6.6100,6.8300,931085
000509,华塑控股,2003-06-03,6.8500,6.8500,6.7000,6.7100,593170
000509,华塑控股,2003-06-04,6.7100,6.7500,6.5200,6.6200,904604
000509,华塑控股,2003-06-05,6.6000,6.6300,6.4100,6.4600,781597
000509,华塑控股,2003-06-06,6.4200,6.4500,6.2500,6.2600,941400
000509,华塑控股,2003-06-09,6.2000,6.5700,6.1300,6.4200,852763
000509,华塑控股,2003-06-10,6.2100,6.6600,6.2100,6.5700,2311199
000509,华塑控股,2003-06-11,6.5200,6.6400,6.5200,6.6000,477009
000509,华塑控股,2003-06-12,6.5500,6.7300,6.5200,6.7100,885861
000509,华塑控股,2003-06-13,6.7000,6.8300,6.6800,6.8000,1180076
000509,华塑控股,2003-06-16,6.8000,6.8000,6.6000,6.6300,450552
000509,华塑控股,2003-06-17,6.6200,6.6200,6.5000,6.5200,300344
000509,华塑控股,2003-06-18,6.5500,6.6200,6.5100,6.5900,341066
000509,华塑控股,2003-06-19,6.5900,6.5900,6.3700,6.4500,288219
000509,华塑控股,2003-06-20,6.5000,6.5000,6.3600,6.4100,174200
000509,华塑控股,2003-06-23,6.3200,6.4000,6.2500,6.3500,441910
000509,华塑控股,2003-06-24,6.3500,6.3900,6.3000,6.3800,182100
000509,华塑控股,2003-06-25,6.3800,6.5600,6.3500,6.4600,429925
000509,华塑控股,2003-06-26,6.5000,6.7300,6.5000,6.7200,1088151
000509,华塑控股,2003-06-27,6.7200,7.0900,6.5700,6.5800,3899500
000509,华塑控股,2003-07-01,6.5800,6.6600,6.3800,6.5700,1076330
000509,华塑控股,2003-07-02,6.5100,6.6500,6.2900,6.6100,980285
000509,华塑控股,2003-07-03,6.3500,6.3800,6.0100,6.2400,2955537
000509,华塑控股,2003-07-04,6.1800,6.2400,6.0700,6.1700,883860
000509,华塑控股,2003-07-07,6.1100,6.2000,6.0500,6.0600,422424
000509,华塑控股,2003-07-08,6.0800,6.1500,6.0300,6.1300,331660
000509,华塑控股,2003-07-09,6.2000,6.2300,6.1000,6.2300,291636
000509,华塑控股,2003-07-10,6.2000,6.4300,6.1500,6.4200,1129974
000509,华塑控股,2003-07-11,6.4300,6.4300,6.3100,6.3400,233528
000509,华塑控股,2003-07-14,6.3400,6.3400,6.2100,6.3000,340386
000509,华塑控股,2003-07-15,6.2400,6.4500,6.2400,6.3700,2844160
000509,华塑控股,2003-07-16,6.3800,6.4400,6.2600,6.2900,734192
000509,华塑控股,2003-07-17,6.2400,6.3900,6.2400,6.3400,842150
000509,华塑控股,2003-07-18,6.4500,6.5200,6.2600,6.3300,1665359
000509,华塑控股,2003-07-21,6.3000,6.3000,6.0700,6.2500,732406
000509,华塑控股,2003-07-22,6.3200,6.4100,6.2300,6.2600,386463
000509,华塑控股,2003-07-23,6.2700,6.3500,6.2600,6.3300,232598
000509,华塑控股,2003-07-24,6.3100,6.3400,6.1400,6.1800,383750
000509,华塑控股,2003-07-25,6.2800,6.3500,6.1500,6.2700,1028811
000509,华塑控股,2003-07-28,6.1900,6.3000,6.1600,6.1800,174900
000509,华塑控股,2003-07-29,6.1800,6.2000,6.0500,6.1200,1250056
000509,华塑控股,2003-07-30,6.1700,6.2700,6.1000,6.1700,970200
000509,华塑控股,2003-07-31,6.2400,6.2400,6.1000,6.1300,872709
000509,华塑控股,2003-08-01,6.1000,6.1900,5.9600,6.1500,989881
000509,华塑控股,2003-08-04,6.1500,6.2900,6.0700,6.2600,2223075
000509,华塑控股,2003-08-05,6.2400,6.2400,6.1400,6.2000,341050
000509,华塑控股,2003-08-06,6.1900,6.2600,6.1100,6.1700,588900
000509,华塑控股,2003-08-07,6.1500,6.2300,6.1200,6.1300,565810
000509,华塑控股,2003-08-08,6.1900,6.1900,6.0100,6.0300,490486
000509,华塑控股,2003-08-11,6.0200,6.1700,6.0000,6.1300,289305
000509,华塑控股,2003-08-12,6.1000,6.1800,6.0800,6.1400,149316
000509,华塑控股,2003-08-13,6.1300,6.1400,6.0200,6.0400,220273
000509,华塑控股,2003-08-14,6.0400,6.1700,6.0100,6.1200,491611
000509,华塑控股,2003-08-15,6.0600,6.0900,5.8800,5.9300,431231
000509,华塑控股,2003-08-18,5.9000,5.9100,5.5500,5.5900,700900
000509,华塑控股,2003-08-19,5.5900,5.7100,5.5800,5.6800,238400
000509,华塑控股,2003-08-20,5.6300,5.7500,5.6000,5.7200,303059
000509,华塑控股,2003-08-21,5.7300,5.7500,5.6900,5.6900,244000
000509,华塑控股,2003-08-22,5.6400,5.6700,5.6200,5.6400,155333
000509,华塑控股,2003-08-25,5.6100,5.6300,5.4100,5.4200,441832
000509,华塑控股,2003-08-26,5.4100,5.5200,5.4100,5.4400,186900
000509,华塑控股,2003-08-27,5.5000,5.5500,5.4400,5.5300,191008
000509,华塑控股,2003-08-28,5.4500,5.5300,5.4200,5.4200,131790
000509,华塑控股,2003-08-29,5.4000,5.4800,5.3900,5.4300,199181
000509,华塑控股,2003-09-01,5.4500,5.6700,5.4000,5.6100,593704
000509,华塑控股,2003-09-02,5.6000,5.7200,5.5000,5.5600,620410
000509,华塑控股,2003-09-03,5.6000,5.7500,5.5300,5.7500,627758
000509,华塑控股,2003-09-04,5.7900,5.8700,5.7500,5.7800,991055
000509,华塑控股,2003-09-05,5.7800,5.8000,5.5500,5.6200,354570
000509,华塑控股,2003-09-08,5.5800,5.5800,5.5100,5.5700,203065
000509,华塑控股,2003-09-09,5.5800,5.8400,5.5700,5.7100,2115864
000509,华塑控股,2003-09-10,5.7900,5.8000,5.6600,5.7000,609528
000509,华塑控股,2003-09-11,5.6800,5.7700,5.6500,5.6800,401349
000509,华塑控股,2003-09-12,5.6600,5.7000,5.5000,5.5400,228323
000509,华塑控股,2003-09-15,5.4800,5.5400,5.3900,5.4000,253800
000509,华塑控股,2003-09-16,5.4900,5.4900,5.3300,5.4700,430586
000509,华塑控股,2003-09-17,5.4500,5.4500,5.3500,5.4200,229100
000509,华塑控股,2003-09-18,5.3900,5.4200,5.3100,5.3300,218300
000509,华塑控股,2003-09-19,5.3500,5.3800,5.2000,5.2400,425672
000509,华塑控股,2003-09-22,5.2400,5.3600,5.1500,5.1800,281600
000509,华塑控股,2003-09-23,5.1600,5.2600,5.1000,5.2500,280654
000509,华塑控股,2003-09-24,5.2400,5.3200,5.2400,5.2900,191700
000509,华塑控股,2003-09-25,5.3200,5.3300,5.1800,5.1800,154800
000509,华塑控股,2003-09-26,5.1500,5.2100,5.1200,5.1600,124301
000509,华塑控股,2003-09-29,5.1700,5.2000,5.1200,5.1700,146536
000509,华塑控股,2003-09-30,5.1800,5.2200,5.1000,5.2000,176888
000509,华塑控股,2003-10-08,5.2000,5.3400,5.1800,5.3300,337980
000509,华塑控股,2003-10-09,5.3100,5.3100,5.2300,5.2600,97167
000509,华塑控股,2003-10-10,5.2000,5.4900,5.1400,5.4300,449467
000509,华塑控股,2003-10-13,5.3800,5.4300,5.2500,5.3300,616089
000509,华塑控股,2003-10-14,5.3300,5.3300,5.2000,5.2000,291135
000509,华塑控股,2003-10-15,5.2000,5.2800,5.1500,5.1700,444154
000509,华塑控股,2003-10-16,5.1100,5.1700,4.9800,5.0100,421620
000509,华塑控股,2003-10-17,5.0000,5.0500,4.9800,5.0000,197555
000509,华塑控股,2003-10-20,4.9800,5.0000,4.8500,4.8500,268120
000509,华塑控股,2003-10-21,4.8400,4.9000,4.8000,4.8400,148130
000509,华塑控股,2003-10-22,4.9000,5.0000,4.8300,4.9900,349350
000509,华塑控股,2003-10-23,5.0100,5.1400,4.9800,5.0100,621200
000509,华塑控股,2003-10-24,5.0500,5.0500,4.9800,5.0200,199305
000509,华塑控股,2003-10-27,5.0200,5.0200,4.8000,4.8400,294450
000509,华塑控股,2003-10-28,4.8300,4.9800,4.8000,4.8800,183200
000509,华塑控股,2003-10-29,4.9400,4.9400,4.5600,4.5700,583854
000509,华塑控股,2003-10-30,4.5700,4.5700,4.3000,4.4100,489700
000509,华塑控股,2003-10-31,4.4700,4.6500,4.4500,4.5800,371116
000509,华塑控股,2003-11-03,4.5500,4.6500,4.5100,4.5500,235920
000509,华塑控股,2003-11-04,4.6000,4.8400,4.5400,4.7000,661617
000509,华塑控股,2003-11-05,4.6800,4.6800,4.5000,4.5100,427854
000509,华塑控股,2003-11-06,4.4600,4.4800,4.3000,4.3500,360541
000509,华塑控股,2003-11-07,4.2500,4.4600,4.0800,4.3500,673096
000509,华塑控股,2003-11-10,4.3500,4.3700,4.1800,4.2700,373560
000509,华塑控股,2003-11-11,4.2300,4.3000,4.1800,4.2900,206341
000509,华塑控股,2003-11-12,4.2500,4.2500,4.0800,4.1600,228000
000509,华塑控股,2003-11-13,4.1800,4.4000,4.1600,4.2700,359987
000509,华塑控股,2003-11-14,4.3000,4.4900,4.2500,4.4100,528146
000509,华塑控股,2003-11-17,4.3100,4.4000,4.3100,4.3400,164651
000509,华塑控股,2003-11-18,4.3600,4.4100,4.3200,4.4000,225482
000509,华塑控股,2003-11-19,4.4000,4.6000,4.3700,4.5100,878921
000509,华塑控股,2003-11-20,4.4800,4.9600,4.4800,4.9600,3446761
000509,华塑控股,2003-11-21,5.1000,5.1500,4.8300,4.8500,2278010
000509,华塑控股,2003-11-24,4.8000,5.0300,4.8000,4.9900,1075793
000509,华塑控股,2003-11-25,5.0000,5.4500,4.9300,5.1100,3722526
000509,华塑控股,2003-11-26,5.0700,5.1700,5.0100,5.0900,878281
000509,华塑控股,2003-11-27,5.1000,5.1500,4.8100,4.8600,1008625
000509,华塑控股,2003-11-28,4.8500,4.9300,4.7800,4.9100,516503
000509,华塑控股,2003-12-01,4.9100,5.1300,4.9100,5.1100,858299
000509,华塑控股,2003-12-02,5.1500,5.2200,5.0700,5.1100,1053500
000509,华塑控股,2003-12-03,5.1000,5.1600,5.0100,5.1200,737981
000509,华塑控股,2003-12-04,5.1000,5.1700,5.0700,5.1700,664004
000509,华塑控股,2003-12-05,5.1700,5.3200,5.1700,5.2500,1009554
000509,华塑控股,2003-12-08,5.2800,5.2800,5.1100,5.1300,437624
000509,华塑控股,2003-12-09,5.0700,5.1500,5.0500,5.1100,423217
000509,华塑控股,2003-12-10,5.1500,5.2900,5.1000,5.2600,808168
000509,华塑控股,2003-12-11,5.2700,5.5000,5.2200,5.3600,1955677
000509,华塑控股,2003-12-12,5.3300,5.3500,5.2400,5.2700,636747
000509,华塑控股,2003-12-15,5.2900,5.2900,5.1800,5.2600,397692
000509,华塑控股,2003-12-16,5.2000,5.2000,5.0200,5.1000,631403
000509,华塑控股,2003-12-17,5.1100,5.1500,5.0500,5.0800,398432
000509,华塑控股,2003-12-18,5.0800,5.2700,5.0300,5.2500,2754436
000509,华塑控股,2003-12-19,5.2400,5.3800,4.7400,4.8600,2281591
000509,华塑控股,2003-12-22,4.8000,5.1400,4.5100,5.0800,2102395
000509,华塑控股,2003-12-23,5.0700,5.3000,4.9800,5.2700,2452306
000509,华塑控股,2003-12-24,5.2700,5.3800,5.1100,5.3700,2820082
000509,华塑控股,2003-12-25,5.3600,5.4300,5.2300,5.2500,1124884
000509,华塑控股,2003-12-26,5.2500,5.3300,5.2100,5.2700,521433
000509,华塑控股,2003-12-29,5.2500,5.2600,5.1300,5.1500,370950
000509,华塑控股,2003-12-30,5.1200,5.3500,5.0800,5.3000,691033
000509,华塑控股,2003-12-31,5.3800,5.3800,5.1400,5.1600,1531100
000509,华塑控股,2004-01-02,5.0500,5.2000,5.0000,5.1200,2247894
000509,华塑控股,2004-01-05,5.1000,5.1000,4.6100,4.7700,2702322
000509,华塑控股,2004-01-06,4.7700,4.8700,4.4200,4.6200,2323753
000509,华塑控股,2004-01-07,4.6800,4.7500,4.4700,4.6400,2273532
000509,华塑控股,2004-01-08,4.6800,4.8800,4.6400,4.7400,1801218
000509,华塑控股,2004-01-09,4.7400,5.1600,4.7400,5.0800,3846872
000509,华塑控股,2004-01-12,5.1200,5.3700,4.9500,5.3200,8022632
000509,华塑控股,2004-01-13,5.3000,5.4900,5.2500,5.3500,4640443
000509,华塑控股,2004-01-14,5.3500,5.3500,5.1900,5.2600,1628933
000509,华塑控股,2004-01-15,5.2500,5.4300,5.1200,5.2100,3075452
000509,华塑控股,2004-01-16,5.1800,5.4000,5.1800,5.3200,1816788
000509,华塑控股,2004-01-29,5.3500,5.7900,5.3500,5.6600,3821507
000509,华塑控股,2004-01-30,5.7000,5.9900,5.5600,5.5700,5384937
000509,华塑控股,2004-02-02,5.6800,5.9000,5.5000,5.6500,2273159
000509,华塑控股,2004-02-03,5.6600,5.8000,5.6500,5.7000,3656570
000509,华塑控股,2004-02-04,5.7500,5.8000,5.6200,5.7400,3369637
000509,华塑控股,2004-02-05,5.8000,6.3100,5.7400,6.3100,15099910
000509,华塑控股,2004-02-06,6.4100,6.4400,6.1500,6.1900,14093046
000509,华塑控股,2004-02-09,6.1600,6.1800,6.0400,6.1700,7397036
000509,华塑控股,2004-02-10,6.1700,6.2900,6.0400,6.1100,6353369
000509,华塑控股,2004-02-11,6.1100,6.1500,5.8800,5.9600,5159969
000509,华塑控股,2004-02-12,5.9600,6.1100,5.9200,5.9400,3945824
000509,华塑控股,2004-02-13,5.9400,6.0200,5.7300,5.7300,3658450
000509,华塑控股,2004-02-16,5.7100,5.9000,5.7000,5.8700,3077434
000509,华塑控股,2004-02-17,5.9000,6.0900,5.9000,6.0900,5254121
000509,华塑控股,2004-02-18,6.1000,6.1300,5.9600,6.0300,3627722
000509,华塑控股,2004-02-19,6.0400,6.1000,5.9600,6.0100,3267777
000509,华塑控股,2004-02-20,6.0200,6.2000,6.0200,6.1400,4894297
000509,华塑控股,2004-02-23,6.1400,6.2000,5.8800,5.8900,4486098
000509,华塑控股,2004-02-24,5.8600,5.8600,5.6600,5.7300,2888722
000509,华塑控股,2004-02-25,5.7300,5.7900,5.4200,5.4600,3083635
000509,华塑控股,2004-02-26,5.4100,5.5400,5.4100,5.4700,2048453
000509,华塑控股,2004-02-27,5.5000,5.6600,5.3700,5.5900,2010763
000509,华塑控股,2004-03-01,5.5900,5.6500,5.4600,5.6300,1588713
000509,华塑控股,2004-03-02,5.6300,5.7200,5.5400,5.6100,1772065
000509,华塑控股,2004-03-03,5.6000,5.6000,5.4300,5.4500,1683438
000509,华塑控股,2004-03-04,5.4500,5.5500,5.3700,5.4900,1346617
000509,华塑控股,2004-03-05,5.5200,5.7800,5.4500,5.6500,3559605
000509,华塑控股,2004-03-08,5.6800,5.7500,5.4000,5.4200,1898740
000509,华塑控股,2004-03-09,5.4000,5.5400,5.4000,5.4100,1051509
000509,华塑控股,2004-03-10,5.4100,5.5400,5.4000,5.5300,825886
000509,华塑控股,2004-03-11,5.6000,5.6500,5.5000,5.6200,1796230
000509,华塑控股,2004-03-12,5.6500,5.8400,5.5600,5.7700,4250837
000509,华塑控股,2004-03-15,5.8400,5.9700,5.8200,5.9700,7801379
000509,华塑控股,2004-03-16,5.9700,5.9700,5.8000,5.9200,3104111
000509,华塑控股,2004-03-17,5.8500,5.9500,5.8200,5.8700,2284263
000509,华塑控股,2004-03-18,5.8800,5.9100,5.6500,5.6500,2501775
000509,华塑控股,2004-03-19,5.6600,5.8100,5.5600,5.7900,2203272
000509,华塑控股,2004-03-22,5.8100,6.0100,5.7200,5.8900,2620171
000509,华塑控股,2004-03-23,5.8200,5.9300,5.8200,5.8900,1978427
000509,华塑控股,2004-03-24,5.8800,5.9100,5.6800,5.7600,2302504
000509,华塑控股,2004-03-25,5.7600,5.8000,5.6400,5.7400,1391426
000509,华塑控股,2004-03-26,5.7500,5.8800,5.6800,5.8500,2336795
000509,华塑控股,2004-03-29,5.8400,5.9000,5.7600,5.8300,1249705
000509,华塑控股,2004-03-30,5.8300,5.9800,5.7800,5.9600,3690484
000509,华塑控股,2004-03-31,5.8000,6.0000,5.8000,5.9900,4312648
000509,华塑控股,2004-04-01,6.0000,6.0000,5.8300,5.9900,4373779
000509,华塑控股,2004-04-02,5.9900,6.1200,5.9200,6.0700,5637834
000509,华塑控股,2004-04-05,6.1000,6.3600,6.0300,6.3200,9565889
000509,华塑控股,2004-04-06,6.3300,6.3400,6.1100,6.2400,11889249
000509,华塑控股,2004-04-07,6.2400,6.2400,6.0700,6.0700,4621476
000509,华塑控股,2004-04-08,6.0500,6.1500,6.0200,6.0500,2771081
000509,华塑控股,2004-04-09,6.0300,6.1100,5.8100,5.8400,2640600
000509,华塑控股,2004-04-12,5.8200,5.9000,5.7500,5.8500,1762501
000509,华塑控股,2004-04-14,5.8200,6.1600,5.8200,5.9400,3965678
000509,华塑控股,2004-04-15,5.9600,5.9900,5.5000,5.5300,2279928
000509,华塑控股,2004-04-16,5.5200,5.5200,4.9800,5.3200,3461359
000509,华塑控股,2004-04-19,5.3100,5.3500,5.1800,5.2200,1295283
000509,华塑控股,2004-04-20,5.2000,5.3200,5.2000,5.3000,783544
000509,华塑控股,2004-04-21,5.3200,5.5600,5.2200,5.2800,1940841
000509,华塑控股,2004-04-22,5.2800,5.3600,5.1300,5.2000,1378507
000509,华塑控股,2004-04-23,5.2000,5.2600,4.9600,4.9700,2023933
000509,华塑控股,2004-04-26,4.9500,5.0000,4.7700,4.9300,1504337
000509,华塑控股,2004-04-27,5.0000,5.0800,4.9000,4.9500,1646940
000509,华塑控股,2004-04-28,4.8800,5.0300,4.8100,5.0200,1540836
000509,华塑控股,2004-04-29,5.0200,5.0300,4.8600,4.8900,1057484
000509,华塑控股,2004-04-30,5.0100,5.0900,4.9200,5.0000,1161640
000509,华塑控股,2004-05-10,5.0400,5.0400,4.8500,4.8800,526040
000509,华塑控股,2004-05-11,4.8500,4.9700,4.8500,4.9400,476127
000509,华塑控股,2004-05-12,4.9500,5.0800,4.9300,5.0700,3008621
000509,华塑控股,2004-05-13,5.0400,5.0800,4.9900,5.0300,1372580
000509,华塑控股,2004-05-14,5.0000,5.0100,4.8500,4.8600,1022437
000509,华塑控股,2004-05-17,4.8500,4.9200,4.8200,4.8900,389405
000509,华塑控股,2004-05-18,4.8500,5.0300,4.8500,5.0300,656132
000509,华塑控股,2004-05-19,5.1000,5.2100,5.0800,5.1100,3538879
000509,华塑控股,2004-05-20,5.1300,5.1500,5.0100,5.0400,1158481
000509,华塑控股,2004-05-21,5.0300,5.0800,4.9700,5.0500,775527
000509,华塑控股,2004-05-24,5.0900,5.0900,4.8600,4.9100,871050
000509,华塑控股,2004-05-25,4.8900,4.9500,4.6100,4.6500,1207525
000509,华塑控股,2004-05-26,4.6500,4.7900,4.6000,4.7100,631011
000509,华塑控股,2004-05-27,4.7000,4.8300,4.6400,4.8100,795521
000509,华塑控股,2004-05-28,4.8100,4.8300,4.7000,4.7100,720445
000509,华塑控股,2004-05-31,4.7000,4.7300,4.6300,4.6800,726047
000509,华塑控股,2004-06-01,4.6900,4.7900,4.6300,4.7900,860995
000509,华塑控股,2004-06-02,4.7800,4.8000,4.6500,4.7000,828590
000509,华塑控股,2004-06-03,4.9700,5.1700,4.8800,4.9700,8284426
000509,华塑控股,2004-06-04,4.8500,5.0600,4.8100,4.9900,2896986
000509,华塑控股,2004-06-07,4.9900,4.9900,4.8300,4.9000,904541
000509,华塑控股,2004-06-09,4.8000,4.8300,4.6300,4.6600,1619127
000509,华塑控股,2004-06-10,4.6600,4.7100,4.6000,4.6300,771016
000509,华塑控股,2004-06-11,4.6300,4.7500,4.5100,4.5200,1079000
000509,华塑控股,2004-06-14,4.5200,4.5200,4.1800,4.2800,1488190
000509,华塑控股,2004-06-15,4.3000,4.4200,4.2000,4.3800,1289581
000509,华塑控股,2004-06-16,4.3900,4.4400,4.2600,4.3700,948629
000509,华塑控股,2004-06-17,4.3600,4.3700,4.2300,4.2700,985793
000509,华塑控股,2004-06-18,4.2500,4.2900,4.1800,4.2600,1016657
000509,华塑控股,2004-06-21,4.2600,4.3800,4.2200,4.3300,1450849
000509,华塑控股,2004-06-22,4.3600,4.4800,4.2500,4.4200,2209799
000509,华塑控股,2004-06-23,4.3500,4.3900,4.2500,4.3200,1176481
000509,华塑控股,2004-06-24,4.3200,4.3500,4.1000,4.2100,1449105
000509,华塑控股,2004-06-25,4.1900,4.2700,4.1100,4.1200,1310988
000509,华塑控股,2004-06-28,4.1200,4.1200,3.9500,3.9800,1207695
000509,华塑控股,2004-06-29,3.9700,4.0700,3.9500,4.0600,736245
000509,华塑控股,2004-06-30,4.0600,4.0900,4.0100,4.0200,791400
000509,华塑控股,2004-07-01,4.0200,4.1900,4.0200,4.1800,2778108
000509,华塑控股,2004-07-02,4.1800,4.2200,4.1200,4.1900,1409284
000509,华塑控股,2004-07-05,4.1600,4.2200,4.1100,4.2100,948901
000509,华塑控股,2004-07-06,4.2000,4.2900,4.1800,4.2800,2457625
000509,华塑控股,2004-07-07,4.2400,4.2500,4.1700,4.2000,974120
000509,华塑控股,2004-07-08,4.2000,4.2400,4.1500,4.2000,520000
000509,华塑控股,2004-07-09,4.2300,4.2300,4.1600,4.1600,675650
000509,华塑控股,2004-07-12,4.1600,4.1700,3.9900,4.0000,1153386
000509,华塑控股,2004-07-13,4.0000,4.0700,3.9800,4.0300,510999
000509,华塑控股,2004-07-14,4.0500,4.0700,3.9200,4.0400,883469
000509,华塑控股,2004-07-15,4.0600,4.1800,4.0000,4.1700,1398640
000509,华塑控股,2004-07-16,4.2400,4.3300,4.2000,4.3000,4646915
000509,华塑控股,2004-07-19,4.2800,4.3200,4.2400,4.2700,1443521
000509,华塑控股,2004-07-20,4.3000,4.3000,4.2000,4.2400,925108
000509,华塑控股,2004-07-21,4.2400,4.3100,4.2000,4.2900,969446
000509,华塑控股,2004-07-22,4.2900,4.2900,4.1400,4.1400,1268900
000509,华塑控股,2004-07-23,4.1100,4.1600,4.0700,4.1500,858015
000509,华塑控股,2004-07-26,4.2600,4.2600,4.1300,4.1800,1994215
000509,华塑控股,2004-07-27,4.1900,4.2000,4.1000,4.1200,653921
000509,华塑控股,2004-07-28,4.1000,4.1700,4.0700,4.1500,680300
000509,华塑控股,2004-07-29,4.1800,4.2100,4.1000,4.2000,1153684
000509,华塑控股,2004-07-30,4.2000,4.2600,4.1600,4.1800,1005630
000509,华塑控股,2004-08-02,4.1500,4.1500,4.0800,4.1000,545150
000509,华塑控股,2004-08-03,4.1000,4.1100,4.0600,4.0800,515945
000509,华塑控股,2004-08-04,4.0600,4.2500,4.0600,4.1900,940377
000509,华塑控股,2004-08-05,4.1900,4.2200,4.1300,4.1400,542777
000509,华塑控股,2004-08-06,4.1200,4.1700,4.0700,4.0900,529350
000509,华塑控股,2004-08-09,4.1300,4.1300,4.0600,4.1000,355297
000509,华塑控股,2004-08-10,4.1000,4.1200,4.0700,4.1100,293205
000509,华塑控股,2004-08-11,4.0900,4.1200,4.0000,4.0200,540100
000509,华塑控股,2004-08-12,3.9800,3.9800,3.8100,3.8700,969840
000509,华塑控股,2004-08-13,3.8700,3.9400,3.8700,3.9200,450814
000509,华塑控股,2004-08-16,3.9000,3.9500,3.8400,3.8600,403830
000509,华塑控股,2004-08-17,3.8900,3.9000,3.8100,3.8400,412158
000509,华塑控股,2004-08-18,3.8400,3.8900,3.8300,3.8300,334336
000509,华塑控股,2004-08-19,3.8300,3.8400,3.5700,3.6600,1048418
000509,华塑控股,2004-08-20,3.6600,3.7800,3.6000,3.7300,617977
000509,华塑控股,2004-08-23,3.7000,3.7700,3.6500,3.7300,348506
000509,华塑控股,2004-08-24,3.7300,3.9800,3.7300,3.9700,1475538
000509,华塑控股,2004-08-25,3.9000,4.0000,3.9000,3.9300,1005346
000509,华塑控股,2004-08-26,3.9100,3.9100,3.7200,3.7400,1015756
000509,华塑控股,2004-08-27,3.7400,3.8100,3.6600,3.6900,555425
000509,华塑控股,2004-08-30,3.6500,3.7300,3.6100,3.7000,380660
000509,华塑控股,2004-08-31,3.8100,3.9000,3.7700,3.8100,818250
000509,华塑控股,2004-09-01,3.8000,3.8000,3.6800,3.7200,443260
000509,华塑控股,2004-09-02,3.7100,3.8100,3.6500,3.8000,636000
000509,华塑控股,2004-09-03,3.8200,3.8500,3.7600,3.8200,689352
000509,华塑控股,2004-09-06,3.8600,3.8600,3.8000,3.8500,501004
000509,华塑控股,2004-09-07,3.8600,3.8600,3.7700,3.8500,301714
000509,华塑控股,2004-09-08,3.8500,3.8500,3.7900,3.8100,379949
000509,华塑控股,2004-09-09,3.7800,3.8000,3.7000,3.7100,550499
000509,华塑控股,2004-09-10,3.7000,3.7400,3.6500,3.7100,362594
000509,华塑控股,2004-09-13,3.6800,3.6900,3.6300,3.6400,400226
000509,华塑控股,2004-09-14,3.6800,3.7800,3.6800,3.7400,981971
000509,华塑控股,2004-09-15,3.7400,4.0100,3.7400,4.0000,3297074
000509,华塑控股,2004-09-16,4.0000,4.0800,3.9600,4.0400,3099966
000509,华塑控股,2004-09-17,4.0000,4.1400,3.9800,4.1300,3094954
000509,华塑控股,2004-09-20,4.1500,4.3100,4.1000,4.2800,5028477
000509,华塑控股,2004-09-21,4.3000,4.4100,4.2200,4.3100,5761202
000509,华塑控股,2004-09-22,4.2800,4.3000,4.1100,4.1300,2794118
000509,华塑控股,2004-09-23,4.1300,4.3100,4.0800,4.3000,2258695
000509,华塑控股,2004-09-24,4.3800,4.4800,4.1300,4.1500,4712427
000509,华塑控股,2004-09-27,4.2100,4.2500,4.0400,4.0700,1435340
000509,华塑控股,2004-09-29,4.1300,4.1300,4.0000,4.0100,954177
000509,华塑控股,2004-09-30,3.9100,3.9900,3.8000,3.8500,918862
000509,华塑控股,2004-10-08,3.8500,3.9700,3.7500,3.9600,865943
000509,华塑控股,2004-10-11,3.9500,3.9900,3.8700,3.9000,1079169
000509,华塑控股,2004-10-12,3.9000,3.9000,3.7600,3.7700,1144109
000509,华塑控股,2004-10-13,3.7500,3.8400,3.7300,3.8100,786663
000509,华塑控股,2004-10-14,3.8700,4.0400,3.7800,3.8100,4969574
000509,华塑控股,2004-10-15,3.8000,3.8000,3.6200,3.7600,1331718
000509,华塑控股,2004-10-18,3.8000,3.8800,3.7300,3.8600,830661
000509,华塑控股,2004-10-19,3.8800,3.9300,3.8200,3.8400,973699
000509,华塑控股,2004-10-20,3.8300,3.8700,3.6900,3.7400,807291
000509,华塑控股,2004-10-21,3.7200,3.7500,3.3700,3.5000,2406762
000509,华塑控股,2004-10-22,3.4700,3.5000,3.2000,3.3500,1782882
000509,华塑控股,2004-10-25,3.3500,3.4400,3.3100,3.3600,1090799
000509,华塑控股,2004-10-26,3.3600,3.4200,3.2300,3.4200,895944
000509,华塑控股,2004-10-27,3.4000,3.5300,3.3200,3.5100,1302306
000509,华塑控股,2004-10-28,3.5300,3.5800,3.4800,3.5000,1720272
000509,华塑控股,2004-10-29,3.4600,3.5400,3.4000,3.4100,1015963
000509,华塑控股,2004-11-01,3.3600,3.4500,3.3500,3.3900,412362
000509,华塑控股,2004-11-02,3.3800,3.4000,3.3200,3.3900,623526
000509,华塑控股,2004-11-03,3.3900,3.4800,3.3900,3.4800,910099
000509,华塑控股,2004-11-04,3.4700,3.4800,3.3200,3.3300,613400
000509,华塑控股,2004-11-05,3.3600,3.4500,3.3200,3.3600,574724
000509,华塑控股,2004-11-08,3.3600,3.3600,3.3000,3.3500,383988
000509,华塑控股,2004-11-09,3.3200,3.3900,3.3200,3.3800,809546
000509,华塑控股,2004-11-10,3.4100,3.5500,3.3500,3.5200,1890239
000509,华塑控股,2004-11-11,3.5100,3.6500,3.5000,3.5200,3016159
000509,华塑控股,2004-11-12,3.6000,3.6900,3.5700,3.6000,4141930
000509,华塑控股,2004-11-15,3.6000,3.6400,3.5400,3.6200,1237656
000509,华塑控股,2004-11-16,3.6200,3.6500,3.5500,3.5800,878105
000509,华塑控股,2004-11-17,3.5600,3.5900,3.5100,3.5300,745046
000509,华塑控股,2004-11-18,3.5000,3.7100,3.5000,3.6800,1702398
000509,华塑控股,2004-11-19,3.6600,3.6700,3.5800,3.6600,1276208
000509,华塑控股,2004-11-22,3.6500,3.7100,3.6300,3.6900,1404999
000509,华塑控股,2004-11-23,3.7000,3.7800,3.6500,3.7400,1654812
000509,华塑控股,2004-11-24,3.7000,3.7600,3.6100,3.6100,1146502
000509,华塑控股,2004-11-25,3.6000,3.6100,3.5300,3.5500,971500
000509,华塑控股,2004-11-26,3.5300,3.7100,3.5300,3.6000,1061779
000509,华塑控股,2004-11-29,3.6000,3.6300,3.5100,3.5200,668200
000509,华塑控股,2004-11-30,3.5200,3.5600,3.5000,3.5600,465087
000509,华塑控股,2004-12-01,3.5500,3.6000,3.5300,3.5800,399937
000509,华塑控股,2004-12-02,3.5600,3.6800,3.5400,3.6600,1382376
000509,华塑控股,2004-12-03,3.6800,3.7100,3.6300,3.6800,1379359
000509,华塑控股,2004-12-06,3.6800,3.8300,3.6200,3.8200,3101170
000509,华塑控股,2004-12-07,3.8200,3.8200,3.6600,3.6600,1827180
000509,华塑控股,2004-12-08,3.7200,3.7500,3.6600,3.7300,904485
000509,华塑控股,2004-12-09,3.7300,3.7400,3.6600,3.6800,942351
000509,华塑控股,2004-12-10,3.6600,3.6700,3.5000,3.5200,901525
000509,华塑控股,2004-12-13,3.4500,3.5100,3.4400,3.4800,534914
000509,华塑控股,2004-12-14,3.4700,3.5400,3.4500,3.4500,208904
000509,华塑控股,2004-12-15,3.4500,3.5000,3.3200,3.4300,1045317
000509,华塑控股,2004-12-16,3.4300,3.4300,3.3500,3.3500,467300
000509,华塑控股,2004-12-17,3.3200,3.3900,3.3200,3.3600,310445
000509,华塑控股,2004-12-20,3.3000,3.3800,3.3000,3.3400,320490
000509,华塑控股,2004-12-21,3.3300,3.4200,3.3300,3.4000,300097
000509,华塑控股,2004-12-22,3.3800,3.5200,3.3800,3.5200,855947
000509,华塑控股,2004-12-23,3.4800,3.5000,3.4000,3.4000,381800
000509,华塑控股,2004-12-24,3.4100,3.4500,3.3600,3.4000,263499
000509,华塑控股,2004-12-27,3.3600,3.4100,3.3500,3.3600,290600
000509,华塑控股,2004-12-28,3.3400,3.3900,3.3400,3.3600,355043
000509,华塑控股,2004-12-29,3.3600,3.4300,3.3500,3.3600,260650
000509,华塑控股,2004-12-30,3.4200,3.4200,3.2900,3.3300,479880
000509,华塑控股,2004-12-31,3.3200,3.3700,3.0200,3.1000,1228808
000509,华塑控股,2005-01-04,3.0600,3.1200,3.0300,3.1000,288708
000509,华塑控股,2005-01-05,3.0900,3.2100,3.0800,3.1800,458940
000509,华塑控股,2005-01-06,3.1600,3.2000,3.0600,3.1100,714849
000509,华塑控股,2005-01-07,3.0700,3.1500,3.0600,3.1000,487800
000509,华塑控股,2005-01-10,3.0900,3.1600,3.0700,3.1500,412798
000509,华塑控股,2005-01-11,3.1500,3.2000,3.1100,3.1900,555775
000509,华塑控股,2005-01-12,3.1800,3.2600,3.1400,3.2500,725532
000509,华塑控股,2005-01-13,3.2500,3.2700,3.2000,3.2400,910500
000509,华塑控股,2005-01-14,3.2700,3.3100,3.1500,3.2300,974183
000509,华塑控股,2005-01-17,3.2200,3.2200,3.1100,3.1300,432487
000509,华塑控股,2005-01-18,3.1600,3.2700,3.1100,3.2600,1084147
000509,华塑控股,2005-01-19,3.2700,3.3900,3.2400,3.3100,3573902
000509,华塑控股,2005-01-20,3.2900,3.3000,3.2000,3.2400,926607
000509,华塑控股,2005-01-21,3.2100,3.3000,3.1800,3.2800,952968
000509,华塑控股,2005-01-24,3.4300,3.4400,3.3000,3.3200,1160208
000509,华塑控股,2005-01-25,3.3000,3.3000,3.2300,3.2800,588215
000509,华塑控股,2005-01-26,3.2700,3.2800,3.2100,3.2300,411785
000509,华塑控股,2005-01-27,3.2000,3.2200,3.1400,3.1400,712860
000509,华塑控股,2005-01-28,3.1300,3.1700,3.0700,3.0900,589700
000509,华塑控股,2005-01-31,3.0700,3.0700,2.8800,2.9200,732148
000509,华塑控股,2005-02-01,2.9000,2.9800,2.8900,2.9000,465100
000509,华塑控股,2005-02-02,2.9100,3.0800,2.9100,3.0500,965894
000509,华塑控股,2005-02-03,3.0400,3.1200,3.0000,3.0300,832497
000509,华塑控股,2005-02-04,3.0500,3.0800,2.9900,3.0600,655875
000509,华塑控股,2005-02-16,3.0800,3.1800,3.0700,3.1300,1026774
000509,华塑控股,2005-02-17,3.1300,3.1400,3.0800,3.1400,528031
000509,华塑控股,2005-02-18,3.0900,3.2600,3.0900,3.2100,2119580
