Stkcd,Lstknm,TrdDt,Oppr,Hipr,Lopr,Clpr,Trdvol,
000663,永安林业,2001-01-02,13.8400,14.0500,13.7100,13.9400,703827
000663,永安林业,2001-01-03,14.0000,14.4300,14.0000,14.3400,789752
000663,永安林业,2001-01-04,14.3000,14.3800,14.1700,14.2900,504498
000663,永安林业,2001-01-05,14.2700,14.5800,14.2000,14.4500,587001
000663,永安林业,2001-01-08,14.5500,14.6500,14.2800,14.5000,741343
000663,永安林业,2001-01-09,14.5000,14.6300,14.2500,14.4000,517535
000663,永安林业,2001-01-10,14.4000,14.7800,14.3000,14.6500,659525
000663,永安林业,2001-01-11,14.6500,14.6500,14.4500,14.4600,491345
000663,永安林业,2001-01-12,14.5000,14.5100,14.3000,14.3100,389219
000663,永安林业,2001-01-15,14.3100,14.3100,13.7100,13.8500,479938
000663,永安林业,2001-01-16,13.8300,13.9900,13.6500,13.9400,257997
000663,永安林业,2001-01-17,13.9500,14.0000,13.8300,13.8700,186200
000663,永安林业,2001-01-18,13.8500,13.9500,13.7200,13.7800,354900
000663,永安林业,2001-01-19,13.8200,14.1200,13.8000,14.0700,254459
000663,永安林业,2001-02-05,14.0900,14.1000,13.7600,13.8000,208100
000663,永安林业,2001-02-06,13.7100,13.8200,13.5000,13.6800,277743
000663,永安林业,2001-02-07,13.6800,13.7900,13.6000,13.7200,177860
000663,永安林业,2001-02-08,13.6100,13.7400,13.2500,13.2900,256315
000663,永安林业,2001-02-09,13.3000,13.6000,13.3000,13.4900,161467
000663,永安林业,2001-02-12,13.4900,13.4900,13.0500,13.4000,187000
000663,永安林业,2001-02-13,13.4000,13.5100,13.3200,13.4200,139911
000663,永安林业,2001-02-14,13.3300,13.4000,13.2000,13.3600,174661
000663,永安林业,2001-02-15,13.4000,13.4200,13.2000,13.2900,175700
000663,永安林业,2001-02-16,13.2000,13.2500,13.0300,13.2100,225322
000663,永安林业,2001-02-19,13.2100,13.4300,13.1300,13.4000,121225
000663,永安林业,2001-02-20,13.3500,13.4900,13.1800,13.3200,198800
000663,永安林业,2001-02-21,13.3000,13.3000,12.8500,12.9500,337382
000663,永安林业,2001-02-22,12.9000,13.0700,12.7500,12.9100,193307
000663,永安林业,2001-02-23,12.9000,13.0500,12.8000,12.9800,216074
000663,永安林业,2001-02-26,13.0100,13.2800,12.9800,13.1400,153969
000663,永安林业,2001-02-27,13.2000,13.2900,13.1100,13.2300,139500
000663,永安林业,2001-02-28,13.1800,13.2800,13.1200,13.1900,67600
000663,永安林业,2001-03-01,13.0000,13.3800,13.0000,13.3000,127733
000663,永安林业,2001-03-02,13.3000,13.5000,13.3000,13.4400,170104
000663,永安林业,2001-03-05,13.4500,13.5000,13.3400,13.3500,157345
000663,永安林业,2001-03-06,13.3500,13.3500,13.1500,13.2300,156624
000663,永安林业,2001-03-07,13.2300,13.6000,13.2200,13.5900,283817
000663,永安林业,2001-03-08,13.5500,13.8000,13.5100,13.7200,435035
000663,永安林业,2001-03-09,14.1800,14.1800,13.6200,13.7500,610044
000663,永安林业,2001-03-12,13.7300,13.7500,13.6500,13.7200,161367
000663,永安林业,2001-03-13,13.7200,13.7900,13.4500,13.5700,169676
000663,永安林业,2001-03-14,13.5500,13.6800,13.4200,13.6600,127246
000663,永安林业,2001-03-15,13.7900,13.7900,13.5000,13.5100,195100
000663,永安林业,2001-03-16,13.5500,13.6500,13.3900,13.5100,262759
000663,永安林业,2001-03-19,13.5200,13.7900,13.4800,13.7900,286857
000663,永安林业,2001-03-20,13.7900,13.8500,13.6700,13.7500,251977
000663,永安林业,2001-03-21,13.7500,14.0000,13.6200,13.9500,454962
000663,永安林业,2001-03-22,13.9600,14.0000,13.8000,13.8900,421507
000663,永安林业,2001-03-23,13.9100,14.1100,13.7200,13.7300,496187
000663,永安林业,2001-03-26,13.7300,13.9800,13.7300,13.9700,256509
000663,永安林业,2001-03-27,14.0800,14.2000,13.9600,14.1900,587161
000663,永安林业,2001-03-28,14.1000,14.2700,14.0100,14.1100,405158
000663,永安林业,2001-03-29,14.0200,14.2500,14.0200,14.1700,502222
000663,永安林业,2001-03-30,14.1600,14.3000,14.1000,14.2500,672101
000663,永安林业,2001-04-02,14.3000,14.3300,14.0000,14.1800,669741
000663,永安林业,2001-04-03,14.2000,14.2300,13.8700,14.0200,375112
000663,永安林业,2001-04-04,13.9800,14.0000,13.7500,13.7900,415880
000663,永安林业,2001-04-05,13.5000,13.7000,13.4500,13.6500,958898
000663,永安林业,2001-04-06,13.6200,13.6900,13.3900,13.4200,1155310
000663,永安林业,2001-04-09,13.3900,13.6600,13.2500,13.5900,799914
000663,永安林业,2001-04-10,13.6600,14.2000,13.6100,14.0000,962255
000663,永安林业,2001-04-11,14.0900,14.1000,13.8700,13.9400,334928
000663,永安林业,2001-04-12,13.9000,14.0600,13.9000,13.9900,641245
000663,永安林业,2001-04-13,13.8000,14.0500,13.8000,14.0200,489754
000663,永安林业,2001-04-16,14.0100,14.1800,13.9700,14.0600,720950
000663,永安林业,2001-04-17,14.0800,14.1300,13.9000,13.9700,673031
000663,永安林业,2001-04-18,13.9700,14.5000,13.9100,14.2800,1398152
000663,永安林业,2001-04-19,14.3100,14.4400,14.1100,14.4000,857130
000663,永安林业,2001-04-20,14.3800,14.5000,14.2100,14.2400,1070666
000663,永安林业,2001-04-23,14.2500,14.7000,14.1300,14.6800,1654299
000663,永安林业,2001-04-24,14.6800,14.8200,14.5300,14.6900,1192049
000663,永安林业,2001-04-25,14.7000,14.7200,14.2000,14.2400,1052055
000663,永安林业,2001-04-26,14.1800,14.4600,14.1100,14.2600,616361
000663,永安林业,2001-04-27,14.2600,14.5600,14.2600,14.5400,751900
000663,永安林业,2001-04-30,14.7000,14.7000,14.4500,14.4700,467921
000663,永安林业,2001-05-09,14.7000,14.7800,14.5500,14.6100,470582
000663,永安林业,2001-05-10,14.6300,14.9000,14.6200,14.8600,1209465
000663,永安林业,2001-05-11,14.8800,14.9400,14.6800,14.7000,597171
000663,永安林业,2001-05-14,14.7800,15.1300,14.7500,15.0500,1827671
000663,永安林业,2001-05-15,15.0500,15.2200,14.9700,15.0500,843473
000663,永安林业,2001-05-16,15.1000,15.1500,14.6800,14.9300,849818
000663,永安林业,2001-05-17,14.9300,14.9600,14.6600,14.7000,764434
000663,永安林业,2001-05-18,14.7000,14.9500,14.6800,14.9300,542889
000663,永安林业,2001-05-21,15.0000,15.0700,14.5700,14.6300,1402275
000663,永安林业,2001-05-22,14.6300,14.8200,14.4000,14.7300,1371911
000663,永安林业,2001-05-23,14.7000,14.8100,14.4600,14.5400,711027
000663,永安林业,2001-05-24,14.5000,14.8200,14.3800,14.7000,816823
000663,永安林业,2001-05-25,14.6500,14.9900,14.6500,14.9300,786168
000663,永安林业,2001-05-28,15.0000,15.1000,14.8500,15.0300,1242189
000663,永安林业,2001-05-29,15.0000,15.1500,14.8500,15.0500,1130478
000663,永安林业,2001-05-30,15.0300,15.4500,15.0000,15.3900,2189361
000663,永安林业,2001-05-31,15.4500,15.4800,15.2500,15.3500,1017697
000663,永安林业,2001-06-01,15.4000,15.6600,15.2000,15.3200,1008816
000663,永安林业,2001-06-04,15.3500,15.4700,15.1500,15.3400,828196
000663,永安林业,2001-06-05,15.4000,15.6000,15.3500,15.4500,945405
000663,永安林业,2001-06-06,15.4500,15.6500,15.4500,15.5900,937896
000663,永安林业,2001-06-07,15.5900,15.7000,15.1800,15.1800,804500
000663,永安林业,2001-06-08,15.2000,15.2600,15.0800,15.1800,591034
000663,永安林业,2001-06-11,15.0700,15.2600,15.0000,15.1000,551773
000663,永安林业,2001-06-12,15.1000,15.4400,15.1000,15.4200,406899
000663,永安林业,2001-06-13,15.4300,15.5700,15.3300,15.4000,504692
000663,永安林业,2001-06-14,15.4000,15.4300,14.8500,14.9000,795854
000663,永安林业,2001-06-15,14.8100,15.0900,14.7000,14.9900,632693
000663,永安林业,2001-06-18,15.0500,15.0500,14.5000,14.5700,655861
000663,永安林业,2001-06-19,14.5500,14.7500,14.5500,14.6400,269098
000663,永安林业,2001-06-20,14.6000,14.8300,14.5600,14.5800,289395
000663,永安林业,2001-06-21,14.7000,14.7000,14.5800,14.6700,381741
000663,永安林业,2001-06-22,14.7000,14.7500,14.5000,14.6000,442602
000663,永安林业,2001-06-25,14.6300,15.0000,14.6100,14.9500,420084
000663,永安林业,2001-06-26,14.8600,15.0000,14.8000,14.8500,477081
000663,永安林业,2001-06-27,14.9000,14.9600,14.6500,14.6600,580664
000663,永安林业,2001-06-28,14.7900,14.9500,14.7000,14.8500,268061
000663,永安林业,2001-06-29,14.8500,15.0200,14.8500,14.9400,391611
000663,永安林业,2001-07-02,14.9900,15.0000,14.8100,14.8700,194300
000663,永安林业,2001-07-03,14.8800,15.6900,14.6800,15.1600,703450
000663,永安林业,2001-07-04,15.2500,15.2500,15.0300,15.0800,519426
000663,永安林业,2001-07-05,14.8800,14.8800,14.5800,14.6800,214900
000663,永安林业,2001-07-06,14.6900,14.6900,14.4000,14.4200,367290
000663,永安林业,2001-07-09,14.4200,14.5600,14.3300,14.4700,175599
000663,永安林业,2001-07-10,14.5000,14.7800,14.4400,14.7400,205250
000663,永安林业,2001-07-11,14.8300,14.8300,14.4000,14.4200,190100
000663,永安林业,2001-07-12,14.4000,14.5000,14.3400,14.4000,245468
000663,永安林业,2001-07-13,14.4200,14.5800,14.4000,14.4300,123112
000663,永安林业,2001-07-16,14.6500,14.7000,14.2500,14.2700,142600
000663,永安林业,2001-07-17,14.2200,14.3000,13.8000,13.9900,403145
000663,永安林业,2001-07-18,14.0000,14.1500,13.8200,13.9200,199647
000663,永安林业,2001-07-19,14.0000,14.0100,13.9300,13.9700,170362
000663,永安林业,2001-07-20,14.0500,14.2800,13.9700,14.1300,442101
000663,永安林业,2001-07-23,14.1800,14.2600,14.0000,14.0800,314295
000663,永安林业,2001-07-24,14.0000,14.2400,13.9100,14.1000,251430
000663,永安林业,2001-07-25,14.2400,14.2400,13.7000,13.7800,266100
000663,永安林业,2001-07-26,14.0000,14.0000,13.7500,13.8000,200955
000663,永安林业,2001-07-27,13.7800,13.9400,13.5300,13.5500,213249
000663,永安林业,2001-07-30,13.6000,13.6000,12.9000,12.9200,344840
000663,永安林业,2001-07-31,12.8500,13.9200,12.8000,13.1900,403347
000663,永安林业,2001-08-01,13.1500,13.5500,13.1500,13.4400,373408
000663,永安林业,2001-08-02,13.4500,13.5000,12.9000,13.2700,175850
000663,永安林业,2001-08-03,13.2700,13.4300,13.1000,13.3200,67530
000663,永安林业,2001-08-06,13.1200,13.4600,12.7000,13.2600,299092
000663,永安林业,2001-08-07,13.0200,13.3900,13.0200,13.3500,255350
000663,永安林业,2001-08-08,13.2200,13.5200,13.2200,13.5000,146268
000663,永安林业,2001-08-09,13.4000,13.6800,13.4000,13.6200,176896
000663,永安林业,2001-08-10,13.6800,13.7600,13.6300,13.6400,215700
000663,永安林业,2001-08-13,13.6400,13.7600,13.4800,13.4900,183405
000663,永安林业,2001-08-14,13.5600,13.6200,13.4000,13.6000,242347
000663,永安林业,2001-08-15,13.5600,13.6600,13.4800,13.6000,104145
000663,永安林业,2001-08-16,13.5800,13.6000,13.1700,13.2200,136200
000663,永安林业,2001-08-17,13.2200,13.3000,13.1700,13.2500,116240
000663,永安林业,2001-08-20,13.2500,13.4600,13.2500,13.4600,135510
000663,永安林业,2001-08-21,13.6200,13.6200,13.4100,13.4500,41061
000663,永安林业,2001-08-22,13.3500,13.4400,13.1000,13.2000,137176
000663,永安林业,2001-08-23,13.1100,13.5000,13.0200,13.4400,105386
000663,永安林业,2001-08-24,13.4000,13.4300,13.2000,13.2100,88100
000663,永安林业,2001-08-27,13.2100,13.3900,12.8100,12.8600,189713
000663,永安林业,2001-08-28,12.8600,12.9000,12.5600,12.8100,307915
000663,永安林业,2001-08-29,12.8300,12.9600,12.7900,12.8200,70980
000663,永安林业,2001-08-30,12.5600,12.7500,12.5600,12.6700,58963
000663,永安林业,2001-08-31,12.4100,12.9400,12.4100,12.8900,76912
000663,永安林业,2001-09-03,12.8700,12.8800,12.3900,12.4400,184602
000663,永安林业,2001-09-04,12.5000,12.7600,12.4500,12.6800,259900
000663,永安林业,2001-09-05,12.6600,13.0500,12.6000,12.7900,461327
000663,永安林业,2001-09-06,12.7700,12.8900,12.7000,12.7400,82600
000663,永安林业,2001-09-07,12.7300,12.7800,12.1500,12.1800,271600
000663,永安林业,2001-09-10,12.1500,12.3900,11.9200,12.2800,335296
000663,永安林业,2001-09-11,12.2800,12.4500,12.1500,12.1800,225000
000663,永安林业,2001-09-12,11.9900,12.1600,11.2000,11.8400,404398
000663,永安林业,2001-09-13,11.8600,11.9700,11.7000,11.7200,134010
000663,永安林业,2001-09-14,11.6500,11.7300,11.3100,11.3400,265100
000663,永安林业,2001-09-17,11.2600,11.3800,10.7500,10.7600,503498
000663,永安林业,2001-09-18,10.8000,11.1000,10.7700,10.9800,346168
000663,永安林业,2001-09-19,11.0000,11.0900,10.8100,11.0700,168510
000663,永安林业,2001-09-20,11.1000,11.2800,11.0700,11.0800,206399
000663,永安林业,2001-09-21,10.9800,11.1500,10.9300,10.9500,148783
000663,永安林业,2001-09-24,10.9000,11.0000,10.8200,10.9300,122400
000663,永安林业,2001-09-25,11.0700,11.0700,10.8500,10.9000,109028
000663,永安林业,2001-09-26,10.9000,10.9000,10.7000,10.7100,147900
000663,永安林业,2001-09-27,10.6400,10.8200,10.6100,10.7200,100056
000663,永安林业,2001-10-08,10.6100,10.7500,10.1200,10.1800,158310
000663,永安林业,2001-10-09,10.0200,10.4200,10.0200,10.3000,129846
000663,永安林业,2001-10-10,10.3000,10.3000,9.8500,9.8500,266938
000663,永安林业,2001-10-11,9.7000,9.9800,9.5300,9.6000,202900
000663,永安林业,2001-10-12,9.6000,10.0000,9.3400,9.9400,389551
000663,永安林业,2001-10-16,9.9400,9.9600,9.7000,9.7900,157736
000663,永安林业,2001-10-17,9.5400,9.8100,9.5400,9.6700,63768
000663,永安林业,2001-10-18,9.6700,9.8600,9.4800,9.5000,94300
000663,永安林业,2001-10-19,9.4100,9.4900,8.9500,9.0400,280727
000663,永安林业,2001-10-22,8.8200,9.0500,8.7100,8.7800,172632
000663,永安林业,2001-10-23,9.6600,9.6600,9.3600,9.6600,642770
000663,永安林业,2001-10-24,10.0500,10.3700,9.8900,10.1800,1127383
000663,永安林业,2001-10-25,10.1000,10.1000,9.6900,9.7000,490388
000663,永安林业,2001-10-26,9.6800,9.8100,9.5500,9.7100,262747
000663,永安林业,2001-10-29,9.8400,9.9500,9.7000,9.9400,275361
000663,永安林业,2001-10-30,10.0200,10.0800,9.7200,9.7300,191300
000663,永安林业,2001-10-31,9.7000,9.8200,9.5000,9.8100,140016
000663,永安林业,2001-11-01,9.8000,10.0800,9.7900,9.9900,257403
000663,永安林业,2001-11-02,9.9600,10.0300,9.8500,9.9500,154361
000663,永安林业,2001-11-05,9.9400,9.9400,9.6600,9.8100,112400
000663,永安林业,2001-11-06,9.7700,9.7700,9.6000,9.6400,222900
000663,永安林业,2001-11-07,9.5800,9.6800,8.8500,8.9000,404800
000663,永安林业,2001-11-08,8.7200,9.1800,8.7200,9.0800,265469
000663,永安林业,2001-11-09,9.0900,9.2400,8.8900,9.1800,104835
000663,永安林业,2001-11-12,9.2000,9.2500,9.0000,9.1100,111598
000663,永安林业,2001-11-13,8.8900,9.1600,8.8200,9.1000,78755
000663,永安林业,2001-11-14,9.1000,9.2400,9.0700,9.0700,112019
000663,永安林业,2001-11-15,9.1000,9.2500,9.1000,9.2200,30600
000663,永安林业,2001-11-16,10.0600,10.0800,9.2900,9.3100,415122
000663,永安林业,2001-11-19,9.4400,9.5800,9.3200,9.5700,149430
000663,永安林业,2001-11-20,9.5600,10.3500,9.5600,10.0300,794045
000663,永安林业,2001-11-21,10.0600,10.1200,9.8500,10.1000,282108
000663,永安林业,2001-11-22,10.1000,10.1800,9.9500,10.1500,292245
000663,永安林业,2001-11-23,10.1100,10.2100,10.1100,10.1400,259099
000663,永安林业,2001-11-26,10.1200,10.1200,9.9000,9.9700,166600
000663,永安林业,2001-11-27,9.9400,10.2000,9.9400,10.2000,175983
000663,永安林业,2001-11-28,10.2000,10.3500,10.1900,10.3100,350536
000663,永安林业,2001-11-29,10.3000,10.5500,10.2500,10.5200,560076
000663,永安林业,2001-11-30,10.5200,10.7000,10.4000,10.6900,650050
000663,永安林业,2001-12-03,10.7700,10.9500,10.6900,10.8100,765007
000663,永安林业,2001-12-04,10.8000,10.9900,10.7000,10.9800,270193
000663,永安林业,2001-12-05,11.0000,11.0000,10.6000,10.6000,687200
000663,永安林业,2001-12-06,10.5100,10.8000,10.5100,10.7900,331959
000663,永安林业,2001-12-07,10.8900,10.9500,10.7000,10.7200,309407
000663,永安林业,2001-12-10,10.9400,10.9400,10.7200,10.9300,590237
000663,永安林业,2001-12-11,10.9300,11.3700,10.7600,11.2600,1900030
000663,永安林业,2001-12-12,11.4400,11.6300,11.0400,11.1400,1379696
000663,永安林业,2001-12-13,11.1400,11.2500,10.5200,10.5700,788200
000663,永安林业,2001-12-14,10.5000,10.7100,10.2700,10.2900,657800
000663,永安林业,2001-12-17,10.3600,10.4200,10.1200,10.2600,289998
000663,永安林业,2001-12-18,10.1600,10.4900,10.1600,10.4900,336339
000663,永安林业,2001-12-19,10.4800,10.5600,10.2100,10.2400,331530
000663,永安林业,2001-12-20,10.1800,10.2400,9.6800,9.7500,671694
000663,永安林业,2001-12-21,9.7500,9.9400,9.7500,9.9000,220220
000663,永安林业,2001-12-24,9.8000,9.9000,9.5800,9.6100,289599
000663,永安林业,2001-12-25,9.6100,9.8000,9.5500,9.7100,135547
000663,永安林业,2001-12-26,9.6300,9.9200,9.6100,9.8900,169733
000663,永安林业,2001-12-27,9.9500,10.1000,9.8600,9.9400,253841
000663,永安林业,2001-12-28,9.9100,10.0800,9.8900,10.0400,230090
000663,永安林业,2001-12-31,10.0500,10.1000,9.8800,9.9600,158277
000663,永安林业,2002-01-04,9.9100,9.9100,9.4900,9.5200,174630
000663,永安林业,2002-01-07,9.4500,9.5000,9.3100,9.4100,139645
000663,永安林业,2002-01-08,9.4100,9.5500,9.3000,9.3500,82299
000663,永安林业,2002-01-09,9.3000,9.3000,8.9900,9.0500,258562
000663,永安林业,2002-01-10,9.0100,9.4000,8.7200,9.3800,299425
000663,永安林业,2002-01-11,9.2000,9.2000,8.9000,8.9500,270425
000663,永安林业,2002-01-14,8.8800,9.0800,8.7500,9.0000,271426
000663,永安林业,2002-01-15,8.9000,8.9500,8.1000,8.1000,689133
000663,永安林业,2002-01-16,7.8000,8.0500,7.4700,7.9100,669193
000663,永安林业,2002-01-17,7.8000,7.8300,7.4500,7.4700,322550
000663,永安林业,2002-01-18,7.4100,7.5800,7.2000,7.2800,288873
000663,永安林业,2002-01-21,7.1300,7.3000,6.5500,6.6200,346900
000663,永安林业,2002-01-22,6.6000,6.9700,6.2600,6.3800,312809
000663,永安林业,2002-01-23,6.3600,7.0200,6.1500,6.9900,467248
000663,永安林业,2002-01-24,6.9000,7.4000,6.6500,7.1500,985627
000663,永安林业,2002-01-25,7.1000,7.3000,7.0200,7.2000,472792
000663,永安林业,2002-01-28,7.1000,7.2000,6.5200,6.5600,653860
000663,永安林业,2002-01-29,6.5600,6.9500,6.4600,6.9200,329818
000663,永安林业,2002-01-30,6.9900,7.2000,6.8500,7.1500,402456
000663,永安林业,2002-01-31,7.1500,7.8500,7.1500,7.7700,1038925
000663,永安林业,2002-02-01,7.7700,7.9900,7.6900,7.7300,593550
000663,永安林业,2002-02-04,7.7000,8.0800,7.5700,7.9800,493634
000663,永安林业,2002-02-05,7.9800,8.1100,7.8400,8.0000,471044
000663,永安林业,2002-02-06,7.9700,8.0000,7.6500,7.7000,431095
000663,永安林业,2002-02-07,7.6900,8.0900,7.6900,7.9300,335140
000663,永安林业,2002-02-08,7.9500,8.0600,7.8500,7.8600,304176
000663,永安林业,2002-02-25,8.0600,8.4000,8.0600,8.3100,706683
000663,永安林业,2002-02-26,8.2800,8.3500,8.1000,8.3200,407763
000663,永安林业,2002-02-27,8.3000,8.4000,8.1800,8.3600,392831
000663,永安林业,2002-02-28,8.3600,8.4000,8.1500,8.2100,315854
000663,永安林业,2002-03-01,8.0900,8.1300,8.0100,8.0300,279362
000663,永安林业,2002-03-04,7.9500,8.1700,7.9100,8.1600,193323
000663,永安林业,2002-03-05,8.1200,8.4300,8.1200,8.3900,463916
000663,永安林业,2002-03-06,8.4500,8.7000,8.3500,8.4200,747690
000663,永安林业,2002-03-07,8.4100,8.9000,8.4000,8.8400,1156591
000663,永安林业,2002-03-08,8.9000,9.1300,8.8000,9.1200,1348295
000663,永安林业,2002-03-11,9.1000,9.4000,9.0400,9.3900,952905
000663,永安林业,2002-03-12,9.3500,9.6200,9.2000,9.2000,2042133
000663,永安林业,2002-03-13,9.0000,9.2800,8.7900,8.8800,877634
000663,永安林业,2002-03-14,8.9000,9.3200,8.8100,9.2700,605528
000663,永安林业,2002-03-15,9.6100,9.6100,8.8200,8.8700,1487185
000663,永安林业,2002-03-18,9.0800,9.1700,8.8400,8.9400,468002
000663,永安林业,2002-03-19,8.9200,9.2400,8.8800,9.1900,505467
000663,永安林业,2002-03-20,9.2800,9.3000,9.0900,9.2100,753582
000663,永安林业,2002-03-21,9.2500,9.4200,9.1200,9.4000,633155
000663,永安林业,2002-03-22,9.2000,9.2000,9.0200,9.0800,414000
000663,永安林业,2002-03-25,9.0800,9.2000,9.0300,9.1200,302856
000663,永安林业,2002-03-26,9.1000,9.1000,8.7000,8.9100,386924
000663,永安林业,2002-03-27,8.9100,9.1400,8.8000,9.1100,362943
000663,永安林业,2002-03-28,9.1100,9.2500,9.1100,9.1200,340446
000663,永安林业,2002-03-29,9.0900,9.0900,8.8000,8.8800,501377
000663,永安林业,2002-04-01,8.8000,9.0800,8.7100,8.9900,409492
000663,永安林业,2002-04-02,9.0100,9.0900,8.8500,9.0400,500241
000663,永安林业,2002-04-03,9.1000,9.4500,9.0800,9.4300,2056089
000663,永安林业,2002-04-04,9.4000,9.5800,9.1700,9.5300,1001736
000663,永安林业,2002-04-05,9.5800,9.6000,9.3200,9.4000,671624
000663,永安林业,2002-04-08,9.4000,9.5400,9.3000,9.4000,332009
000663,永安林业,2002-04-09,9.4500,9.6000,9.3600,9.5100,706029
000663,永安林业,2002-04-10,9.5100,9.7300,9.4000,9.6000,806801
000663,永安林业,2002-04-11,9.7000,9.7000,9.3000,9.3300,567231
000663,永安林业,2002-04-12,9.3100,9.4800,9.3100,9.4300,315680
000663,永安林业,2002-04-15,9.4300,9.4800,9.1600,9.2600,343200
000663,永安林业,2002-04-16,9.2500,9.3900,9.1500,9.2000,227367
000663,永安林业,2002-04-17,9.2200,9.2500,9.0100,9.1900,276418
000663,永安林业,2002-04-18,9.1900,9.3700,9.0900,9.3500,615757
000663,永安林业,2002-04-19,9.3500,9.6900,9.2900,9.6500,2255863
000663,永安林业,2002-04-22,9.7500,9.9200,9.6000,9.6900,1859527
000663,永安林业,2002-04-24,9.6000,9.6200,9.2400,9.3000,859267
000663,永安林业,2002-04-25,9.2500,9.3700,9.0300,9.2600,515418
000663,永安林业,2002-04-26,9.2600,9.5600,9.2600,9.5200,487400
000663,永安林业,2002-04-29,9.6000,9.8600,9.4700,9.8000,934985
000663,永安林业,2002-04-30,9.8700,9.9500,9.7000,9.9200,1141169
000663,永安林业,2002-05-08,9.9500,10.0000,9.7900,9.8200,1234054
000663,永安林业,2002-05-09,9.7800,9.8800,9.7000,9.7400,464798
000663,永安林业,2002-05-10,9.7100,9.7900,9.5200,9.5800,460358
000663,永安林业,2002-05-13,9.5100,9.6800,9.4900,9.6000,287822
000663,永安林业,2002-05-14,9.5800,9.7800,9.5400,9.6300,307442
000663,永安林业,2002-05-15,9.5300,9.7000,9.4000,9.4300,339110
000663,永安林业,2002-05-16,9.4000,9.4000,9.0100,9.0200,572181
000663,永安林业,2002-05-17,8.9900,9.2000,8.8500,9.0700,487926
000663,永安林业,2002-05-20,9.0700,9.0700,8.6600,8.7400,472800
000663,永安林业,2002-05-21,9.0100,9.3000,8.9000,9.1400,733021
000663,永安林业,2002-05-22,9.1500,9.2000,9.0500,9.0600,267072
000663,永安林业,2002-05-23,9.2000,9.6500,9.2000,9.3200,708651
000663,永安林业,2002-05-24,9.2500,9.3100,9.0600,9.1100,277996
000663,永安林业,2002-05-27,9.2200,9.2600,9.0000,9.2000,195952
000663,永安林业,2002-05-28,9.3100,9.3100,9.1500,9.2100,133406
000663,永安林业,2002-05-29,9.0700,9.1100,8.8800,8.8800,292646
000663,永安林业,2002-05-30,8.9800,9.0500,8.7000,8.9000,199461
000663,永安林业,2002-05-31,8.9500,8.9800,8.7800,8.8000,122350
000663,永安林业,2002-06-03,8.7000,8.7000,8.5000,8.5000,279087
000663,永安林业,2002-06-04,8.5000,8.6900,8.3100,8.4900,182200
000663,永安林业,2002-06-05,8.4900,8.4900,8.0800,8.0800,262600
000663,永安林业,2002-06-06,8.0000,8.7500,8.0000,8.6100,408008
000663,永安林业,2002-06-07,8.6900,8.8500,8.4900,8.6700,399737
000663,永安林业,2002-06-10,8.6000,8.6500,8.4600,8.5300,186111
000663,永安林业,2002-06-11,8.5300,8.7100,8.5000,8.6900,143559
000663,永安林业,2002-06-12,8.6500,8.6500,8.4600,8.5700,96600
000663,永安林业,2002-06-13,8.5500,8.7000,8.4100,8.4800,103305
000663,永安林业,2002-06-14,8.4600,8.5500,8.3100,8.3600,103800
000663,永安林业,2002-06-17,8.2800,8.3100,8.1000,8.3100,122224
000663,永安林业,2002-06-18,8.4000,8.6300,8.3900,8.5900,174855
000663,永安林业,2002-06-19,8.5100,8.6000,8.3500,8.4100,104500
000663,永安林业,2002-06-20,8.4000,8.5900,8.4000,8.4600,95950
000663,永安林业,2002-06-21,8.5300,8.9000,8.5000,8.8700,553060
000663,永安林业,2002-06-24,9.7600,9.7600,9.4000,9.7600,2521393
000663,永安林业,2002-06-25,9.7800,10.1100,9.5800,10.0900,2814554
000663,永安林业,2002-06-26,10.1800,10.5300,10.0100,10.2500,3887267
000663,永安林业,2002-06-27,10.2000,10.2600,9.9900,10.0600,1103218
000663,永安林业,2002-06-28,10.0800,10.1800,9.7000,9.9500,1078210
000663,永安林业,2002-07-01,9.9600,9.9800,9.7200,9.7200,499882
000663,永安林业,2002-07-02,9.6800,9.8700,9.6500,9.8600,497256
000663,永安林业,2002-07-03,9.8700,10.0800,9.8100,10.0400,474303
000663,永安林业,2002-07-04,10.0600,10.0800,9.7800,9.8000,390028
000663,永安林业,2002-07-05,9.7800,9.9000,9.7000,9.8600,114201
000663,永安林业,2002-07-08,9.8500,10.0000,9.7900,9.9400,401295
000663,永安林业,2002-07-09,10.0000,10.0000,9.8500,9.8700,215660
000663,永安林业,2002-07-10,9.8600,9.8600,9.5700,9.5900,604003
000663,永安林业,2002-07-11,9.5200,9.7500,9.5200,9.6000,320979
000663,永安林业,2002-07-12,9.6200,9.6700,9.5500,9.6500,176430
000663,永安林业,2002-07-15,9.6000,9.6000,9.5000,9.5000,187940
000663,永安林业,2002-07-16,9.5200,9.6100,9.5000,9.5500,130600
000663,永安林业,2002-07-17,9.6000,9.7200,9.5000,9.6900,138680
000663,永安林业,2002-07-18,9.6900,9.7800,9.5900,9.7700,318923
000663,永安林业,2002-07-19,9.8000,9.9200,9.7900,9.8900,559287
000663,永安林业,2002-07-22,9.8900,9.8900,9.5200,9.5900,294900
000663,永安林业,2002-07-23,9.6000,9.7000,9.5800,9.6000,175790
000663,永安林业,2002-07-24,9.6000,9.6800,9.5200,9.6100,106290
000663,永安林业,2002-07-25,9.6000,9.7200,9.5000,9.5600,127616
000663,永安林业,2002-07-26,9.6500,9.6500,9.4600,9.4600,151888
000663,永安林业,2002-07-29,9.3900,9.4600,9.2800,9.4300,240318
000663,永安林业,2002-07-30,9.5200,9.5200,9.3600,9.4800,126386
000663,永安林业,2002-07-31,9.4200,9.4600,9.3000,9.3000,119500
000663,永安林业,2002-08-01,9.2000,9.4000,9.1800,9.3000,105355
000663,永安林业,2002-08-02,9.3500,9.3500,9.3000,9.3300,82573
000663,永安林业,2002-08-05,9.3500,9.3500,9.2000,9.2400,89710
000663,永安林业,2002-08-06,9.2400,9.4100,9.2000,9.3400,150940
000663,永安林业,2002-08-07,9.3500,9.3800,9.3200,9.3600,65642
000663,永安林业,2002-08-08,9.4000,9.4000,9.3000,9.3100,57800
000663,永安林业,2002-08-09,9.3000,9.3000,9.0700,9.0800,170350
000663,永安林业,2002-08-12,9.0500,9.1600,9.0000,9.0500,114300
000663,永安林业,2002-08-13,9.1000,9.1800,9.0600,9.1200,49312
000663,永安林业,2002-08-14,9.1000,9.1800,9.0300,9.1600,109400
000663,永安林业,2002-08-15,9.1800,9.1800,9.0500,9.1000,149350
000663,永安林业,2002-08-16,9.0700,9.3600,9.0700,9.2600,154739
000663,永安林业,2002-08-19,9.2600,9.2900,9.2100,9.2500,88320
000663,永安林业,2002-08-20,9.2500,9.4500,9.2500,9.4200,206537
000663,永安林业,2002-08-21,9.4500,9.5500,9.3500,9.5300,267372
000663,永安林业,2002-08-22,9.5600,9.7000,9.5500,9.6300,802203
000663,永安林业,2002-08-23,9.6500,9.6600,9.4500,9.5100,277006
000663,永安林业,2002-08-26,9.5100,9.5500,9.3800,9.5000,156182
000663,永安林业,2002-08-27,9.5000,9.6600,9.4000,9.6000,238488
000663,永安林业,2002-08-28,9.6500,9.6800,9.5000,9.5000,107500
000663,永安林业,2002-08-29,9.5100,9.6800,9.4100,9.6700,288164
000663,永安林业,2002-08-30,9.7200,9.8800,9.6000,9.6300,707636
000663,永安林业,2002-09-02,9.6000,9.6700,9.5200,9.6600,187831
000663,永安林业,2002-09-03,9.7600,9.7600,9.5900,9.6300,130670
000663,永安林业,2002-09-04,9.5800,9.6500,9.5000,9.5300,125099
000663,永安林业,2002-09-05,9.4600,9.4700,9.3500,9.3700,238500
000663,永安林业,2002-09-06,9.4900,9.4900,9.2200,9.2600,147716
000663,永安林业,2002-09-09,9.2500,9.2900,9.1700,9.1800,126342
000663,永安林业,2002-09-10,9.1200,9.2800,9.1200,9.2200,60256
000663,永安林业,2002-09-11,9.2500,9.2500,9.0000,9.1600,148342
000663,永安林业,2002-09-12,9.1300,9.2500,9.1300,9.2100,98484
000663,永安林业,2002-09-13,9.2100,9.2400,9.1600,9.2400,40036
000663,永安林业,2002-09-16,9.1500,9.1500,9.0700,9.1100,86389
000663,永安林业,2002-09-17,9.1100,9.1800,9.0100,9.1100,118733
000663,永安林业,2002-09-18,9.0500,9.1500,9.0500,9.0800,45148
000663,永安林业,2002-09-19,9.0300,9.3500,9.0200,9.2600,134231
000663,永安林业,2002-09-20,9.2800,9.2800,9.1300,9.1600,60122
000663,永安林业,2002-09-23,9.1800,9.2000,9.1000,9.1500,24501
000663,永安林业,2002-09-24,9.1500,9.1500,9.0200,9.0600,121543
000663,永安林业,2002-09-25,9.0400,9.1500,9.0400,9.0400,70400
000663,永安林业,2002-09-26,9.0500,9.0900,8.9700,8.9800,173081
000663,永安林业,2002-09-27,9.0900,9.0900,8.7000,8.7900,232486
000663,永安林业,2002-10-08,8.7900,8.7900,8.6600,8.7900,66516
000663,永安林业,2002-10-09,8.7900,8.7900,8.6000,8.6100,97207
000663,永安林业,2002-10-10,8.6000,8.7000,8.5000,8.5400,81973
000663,永安林业,2002-10-11,8.5500,8.6000,8.4300,8.4400,94921
000663,永安林业,2002-10-14,8.4200,8.5400,8.3400,8.5300,132582
000663,永安林业,2002-10-15,8.5300,8.6000,8.4700,8.5600,50768
000663,永安林业,2002-10-16,8.5800,8.7000,8.5000,8.5600,152794
000663,永安林业,2002-10-17,8.5600,8.6100,8.4000,8.4400,104198
000663,永安林业,2002-10-18,8.3800,8.4900,8.3000,8.4500,144323
000663,永安林业,2002-10-21,8.4400,8.5200,8.3500,8.5200,81095
000663,永安林业,2002-10-22,8.5600,8.7400,8.5600,8.6600,565005
000663,永安林业,2002-10-23,8.6200,8.7300,8.6100,8.6700,148384
000663,永安林业,2002-10-24,8.6600,8.6600,8.5000,8.5000,129487
000663,永安林业,2002-10-25,8.5000,8.5500,8.3600,8.4100,88400
000663,永安林业,2002-10-28,8.3200,8.4500,8.2000,8.2100,178200
000663,永安林业,2002-10-29,8.2300,8.3000,8.1000,8.2600,181483
000663,永安林业,2002-10-30,8.2100,8.2500,8.0100,8.2000,74900
000663,永安林业,2002-10-31,8.2000,8.3000,8.1500,8.1800,42864
000663,永安林业,2002-11-01,8.2000,8.2000,8.1000,8.1700,72116
000663,永安林业,2002-11-04,8.2700,8.3300,8.2000,8.3300,77718
000663,永安林业,2002-11-05,8.3400,8.5700,8.3400,8.5000,257813
000663,永安林业,2002-11-06,8.5000,8.5000,8.4500,8.4500,133756
000663,永安林业,2002-11-07,8.4100,8.4600,8.3600,8.3800,119225
000663,永安林业,2002-11-08,8.5500,8.5500,8.0900,8.1400,178685
000663,永安林业,2002-11-11,8.1200,8.1900,8.0100,8.0200,122431
000663,永安林业,2002-11-12,8.0500,8.0700,7.6500,7.6800,278085
000663,永安林业,2002-11-13,7.6500,7.7700,7.4600,7.6600,248951
000663,永安林业,2002-11-14,7.5300,7.6800,7.4900,7.5000,139558
000663,永安林业,2002-11-15,7.4600,7.5700,7.2000,7.4300,184850
000663,永安林业,2002-11-18,7.4000,7.4100,7.2800,7.3100,88502
000663,永安林业,2002-11-19,7.3600,7.5600,7.3000,7.5400,139820
000663,永安林业,2002-11-20,7.6200,7.7800,7.4500,7.5200,1158135
000663,永安林业,2002-11-21,7.4500,7.4600,7.0900,7.1200,361552
000663,永安林业,2002-11-22,7.1500,7.3600,7.0000,7.2100,306555
000663,永安林业,2002-11-25,7.1200,7.3100,7.1100,7.2800,133406
000663,永安林业,2002-11-26,7.2300,7.3100,7.0000,7.0300,264715
000663,永安林业,2002-11-27,6.9800,7.2300,6.9000,7.1100,238963
000663,永安林业,2002-11-28,7.0500,7.3500,7.0500,7.3300,223898
000663,永安林业,2002-11-29,7.4400,7.5500,7.3000,7.4400,387304
000663,永安林业,2002-12-02,7.4800,7.4900,7.1600,7.1800,238900
000663,永安林业,2002-12-03,7.2000,7.3000,7.1800,7.3000,113240
000663,永安林业,2002-12-04,7.3500,7.4400,7.2100,7.3500,160844
000663,永安林业,2002-12-05,7.2200,7.3400,7.2000,7.2800,105900
000663,永安林业,2002-12-06,7.3000,7.3900,7.2600,7.2600,53200
000663,永安林业,2002-12-09,7.3000,7.3000,7.1500,7.2000,103937
000663,永安林业,2002-12-10,7.1800,7.2800,7.1500,7.1500,93700
000663,永安林业,2002-12-11,7.1000,7.1800,7.0500,7.1800,113500
000663,永安林业,2002-12-12,7.1000,7.2900,7.1000,7.2200,81010
000663,永安林业,2002-12-13,7.1800,7.4800,7.0800,7.3300,212107
000663,永安林业,2002-12-16,7.4000,7.5700,7.2800,7.5700,642469
000663,永安林业,2002-12-17,7.6600,7.6600,7.4600,7.6400,311396
000663,永安林业,2002-12-18,7.5200,7.7500,7.3000,7.5400,469689
000663,永安林业,2002-12-19,7.5300,7.5600,7.4500,7.5500,125523
000663,永安林业,2002-12-20,7.5500,7.8000,7.4800,7.7400,315389
000663,永安林业,2002-12-23,8.4800,8.4800,7.8000,7.8400,630020
000663,永安林业,2002-12-24,7.7600,7.9500,7.7400,7.8800,297864
000663,永安林业,2002-12-25,7.9400,8.1400,7.7600,7.7700,328988
000663,永安林业,2002-12-26,7.7700,7.8400,7.3000,7.4500,402581
000663,永安林业,2002-12-27,7.4500,7.5800,7.3200,7.4700,219857
000663,永安林业,2002-12-30,7.3600,7.5500,7.3100,7.4200,174000
000663,永安林业,2002-12-31,7.3000,7.6800,7.3000,7.3800,143032
000663,永安林业,2003-01-02,7.3100,7.4400,7.2000,7.2000,221185
000663,永安林业,2003-01-03,7.1800,7.4800,7.1800,7.4000,157082
000663,永安林业,2003-01-06,7.2100,7.5600,7.2100,7.5500,257663
000663,永安林业,2003-01-07,7.7000,7.9900,7.5500,7.6400,790763
000663,永安林业,2003-01-08,7.5600,7.8000,7.5600,7.7200,234211
000663,永安林业,2003-01-09,7.7800,7.8800,7.6500,7.8000,641365
000663,永安林业,2003-01-10,7.8000,7.8900,7.7000,7.7000,313891
000663,永安林业,2003-01-13,7.7000,7.7500,7.6200,7.6600,188056
000663,永安林业,2003-01-14,7.7400,8.1500,7.6600,7.9700,692975
000663,永安林业,2003-01-15,8.5000,8.5000,7.9500,7.9700,715160
000663,永安林业,2003-01-16,8.0000,8.1200,7.9100,8.1000,314954
000663,永安林业,2003-01-17,8.1100,8.1600,7.9100,7.9500,347248
000663,永安林业,2003-01-20,7.9600,8.0900,7.8300,8.0700,204441
000663,永安林业,2003-01-21,8.0700,8.0800,7.8500,7.8500,204200
000663,永安林业,2003-01-22,7.8300,7.8900,7.7600,7.8700,133057
000663,永安林业,2003-01-23,7.8800,7.9800,7.7100,7.7200,162602
000663,永安林业,2003-01-24,7.8400,8.2200,7.0500,8.1300,1287425
000663,永安林业,2003-01-27,8.2200,8.4500,8.2000,8.2100,1166328
000663,永安林业,2003-01-28,8.2000,8.3000,8.2000,8.2900,422996
000663,永安林业,2003-01-29,8.3500,8.4200,8.2800,8.2900,550427
000663,永安林业,2003-02-10,8.3000,8.3600,8.0800,8.1300,208850
000663,永安林业,2003-02-11,8.1200,8.2300,8.1000,8.2100,137024
000663,永安林业,2003-02-12,8.2000,8.3000,8.1000,8.2600,245610
000663,永安林业,2003-02-13,8.2900,8.3400,8.2000,8.2200,381183
000663,永安林业,2003-02-14,8.2100,8.3000,8.1600,8.2600,199610
000663,永安林业,2003-02-17,8.2500,8.4100,8.2000,8.2000,366151
000663,永安林业,2003-02-18,8.2000,8.2100,8.1600,8.1900,179434
000663,永安林业,2003-02-19,8.2000,8.3300,8.1900,8.3300,170627
000663,永安林业,2003-02-20,8.3300,8.5500,8.2500,8.4400,848307
000663,永安林业,2003-02-21,8.4800,8.4800,8.1800,8.2100,492661
000663,永安林业,2003-02-24,8.2500,8.4500,8.2000,8.4400,427010
000663,永安林业,2003-02-25,8.4400,8.6200,8.4300,8.6100,780189
000663,永安林业,2003-02-26,8.6500,8.7400,8.5600,8.6100,638980
000663,永安林业,2003-02-27,8.6300,8.6400,8.4800,8.5500,354314
000663,永安林业,2003-02-28,8.5300,8.5300,8.4400,8.4900,183602
000663,永安林业,2003-03-03,8.5000,8.6000,8.4600,8.5900,207833
000663,永安林业,2003-03-04,8.5000,8.6200,8.5000,8.5800,216189
000663,永安林业,2003-03-05,8.4800,8.5700,8.3800,8.4500,276984
000663,永安林业,2003-03-06,8.4600,8.4800,8.2500,8.2800,333111
000663,永安林业,2003-03-07,8.2000,8.3000,8.2000,8.2100,159500
000663,永安林业,2003-03-10,8.2100,8.2700,7.9500,8.0200,325694
000663,永安林业,2003-03-11,8.0200,8.0800,8.0000,8.0500,150154
000663,永安林业,2003-03-12,8.0200,8.1200,8.0000,8.1100,160680
000663,永安林业,2003-03-13,8.0600,8.1300,8.0200,8.0200,83000
000663,永安林业,2003-03-14,8.0600,8.1300,8.0200,8.0800,73067
000663,永安林业,2003-03-17,8.1000,8.1000,7.9100,8.0100,109900
000663,永安林业,2003-03-18,8.0200,8.1200,7.9000,7.9000,122400
000663,永安林业,2003-03-19,7.8000,7.9000,7.7500,7.8400,111800
000663,永安林业,2003-03-20,7.8000,7.8800,7.7200,7.8600,202750
000663,永安林业,2003-03-21,7.7700,7.9500,7.7700,7.9400,103496
000663,永安林业,2003-03-24,7.9200,8.1400,7.9200,8.0900,624200
000663,永安林业,2003-03-25,8.0100,8.0100,7.8000,7.8400,119500
000663,永安林业,2003-03-26,7.8200,7.8500,7.7500,7.7900,125248
000663,永安林业,2003-03-27,7.7300,8.0500,7.6800,8.0000,201360
000663,永安林业,2003-03-28,8.0200,8.0600,7.8800,7.8900,173247
000663,永安林业,2003-03-31,7.9000,8.1600,7.8100,8.0000,216908
000663,永安林业,2003-04-01,8.0000,8.0600,8.0000,8.0500,223531
000663,永安林业,2003-04-02,8.0600,8.0600,7.9600,7.9800,115420
000663,永安林业,2003-04-03,7.9500,8.0200,7.8900,7.9200,192757
000663,永安林业,2003-04-04,7.9000,7.9800,7.8200,7.9000,165149
000663,永安林业,2003-04-07,7.9000,7.9600,7.7300,7.7800,120580
000663,永安林业,2003-04-08,7.7200,7.8000,7.6300,7.6600,215953
000663,永安林业,2003-04-09,7.6100,7.6800,7.5000,7.6700,426986
000663,永安林业,2003-04-10,7.6600,7.8400,7.4800,7.8300,872403
000663,永安林业,2003-04-11,7.8800,8.2000,7.8800,8.1800,1594492
000663,永安林业,2003-04-14,8.2100,8.3400,8.1000,8.2900,815533
000663,永安林业,2003-04-15,8.2400,8.3200,8.1200,8.2500,660916
000663,永安林业,2003-04-16,8.2300,8.2500,8.0200,8.0700,906426
000663,永安林业,2003-04-17,8.0800,8.1300,7.9500,8.0900,426745
000663,永安林业,2003-04-18,8.0900,8.2500,8.0900,8.1100,239200
000663,永安林业,2003-04-21,8.1100,8.2000,7.8800,7.9600,648523
000663,永安林业,2003-04-22,7.9500,8.0700,7.8000,7.9400,202700
000663,永安林业,2003-04-23,7.9300,7.9300,7.6900,7.7400,475423
000663,永安林业,2003-04-24,7.7000,7.8200,7.4300,7.6000,636281
000663,永安林业,2003-04-25,7.4800,7.6300,7.4800,7.6200,285011
000663,永安林业,2003-04-28,7.5500,7.6800,7.3100,7.6600,320065
000663,永安林业,2003-04-29,7.6200,7.6500,7.3900,7.4000,216300
000663,永安林业,2003-04-30,7.4100,7.4500,7.2500,7.2700,268250
000663,永安林业,2003-05-12,7.2200,7.2200,7.0900,7.1500,131365
000663,永安林业,2003-05-13,7.1500,7.1500,6.7900,6.7900,294429
000663,永安林业,2003-05-14,6.7000,7.0300,6.7000,6.9900,142600
000663,永安林业,2003-05-15,7.0000,7.2000,6.9800,7.1700,251112
000663,永安林业,2003-05-16,7.1600,7.2000,7.0700,7.1600,228517
000663,永安林业,2003-05-19,7.1300,7.3200,7.0900,7.2600,253993
000663,永安林业,2003-05-20,7.2100,7.2400,7.1000,7.1400,146400
000663,永安林业,2003-05-21,7.1500,7.1800,7.1000,7.1000,91989
000663,永安林业,2003-05-22,7.0800,7.1300,7.0100,7.1000,119483
000663,永安林业,2003-05-23,7.1000,7.1700,7.0000,7.1200,219864
000663,永安林业,2003-05-26,7.1200,7.4000,7.1200,7.4000,482386
000663,永安林业,2003-05-27,7.4000,7.4000,7.3000,7.3200,169708
000663,永安林业,2003-05-28,7.3200,7.4400,7.2500,7.4100,331436
000663,永安林业,2003-05-29,7.4100,7.5000,7.3500,7.5000,387911
000663,永安林业,2003-05-30,7.5000,7.5800,7.4300,7.5500,341899
000663,永安林业,2003-06-02,7.6000,7.6000,7.4300,7.4500,140511
000663,永安林业,2003-06-03,7.4700,7.5800,7.3800,7.5600,394263
000663,永安林业,2003-06-04,7.5400,7.5900,7.4000,7.5500,294190
000663,永安林业,2003-06-05,7.5500,7.6100,7.4800,7.6000,295291
000663,永安林业,2003-06-06,7.6600,7.8400,7.5400,7.7800,1610917
000663,永安林业,2003-06-09,7.7200,7.8100,7.5800,7.7200,1071310
000663,永安林业,2003-06-10,7.8900,7.9900,7.7700,7.7900,1640721
000663,永安林业,2003-06-11,7.7900,8.0400,7.6400,7.9500,1568935
000663,永安林业,2003-06-12,7.9000,7.9700,7.8200,7.9400,214400
000663,永安林业,2003-06-13,7.9500,8.0500,7.8000,7.8500,447297
000663,永安林业,2003-06-16,7.7600,7.8900,7.6600,7.7900,273486
000663,永安林业,2003-06-17,7.7900,7.8400,7.6500,7.6600,164187
000663,永安林业,2003-06-18,7.7000,7.7000,7.5600,7.5700,330600
000663,永安林业,2003-06-19,7.5700,7.5700,7.3500,7.4600,265265
000663,永安林业,2003-06-20,7.4300,7.5500,7.4000,7.4200,208350
000663,永安林业,2003-06-23,7.3700,7.4600,7.3500,7.3900,238214
000663,永安林业,2003-06-24,7.3900,7.4800,7.3800,7.4100,218600
000663,永安林业,2003-06-26,7.3200,7.3800,7.1600,7.3300,158998
000663,永安林业,2003-06-27,7.2500,7.3200,7.2100,7.2300,86100
000663,永安林业,2003-06-30,7.1800,7.2500,7.1100,7.1100,109600
000663,永安林业,2003-07-01,7.1000,7.3300,7.1000,7.1200,60350
000663,永安林业,2003-07-02,7.1200,7.1800,7.0300,7.1700,85450
000663,永安林业,2003-07-03,7.3400,7.4100,7.3000,7.3800,319618
000663,永安林业,2003-07-04,7.3800,7.4000,7.2600,7.3300,135299
000663,永安林业,2003-07-07,7.2700,7.4000,7.2700,7.3900,172231
000663,永安林业,2003-07-08,7.3900,7.5300,7.3900,7.5200,341151
000663,永安林业,2003-07-09,7.5200,7.5300,7.4000,7.4600,135770
000663,永安林业,2003-07-10,7.4600,7.6400,7.4100,7.5900,299060
000663,永安林业,2003-07-11,7.5300,7.6300,7.5000,7.5400,145420
000663,永安林业,2003-07-14,7.5400,7.5900,7.5000,7.5500,149049
000663,永安林业,2003-07-15,7.5500,7.6200,7.4800,7.5600,145461
000663,永安林业,2003-07-16,7.5300,7.7100,7.5000,7.6800,269431
000663,永安林业,2003-07-17,7.6000,7.7800,7.6000,7.7300,603852
000663,永安林业,2003-07-18,7.6600,7.7300,7.4400,7.4500,214200
000663,永安林业,2003-07-21,7.7500,7.9000,7.5500,7.7700,2452429
000663,永安林业,2003-07-22,7.7500,7.8800,7.6400,7.8600,1061810
000663,永安林业,2003-07-23,7.8200,7.9300,7.7300,7.7700,942309
000663,永安林业,2003-07-24,7.7700,7.8100,7.4800,7.5000,1592660
000663,永安林业,2003-07-25,7.6400,7.6400,7.3100,7.3900,369200
000663,永安林业,2003-07-28,7.3000,7.4300,7.3000,7.3400,233160
000663,永安林业,2003-07-29,7.3300,7.4500,7.3200,7.3800,132760
000663,永安林业,2003-07-30,7.4000,7.4600,7.3500,7.4600,99102
000663,永安林业,2003-07-31,7.3800,7.4800,7.3600,7.3900,84200
000663,永安林业,2003-08-01,7.3600,7.3900,7.2000,7.3900,224858
000663,永安林业,2003-08-04,7.3600,7.4700,7.2300,7.4700,177470
000663,永安林业,2003-08-05,7.4800,7.5000,7.3500,7.4900,141675
000663,永安林业,2003-08-06,7.6400,7.8400,7.5000,7.6700,2460810
000663,永安林业,2003-08-07,7.6000,7.7800,7.5200,7.6600,446213
000663,永安林业,2003-08-08,7.6000,7.6500,7.5000,7.5200,287600
000663,永安林业,2003-08-11,7.5200,7.5900,7.3000,7.5900,291001
000663,永安林业,2003-08-12,7.5800,7.5900,7.4200,7.5100,147600
000663,永安林业,2003-08-13,7.4500,7.5000,7.3800,7.3900,124175
000663,永安林业,2003-08-14,7.3900,7.4600,7.2600,7.3300,167290
000663,永安林业,2003-08-15,7.2600,7.3500,7.2600,7.3100,160425
000663,永安林业,2003-08-18,7.2800,7.4500,7.2600,7.3600,73799
000663,永安林业,2003-08-19,7.3100,7.4300,7.3100,7.3800,58900
000663,永安林业,2003-08-20,7.3800,7.3800,7.2600,7.2600,86500
000663,永安林业,2003-08-21,7.2700,7.3500,7.2600,7.2800,117700
000663,永安林业,2003-08-22,7.2900,7.4000,7.2700,7.3500,85927
000663,永安林业,2003-08-25,7.2500,7.3500,7.2200,7.2500,59600
000663,永安林业,2003-08-26,7.2600,7.3300,7.1700,7.3300,239738
000663,永安林业,2003-08-27,7.3800,7.5200,7.3000,7.4400,1077130
000663,永安林业,2003-08-28,7.3800,7.4300,7.3300,7.3300,114730
000663,永安林业,2003-08-29,7.3000,7.3500,7.2500,7.3500,82470
000663,永安林业,2003-09-01,7.3000,7.4900,7.3000,7.4300,145284
000663,永安林业,2003-09-02,7.4000,7.4000,7.2500,7.3200,247800
000663,永安林业,2003-09-03,7.2700,7.3400,7.1800,7.3300,258530
000663,永安林业,2003-09-04,7.3100,7.3100,7.2000,7.2800,192156
000663,永安林业,2003-09-05,7.2500,7.2500,7.1600,7.1700,147539
000663,永安林业,2003-09-08,7.1300,7.1900,7.1000,7.1500,78595
000663,永安林业,2003-09-09,7.1500,7.1800,7.1300,7.1400,50100
000663,永安林业,2003-09-10,7.2000,7.2500,7.1500,7.1700,66970
000663,永安林业,2003-09-11,7.2800,7.3800,7.1800,7.2000,114300
000663,永安林业,2003-09-12,7.1800,7.2500,7.0600,7.1500,513600
000663,永安林业,2003-09-15,7.1500,7.1600,7.0000,7.0000,133950
000663,永安林业,2003-09-16,7.0200,7.1000,6.9100,7.0400,77539
000663,永安林业,2003-09-17,7.0400,7.1800,6.9400,6.9500,64699
000663,永安林业,2003-09-18,6.9600,7.0000,6.9000,6.9500,90829
000663,永安林业,2003-09-19,6.9200,6.9500,6.8900,6.9500,77281
000663,永安林业,2003-09-22,6.9500,6.9900,6.8300,6.8500,87700
000663,永安林业,2003-09-23,6.8600,6.9000,6.7500,6.8900,74690
000663,永安林业,2003-09-24,6.8800,6.9500,6.8800,6.9100,73995
000663,永安林业,2003-09-25,6.8500,6.9700,6.7600,6.7800,67600
000663,永安林业,2003-09-26,6.8100,6.9300,6.7000,6.8900,332811
000663,永安林业,2003-09-29,6.8800,6.8800,6.7000,6.7400,60600
000663,永安林业,2003-09-30,6.8400,6.8500,6.5900,6.8000,171850
000663,永安林业,2003-10-08,6.7700,6.9500,6.6500,6.8500,170400
000663,永安林业,2003-10-09,6.8500,6.8800,6.7300,6.8500,46600
000663,永安林业,2003-10-10,6.7500,7.0700,6.7500,7.0000,148949
000663,永安林业,2003-10-13,7.0500,7.1000,6.8800,6.9100,100430
000663,永安林业,2003-10-14,6.9500,7.0500,6.7000,6.9000,147900
000663,永安林业,2003-10-15,6.9000,6.9600,6.7200,6.8300,356800
000663,永安林业,2003-10-16,6.7200,6.8200,6.5500,6.6200,272701
000663,永安林业,2003-10-17,6.6700,6.6700,6.5500,6.6300,99051
000663,永安林业,2003-10-20,6.6600,6.6600,6.5500,6.6300,35451
000663,永安林业,2003-10-21,6.5800,6.6300,6.5200,6.6000,44762
000663,永安林业,2003-10-22,6.6000,6.7700,6.5700,6.7000,115000
000663,永安林业,2003-10-23,6.7800,6.7800,6.6500,6.6500,82800
000663,永安林业,2003-10-24,6.6300,6.6700,6.5000,6.5300,48550
000663,永安林业,2003-10-27,6.5500,6.5600,6.3600,6.4000,115193
000663,永安林业,2003-10-28,6.4100,6.6900,6.4100,6.5000,346025
000663,永安林业,2003-10-29,6.5100,6.5200,6.1100,6.1500,191300
000663,永安林业,2003-10-30,6.2000,6.2600,6.1000,6.1700,153300
000663,永安林业,2003-10-31,6.1600,6.3200,6.1400,6.1800,71410
000663,永安林业,2003-11-03,6.1800,6.3500,6.1300,6.2900,312800
000663,永安林业,2003-11-04,6.3000,6.4000,6.2200,6.3400,208423
000663,永安林业,2003-11-05,6.3400,6.4000,6.2100,6.3600,353888
000663,永安林业,2003-11-06,6.3700,6.4000,6.1600,6.1700,246374
000663,永安林业,2003-11-07,6.1600,6.1600,5.5500,5.6000,609907
000663,永安林业,2003-11-10,5.6000,5.6000,5.3300,5.4200,222195
000663,永安林业,2003-11-11,5.4300,5.5000,5.4100,5.4900,159890
000663,永安林业,2003-11-12,5.4100,5.5700,5.4100,5.4300,118800
000663,永安林业,2003-11-13,5.4000,5.5700,5.3500,5.5300,104103
000663,永安林业,2003-11-14,5.5300,5.7600,5.5300,5.7600,169103
000663,永安林业,2003-11-17,5.9400,6.3100,5.8600,5.8700,1432919
000663,永安林业,2003-11-18,5.8000,5.9300,5.6600,5.9000,220026
000663,永安林业,2003-11-19,5.9500,6.0500,5.8000,5.9900,273053
000663,永安林业,2003-11-20,5.9600,6.1400,5.9600,6.1400,410401
000663,永安林业,2003-11-21,6.1600,6.1700,5.9800,6.0900,593010
000663,永安林业,2003-11-24,6.0400,6.1600,5.9900,6.1400,303297
000663,永安林业,2003-11-25,6.2000,6.2700,6.0800,6.1900,483699
000663,永安林业,2003-11-26,6.1800,6.2700,6.0800,6.1500,221840
000663,永安林业,2003-11-27,6.1500,6.1500,5.9000,5.9000,205000
000663,永安林业,2003-11-28,5.8900,6.0500,5.8100,6.0200,269563
000663,永安林业,2003-12-01,6.0200,6.2600,6.0100,6.1500,335879
000663,永安林业,2003-12-02,6.1500,6.2000,6.0800,6.0900,215805
000663,永安林业,2003-12-03,6.1000,6.1500,6.0400,6.0700,217090
000663,永安林业,2003-12-04,6.0000,6.1500,6.0000,6.1200,467649
000663,永安林业,2003-12-05,6.1200,6.2300,6.0900,6.1900,335570
000663,永安林业,2003-12-08,6.1900,6.2300,6.0700,6.0800,108700
000663,永安林业,2003-12-09,6.0700,6.1300,6.0100,6.1000,140163
000663,永安林业,2003-12-10,6.1000,6.1800,6.0500,6.1500,192886
000663,永安林业,2003-12-11,6.1900,6.4300,6.1900,6.3200,609636
000663,永安林业,2003-12-12,6.3300,6.3800,6.1700,6.2400,473198
000663,永安林业,2003-12-15,6.4000,6.5000,6.2400,6.3000,459327
000663,永安林业,2003-12-16,6.2300,6.2400,6.0100,6.1500,317301
000663,永安林业,2003-12-17,6.1500,6.2500,6.0500,6.0700,161180
000663,永安林业,2003-12-18,6.0700,6.1200,5.9100,6.0000,218700
000663,永安林业,2003-12-19,6.0100,6.0300,5.5000,5.6700,499249
000663,永安林业,2003-12-22,5.6300,5.8400,5.4500,5.7600,347363
000663,永安林业,2003-12-23,5.7600,5.8200,5.7100,5.7200,310882
000663,永安林业,2003-12-24,5.7100,5.8500,5.7000,5.8200,316601
000663,永安林业,2003-12-25,5.8100,5.8300,5.7500,5.7600,256540
000663,永安林业,2003-12-26,5.7400,5.9800,5.7300,5.9700,292671
000663,永安林业,2003-12-29,5.9000,5.9000,5.8000,5.8100,120952
000663,永安林业,2003-12-30,5.8000,5.8300,5.7500,5.7700,144700
000663,永安林业,2003-12-31,5.8800,6.1700,5.8700,6.0500,1643648
000663,永安林业,2004-01-02,6.0400,6.3400,5.9300,6.2900,1722887
000663,永安林业,2004-01-05,6.2500,6.3800,6.2500,6.3300,875122
000663,永安林业,2004-01-06,6.3300,6.4000,6.1500,6.2400,611516
000663,永安林业,2004-01-07,6.2400,6.3200,6.1100,6.1800,779901
000663,永安林业,2004-01-08,6.1900,6.4700,6.1900,6.4500,1128987
000663,永安林业,2004-01-09,6.5000,6.5200,6.3200,6.3300,832039
000663,永安林业,2004-01-12,6.3000,6.3000,6.1800,6.2400,395731
000663,永安林业,2004-01-13,6.2100,6.4700,6.2000,6.3500,576499
000663,永安林业,2004-01-14,6.3200,6.5300,6.3200,6.4200,816898
000663,永安林业,2004-01-15,6.4200,6.4200,6.3000,6.3000,410424
000663,永安林业,2004-01-16,6.3100,6.4600,6.3000,6.4200,407887
000663,永安林业,2004-01-29,6.4500,6.6200,6.4000,6.5700,625223
000663,永安林业,2004-01-30,6.5900,6.5900,6.3600,6.3800,456551
000663,永安林业,2004-02-02,6.4100,6.7000,6.2500,6.6400,1383154
000663,永安林业,2004-02-03,6.6600,6.8000,6.5000,6.7700,1591473
000663,永安林业,2004-02-04,6.7800,6.9000,6.6800,6.8700,1402723
000663,永安林业,2004-02-05,6.8700,6.9400,6.7600,6.9100,1235314
000663,永安林业,2004-02-06,6.8800,6.9700,6.7800,6.8200,1001401
000663,永安林业,2004-02-09,6.8200,7.0000,6.7500,6.9600,927113
000663,永安林业,2004-02-10,7.0000,7.0000,6.9000,6.9400,661156
000663,永安林业,2004-02-11,7.0000,7.0000,6.7800,6.8400,498488
000663,永安林业,2004-02-12,6.8100,6.9700,6.8100,6.9400,697504
000663,永安林业,2004-02-13,6.9400,6.9400,6.7500,6.7500,445000
000663,永安林业,2004-02-16,6.7600,6.8800,6.7300,6.8600,560024
000663,永安林业,2004-02-17,6.9000,7.0000,6.8800,6.9800,671562
000663,永安林业,2004-02-18,6.9700,7.1200,6.9000,7.0600,675587
000663,永安林业,2004-02-19,7.3000,7.4100,7.1400,7.1800,2466686
000663,永安林业,2004-02-20,7.1900,7.2500,7.0000,7.2100,1076589
000663,永安林业,2004-02-23,7.2800,7.2900,7.0800,7.0800,748900
000663,永安林业,2004-02-24,7.0300,7.0300,6.8500,6.9000,788783
000663,永安林业,2004-02-25,6.9000,7.0200,6.6500,6.7200,657900
000663,永安林业,2004-02-26,6.6900,6.7500,6.5700,6.6500,476100
000663,永安林业,2004-02-27,6.7000,6.7600,6.6500,6.7600,326054
000663,永安林业,2004-03-01,6.7600,6.8600,6.6100,6.7900,359700
000663,永安林业,2004-03-02,6.7900,7.0200,6.7000,6.9200,1247838
000663,永安林业,2004-03-03,6.9000,6.9200,6.6000,6.7800,515827
000663,永安林业,2004-03-04,6.7200,6.7900,6.6000,6.7700,412038
000663,永安林业,2004-03-05,6.7700,6.9400,6.7700,6.8000,446400
000663,永安林业,2004-03-08,6.8600,6.8600,6.5500,6.5900,306000
000663,永安林业,2004-03-09,6.6000,6.6800,6.5200,6.6300,255004
000663,永安林业,2004-03-10,6.6500,6.7500,6.5800,6.7400,298021
000663,永安林业,2004-03-11,6.7500,6.8300,6.6900,6.7800,373800
000663,永安林业,2004-03-12,6.7800,6.8300,6.7100,6.7800,259621
000663,永安林业,2004-03-15,6.7800,6.9400,6.7800,6.9200,677261
000663,永安林业,2004-03-16,6.9200,6.9900,6.8500,6.9900,612070
000663,永安林业,2004-03-17,7.0200,7.0200,6.8500,6.9200,351817
000663,永安林业,2004-03-19,6.8100,6.9500,6.7200,6.9300,510707
000663,永安林业,2004-03-22,6.8800,7.1300,6.8300,7.1200,1277227
000663,永安林业,2004-03-23,7.0600,7.0600,6.9000,6.9400,684200
000663,永安林业,2004-03-24,6.9500,7.0200,6.8600,6.9500,541971
000663,永安林业,2004-03-25,6.9500,7.2100,6.9200,7.1100,1823293
000663,永安林业,2004-03-26,7.1300,7.1700,7.0200,7.0700,799524
000663,永安林业,2004-03-29,7.0800,7.1200,6.5900,6.8600,741851
000663,永安林业,2004-03-30,6.8400,6.8900,6.7700,6.8100,355878
000663,永安林业,2004-03-31,6.9000,6.9500,6.8100,6.9500,338195
000663,永安林业,2004-04-01,6.9400,6.9600,6.8500,6.9300,437703
000663,永安林业,2004-04-02,6.9900,7.0600,6.9500,7.0500,752195
000663,永安林业,2004-04-05,7.0500,7.1900,6.9700,7.1800,1082118
000663,永安林业,2004-04-06,7.1800,7.1800,7.0600,7.1600,578605
000663,永安林业,2004-04-07,7.1500,7.3000,7.1100,7.2100,1298149
000663,永安林业,2004-04-08,7.2100,7.2900,7.1500,7.2200,873235
000663,永安林业,2004-04-09,7.3000,7.3200,6.9600,6.9600,734597
000663,永安林业,2004-04-12,6.9300,6.9800,6.8500,6.9400,306819
000663,永安林业,2004-04-13,6.9600,7.0000,6.8600,6.8900,441001
000663,永安林业,2004-04-14,6.8500,6.9100,6.6300,6.7800,326540
000663,永安林业,2004-04-15,6.7300,6.8500,6.6500,6.7400,235870
000663,永安林业,2004-04-16,6.7600,6.8000,6.5300,6.7100,308388
000663,永安林业,2004-04-19,6.7000,6.7000,6.4500,6.5100,283020
000663,永安林业,2004-04-20,6.4800,6.5600,6.4700,6.5300,193818
000663,永安林业,2004-04-21,6.5700,6.6000,6.4400,6.4700,183942
000663,永安林业,2004-04-22,6.4600,6.5500,6.4500,6.5000,182425
000663,永安林业,2004-04-23,6.5200,6.5200,6.2900,6.3000,144400
000663,永安林业,2004-04-26,6.3100,6.3900,6.2100,6.2400,161100
000663,永安林业,2004-04-27,6.3000,6.3000,6.0300,6.0500,262200
000663,永安林业,2004-04-28,6.0000,6.2000,5.9800,6.1800,235561
000663,永安林业,2004-04-29,6.2000,6.2000,6.0600,6.1700,210900
000663,永安林业,2004-04-30,6.0800,6.1700,6.0800,6.1200,133100
000663,永安林业,2004-05-10,6.1200,6.2000,6.0300,6.0300,122850
000663,永安林业,2004-05-11,6.0100,6.1300,6.0000,6.0800,78740
000663,永安林业,2004-05-12,6.0800,6.2100,6.0500,6.2100,131097
000663,永安林业,2004-05-13,6.1800,6.2100,6.0800,6.1800,146075
000663,永安林业,2004-05-14,6.2000,6.2000,6.0800,6.1500,202800
000663,永安林业,2004-05-17,6.1800,6.2600,6.1000,6.2300,266111
000663,永安林业,2004-05-18,6.2600,6.3600,6.2400,6.3400,327487
000663,永安林业,2004-05-19,6.3600,6.4200,6.3000,6.3300,360700
000663,永安林业,2004-05-20,6.3300,6.3500,6.1600,6.2400,215235
000663,永安林业,2004-05-21,6.1800,6.3000,6.1800,6.2900,79960
000663,永安林业,2004-05-24,6.3800,6.5900,6.3000,6.4200,720432
000663,永安林业,2004-05-25,6.4000,6.4200,6.0500,6.0900,414785
000663,永安林业,2004-05-26,6.0500,6.1300,6.0000,6.0800,267698
000663,永安林业,2004-05-27,6.0800,6.2100,6.0100,6.2000,237156
000663,永安林业,2004-05-28,6.1800,6.1800,6.1000,6.1100,226753
000663,永安林业,2004-05-31,6.0500,6.1400,6.0100,6.1100,109684
000663,永安林业,2004-06-01,6.1100,6.2000,6.1000,6.2000,172851
000663,永安林业,2004-06-02,6.1800,6.2800,6.1700,6.2700,269799
000663,永安林业,2004-06-04,6.1100,6.1500,6.0000,6.1000,229342
000663,永安林业,2004-06-07,6.1000,6.1000,6.0000,6.0000,152602
000663,永安林业,2004-06-08,6.0000,6.1200,5.9000,5.9000,137700
000663,永安林业,2004-06-09,5.9000,5.9100,5.8000,5.8700,341605
000663,永安林业,2004-06-10,5.8700,5.9300,5.7300,5.9100,231000
000663,永安林业,2004-06-11,5.9400,6.0400,5.8800,5.9000,575771
000663,永安林业,2004-06-14,5.8800,5.8800,5.5000,5.5700,192585
000663,永安林业,2004-06-15,5.5600,5.7000,5.5600,5.6800,105133
000663,永安林业,2004-06-16,5.7000,5.7500,5.6200,5.6900,93421
000663,永安林业,2004-06-17,5.6500,5.7500,5.5300,5.6100,92400
000663,永安林业,2004-06-18,5.4000,5.7000,5.3500,5.5300,127200
000663,永安林业,2004-06-21,5.6000,5.6700,5.5000,5.6000,102500
000663,永安林业,2004-06-22,5.6000,5.6500,5.5600,5.6200,111494
000663,永安林业,2004-06-23,5.6500,5.6500,5.5300,5.5300,80600
000663,永安林业,2004-06-24,5.5100,5.5900,5.5100,5.5800,102029
000663,永安林业,2004-06-25,5.5500,5.6300,5.3600,5.3900,99554
000663,永安林业,2004-06-28,5.4000,5.4000,5.1400,5.2000,146645
000663,永安林业,2004-06-29,5.2000,5.2700,5.0800,5.1800,132900
000663,永安林业,2004-06-30,5.2000,5.2100,5.1200,5.1500,77451
000663,永安林业,2004-07-01,5.1500,5.3500,5.1100,5.2800,147150
000663,永安林业,2004-07-02,5.2600,5.3200,5.2000,5.3100,110190
000663,永安林业,2004-07-05,5.1900,5.3000,5.1900,5.2300,54850
000663,永安林业,2004-07-06,5.2300,5.3100,5.2100,5.2700,100100
000663,永安林业,2004-07-07,5.2200,5.2600,5.1700,5.1900,82517
000663,永安林业,2004-07-08,5.1800,5.2000,5.1500,5.2000,47200
000663,永安林业,2004-07-09,5.2000,5.2600,5.1700,5.2000,70050
000663,永安林业,2004-07-12,5.2000,5.2000,5.0100,5.0200,98451
000663,永安林业,2004-07-13,5.0500,5.1200,5.0100,5.0300,103240
000663,永安林业,2004-07-14,5.0500,5.0500,4.7000,4.7900,338758
000663,永安林业,2004-07-15,4.8100,4.8800,4.7000,4.8600,169152
000663,永安林业,2004-07-16,4.8600,5.0800,4.8000,5.0000,264483
000663,永安林业,2004-07-19,5.0000,5.0400,4.9300,5.0400,137347
000663,永安林业,2004-07-20,5.0000,5.0000,4.9100,4.9300,108170
000663,永安林业,2004-07-21,4.9100,4.9600,4.8800,4.9000,71800
000663,永安林业,2004-07-22,4.8900,4.9000,4.6000,4.7800,210150
000663,永安林业,2004-07-23,4.7500,4.7800,4.6800,4.7800,77347
000663,永安林业,2004-07-26,4.8000,4.8000,4.7000,4.7500,88555
000663,永安林业,2004-07-27,4.7000,4.8000,4.6000,4.7300,148540
000663,永安林业,2004-07-28,4.7200,4.7500,4.6400,4.6800,69696
000663,永安林业,2004-07-29,4.7500,4.7700,4.6800,4.7700,120906
000663,永安林业,2004-07-30,4.7800,4.7800,4.7000,4.7300,87006
000663,永安林业,2004-08-02,4.6900,4.9000,4.6500,4.7800,222286
000663,永安林业,2004-08-03,4.7500,4.8000,4.6900,4.7700,108007
000663,永安林业,2004-08-04,4.7400,4.9400,4.7400,4.8600,183140
000663,永安林业,2004-08-05,4.8600,4.9000,4.8000,4.8300,64104
000663,永安林业,2004-08-06,4.7900,4.8800,4.7600,4.8100,67600
000663,永安林业,2004-08-09,4.8100,4.8300,4.7500,4.7500,68700
000663,永安林业,2004-08-10,4.7600,4.7900,4.6700,4.7300,59246
000663,永安林业,2004-08-11,4.6700,4.7500,4.6000,4.7500,214149
000663,永安林业,2004-08-12,4.6300,4.8300,4.6300,4.6800,257489
000663,永安林业,2004-08-13,4.5000,4.6600,4.2300,4.5000,285564
000663,永安林业,2004-08-16,4.5300,4.5900,4.4600,4.4600,83309
000663,永安林业,2004-08-17,4.4700,4.5500,4.4000,4.5400,172799
000663,永安林业,2004-08-18,4.5400,4.5800,4.4500,4.5300,116599
000663,永安林业,2004-08-19,4.4300,4.4300,4.3100,4.3200,91200
000663,永安林业,2004-08-20,4.3700,4.3700,4.2300,4.3300,65100
000663,永安林业,2004-08-23,4.2900,4.3600,4.2400,4.3500,73400
000663,永安林业,2004-08-24,4.3800,4.5000,4.3800,4.4600,113071
000663,永安林业,2004-08-25,4.4800,4.4900,4.4300,4.4300,63800
000663,永安林业,2004-08-26,4.4000,4.4300,4.3600,4.3700,54900
000663,永安林业,2004-08-27,4.3600,4.3600,4.3000,4.3300,86804
000663,永安林业,2004-08-30,4.2900,4.3700,4.2800,4.3700,39400
000663,永安林业,2004-08-31,4.4300,4.5300,4.4200,4.4900,159586
000663,永安林业,2004-09-01,4.4800,4.4800,4.3900,4.4200,43900
000663,永安林业,2004-09-02,4.4500,4.5100,4.3600,4.5000,76000
000663,永安林业,2004-09-03,4.4800,4.6000,4.4400,4.5900,265871
000663,永安林业,2004-09-06,4.6000,4.6000,4.5000,4.5400,78542
000663,永安林业,2004-09-07,4.5400,4.5400,4.4700,4.5200,87200
000663,永安林业,2004-09-08,4.5000,4.5600,4.4800,4.5000,60700
000663,永安林业,2004-09-09,4.5000,4.5000,4.3000,4.4000,129600
000663,永安林业,2004-09-10,4.3500,4.4000,4.3100,4.3900,53510
000663,永安林业,2004-09-13,4.3900,4.4000,4.2800,4.3900,147500
000663,永安林业,2004-09-14,4.4100,4.6000,4.4000,4.5500,480167
000663,永安林业,2004-09-15,4.5700,4.8800,4.5300,4.7200,584859
000663,永安林业,2004-09-16,4.7200,4.8100,4.6600,4.8100,320641
000663,永安林业,2004-09-17,4.8100,5.0100,4.7600,5.0000,684927
000663,永安林业,2004-09-20,5.0500,5.1500,4.9200,5.1500,938245
000663,永安林业,2004-09-21,5.0900,5.1500,4.9800,5.0400,530127
000663,永安林业,2004-09-22,5.0300,5.0700,4.8500,4.8500,501788
000663,永安林业,2004-09-23,4.8500,5.0600,4.8500,5.0500,415600
000663,永安林业,2004-09-24,5.0500,5.1100,4.8500,4.8600,565004
000663,永安林业,2004-09-27,4.8700,4.9500,4.6600,4.7000,246550
000663,永安林业,2004-09-28,4.7200,4.7900,4.6500,4.7800,205340
000663,永安林业,2004-09-29,4.8000,4.8200,4.7000,4.7000,209245
000663,永安林业,2004-09-30,4.7200,4.7200,4.6500,4.7000,228138
000663,永安林业,2004-10-08,4.7500,4.9000,4.6800,4.8800,281847
000663,永安林业,2004-10-11,4.8800,5.0000,4.8700,4.9700,443250
000663,永安林业,2004-10-12,5.0500,5.2800,5.0500,5.1000,2759986
000663,永安林业,2004-10-13,5.1000,5.1700,4.9600,5.1400,748234
000663,永安林业,2004-10-14,5.1000,5.1100,4.8100,4.8700,428438
000663,永安林业,2004-10-15,4.8200,4.8800,4.7100,4.7800,239300
000663,永安林业,2004-10-18,4.7800,4.9100,4.7500,4.7800,178865
000663,永安林业,2004-10-19,4.7900,4.9600,4.7900,4.9500,298407
000663,永安林业,2004-10-20,4.9300,4.9300,4.8000,4.8400,211199
000663,永安林业,2004-10-21,4.8400,4.8400,4.3600,4.3600,666681
000663,永安林业,2004-10-22,4.2100,4.3000,4.0000,4.2500,530510
000663,永安林业,2004-10-25,4.2600,4.2900,4.1800,4.2100,184771
000663,永安林业,2004-10-26,4.2200,4.3000,4.1200,4.2800,275729
000663,永安林业,2004-10-27,4.2900,4.3800,4.1600,4.3700,318865
000663,永安林业,2004-10-28,4.3700,4.4400,4.3100,4.3900,358265
000663,永安林业,2004-10-29,4.2500,4.4500,4.1300,4.4300,471539
000663,永安林业,2004-11-01,4.3700,4.3800,4.2800,4.3200,159658
000663,永安林业,2004-11-02,4.3400,4.3500,4.2100,4.2300,96550
000663,永安林业,2004-11-03,4.2100,4.3400,4.2100,4.3300,130107
000663,永安林业,2004-11-04,4.3300,4.3500,4.2500,4.2900,157249
000663,永安林业,2004-11-05,4.2600,4.2900,4.2300,4.2700,68428
000663,永安林业,2004-11-08,4.2500,4.2900,4.2000,4.2500,70268
000663,永安林业,2004-11-09,4.2200,4.2700,4.2100,4.2300,93775
000663,永安林业,2004-11-10,4.3000,4.3900,4.2000,4.3900,289880
000663,永安林业,2004-11-11,4.3700,4.4700,4.3300,4.3900,397900
000663,永安林业,2004-11-12,4.3900,4.4800,4.3500,4.4500,220539
000663,永安林业,2004-11-15,4.4300,4.4700,4.4200,4.4700,229050
000663,永安林业,2004-11-16,4.4800,4.4800,4.3900,4.4000,167558
000663,永安林业,2004-11-17,4.3800,4.4100,4.3300,4.4000,124291
000663,永安林业,2004-11-18,4.3800,4.5100,4.3600,4.4800,278532
000663,永安林业,2004-11-19,4.4500,4.6000,4.4500,4.5800,501657
000663,永安林业,2004-11-22,4.5100,4.7000,4.5100,4.6500,438047
000663,永安林业,2004-11-23,4.6600,4.6800,4.5800,4.6300,278777
000663,永安林业,2004-11-24,4.6400,4.6400,4.5600,4.5700,340710
000663,永安林业,2004-11-25,4.5600,4.6300,4.5000,4.5600,423458
000663,永安林业,2004-11-26,4.5700,4.7000,4.5700,4.6500,312164
000663,永安林业,2004-11-29,4.7700,4.7800,4.5100,4.5300,379250
000663,永安林业,2004-11-30,4.5500,4.6900,4.5100,4.6200,377550
000663,永安林业,2004-12-01,4.6600,4.7000,4.5600,4.5900,249400
000663,永安林业,2004-12-02,4.5600,4.7200,4.5200,4.6900,263700
000663,永安林业,2004-12-03,4.6800,4.7200,4.6300,4.7000,231900
000663,永安林业,2004-12-06,4.6900,4.7200,4.6100,4.6800,153800
000663,永安林业,2004-12-07,4.6500,4.7100,4.6000,4.6100,193521
000663,永安林业,2004-12-08,4.6800,4.6800,4.5800,4.6400,118350
000663,永安林业,2004-12-09,4.6000,4.6500,4.5000,4.5900,304874
000663,永安林业,2004-12-10,4.5300,4.5600,4.4300,4.4800,233050
000663,永安林业,2004-12-13,4.5800,4.5800,4.3100,4.3800,89731
000663,永安林业,2004-12-14,4.3700,4.3900,4.3000,4.3100,171405
000663,永安林业,2004-12-15,4.2800,4.3500,4.2000,4.3000,174400
000663,永安林业,2004-12-16,4.2500,4.2800,4.1900,4.2200,96419
000663,永安林业,2004-12-17,4.2300,4.2600,4.1500,4.1600,151500
000663,永安林业,2004-12-20,4.1300,4.2400,4.1300,4.1700,116100
000663,永安林业,2004-12-21,4.1700,4.2500,4.1700,4.2500,64800
000663,永安林业,2004-12-22,4.2500,4.3600,4.2300,4.3600,205846
000663,永安林业,2004-12-23,4.3600,4.3700,4.2900,4.3000,214590
000663,永安林业,2004-12-24,4.2700,4.3000,4.2600,4.2700,44201
000663,永安林业,2004-12-27,4.2500,4.3200,4.2500,4.2900,29300
000663,永安林业,2004-12-28,4.2900,4.2900,4.1700,4.2000,58800
000663,永安林业,2004-12-29,4.1800,4.2500,4.1800,4.2100,55899
000663,永安林业,2004-12-30,4.1900,4.1900,4.1400,4.1700,69400
000663,永安林业,2004-12-31,4.2000,4.2000,4.1300,4.1900,93141
000663,永安林业,2005-01-04,4.2200,4.5800,4.1800,4.5000,811715
000663,永安林业,2005-01-05,4.4000,4.5200,4.3500,4.4500,656421
000663,永安林业,2005-01-06,4.4300,4.4500,4.3200,4.3400,279752
000663,永安林业,2005-01-07,4.3500,4.4300,4.3000,4.3400,207840
000663,永安林业,2005-01-10,4.3500,4.5000,4.3500,4.4900,258710
000663,永安林业,2005-01-11,4.4900,4.4900,4.4000,4.4400,116200
000663,永安林业,2005-01-12,4.3700,4.4400,4.3500,4.4300,110800
000663,永安林业,2005-01-13,4.4600,4.4800,4.3800,4.4500,213720
000663,永安林业,2005-01-14,4.5000,4.7500,4.4700,4.6000,1295083
000663,永安林业,2005-01-17,4.5000,4.6000,4.3800,4.4000,523339
000663,永安林业,2005-01-18,4.4000,4.5000,4.3500,4.5000,230417
000663,永安林业,2005-01-19,4.4700,4.4700,4.3600,4.3900,233150
000663,永安林业,2005-01-20,4.3600,4.3900,4.1800,4.2000,385988
000663,永安林业,2005-01-21,4.2000,4.3300,4.1600,4.2800,234775
000663,永安林业,2005-01-24,4.3800,4.4900,4.2800,4.3900,1242440
000663,永安林业,2005-01-25,4.3600,4.3600,4.2300,4.2700,523622
