IdxCd,IdxNm,TrdDt,OpPr,HiPr,LoPr,ClPr
399001,深证成指,2011-01-04,12578.45,12743.48,12536.66,12714.51
399001,深证成指,2011-01-05,12634.71,12741.47,12567.05,12647.63
399001,深证成指,2011-01-06,12683.75,12790.93,12567.67,12599.66
399001,深证成指,2011-01-07,12587.49,12783.68,12502.17,12573.94
399001,深证成指,2011-01-10,12577.09,12644.32,12292.11,12331.16
399001,深证成指,2011-01-11,12275.90,12419.30,12212.60,12385.17
399001,深证成指,2011-01-12,12435.72,12518.43,12251.41,12409.98
399001,深证成指,2011-01-13,12457.77,12486.23,12358.45,12423.34
399001,深证成指,2011-01-14,12390.66,12390.66,12212.50,12294.17
399001,深证成指,2011-01-17,12159.95,12229.56,11712.68,11734.62
399001,深证成指,2011-01-18,11699.51,11797.22,11624.34,11771.59
399001,深证成指,2011-01-19,11785.50,12076.97,11730.74,12066.55
399001,深证成指,2011-01-20,12034.61,12034.61,11566.07,11566.74
399001,深证成指,2011-01-21,11534.20,11860.61,11491.93,11639.96
399001,深证成指,2011-01-24,11661.76,11689.28,11419.36,11488.92
399001,深证成指,2011-01-25,11465.53,11523.79,11377.34,11446.37
399001,深证成指,2011-01-26,11459.02,11633.10,11459.02,11599.67
399001,深证成指,2011-01-27,11481.78,11832.54,11392.94,11795.33
399001,深证成指,2011-01-28,11789.64,11935.04,11768.81,11894.23
399001,深证成指,2011-01-31,11884.34,12020.51,11820.20,11994.68
399001,深证成指,2011-02-01,12044.41,12052.39,11928.01,11991.51
399001,深证成指,2011-02-09,11903.65,12041.96,11774.30,11807.93
399001,深证成指,2011-02-10,11775.10,12177.44,11764.23,12170.51
399001,深证成指,2011-02-11,12162.32,12376.03,12127.74,12292.49
399001,深证成指,2011-02-14,12318.31,12766.05,12318.31,12737.80
399001,深证成指,2011-02-15,12767.79,12865.47,12707.21,12711.58
399001,深证成指,2011-02-16,12675.87,12884.87,12617.10,12884.87
399001,深证成指,2011-02-17,12907.69,12936.74,12664.85,12788.33
399001,深证成指,2011-02-18,12750.26,12751.15,12586.39,12613.11
399001,深证成指,2011-02-21,12526.25,12872.95,12518.61,12872.47
399001,深证成指,2011-02-22,12917.36,12918.42,12465.42,12473.33
399001,深证成指,2011-02-23,12436.63,12554.98,12396.05,12492.70
399001,深证成指,2011-02-24,12476.04,12601.43,12387.76,12578.43
399001,深证成指,2011-02-25,12585.82,12735.15,12464.40,12633.88
399001,深证成指,2011-02-28,12658.19,12907.68,12562.95,12902.43
399001,深证成指,2011-03-01,12911.07,13023.02,12866.82,12948.72
399001,深证成指,2011-03-02,12878.43,12912.72,12683.98,12880.27
399001,深证成指,2011-03-03,12889.23,12966.85,12698.16,12698.16
399001,深证成指,2011-03-04,12714.24,12908.49,12669.52,12893.84
399001,深证成指,2011-03-07,12961.42,13163.21,12961.42,13140.88
399001,深证成指,2011-03-08,13146.68,13154.91,13041.21,13144.18
399001,深证成指,2011-03-09,13171.05,13233.02,13102.19,13158.22
399001,深证成指,2011-03-10,13115.17,13115.17,12994.26,13004.85
399001,深证成指,2011-03-11,12928.25,13038.99,12821.07,12848.02
399001,深证成指,2011-03-14,12814.10,12958.29,12776.91,12958.29
399001,深证成指,2011-03-15,12905.99,12905.99,12447.70,12705.32
399001,深证成指,2011-03-16,12699.40,12876.12,12668.24,12865.75
399001,深证成指,2011-03-17,12741.81,12851.92,12612.77,12650.67
399001,深证成指,2011-03-18,12796.41,12839.30,12675.49,12721.99
399001,深证成指,2011-03-21,12745.38,12806.74,12594.13,12643.73
399001,深证成指,2011-03-22,12679.81,12706.88,12471.39,12667.26
399001,深证成指,2011-03-23,12670.26,12853.15,12648.73,12845.53
399001,深证成指,2011-03-24,12878.07,12893.36,12768.94,12771.45
399001,深证成指,2011-03-25,12797.97,12980.31,12780.53,12942.07
399001,深证成指,2011-03-28,13020.21,13075.23,12858.45,12875.52
399001,深证成指,2011-03-29,12848.74,12895.39,12670.69,12677.61
399001,深证成指,2011-03-30,12677.99,12774.42,12565.14,12661.22
399001,深证成指,2011-03-31,12665.86,12707.98,12501.24,12562.90
399001,深证成指,2011-04-01,12559.77,12699.42,12498.83,12699.42
399001,深证成指,2011-04-06,12648.91,12765.76,12568.84,12740.87
399001,深证成指,2011-04-07,12749.53,12908.70,12715.78,12890.66
399001,深证成指,2011-04-08,12881.25,13039.73,12839.70,13036.23
399001,深证成指,2011-04-11,13075.69,13142.43,12918.93,12925.05
399001,深证成指,2011-04-12,12906.61,13042.25,12839.53,12902.22
399001,深证成指,2011-04-13,12848.16,13102.08,12772.32,13102.08
399001,深证成指,2011-04-14,13119.48,13119.48,12964.28,12991.92
399001,深证成指,2011-04-15,12948.82,13054.81,12825.46,12965.75
399001,深证成指,2011-04-18,12912.98,13045.82,12881.59,13001.33
399001,深证成指,2011-04-19,12876.20,12909.19,12727.31,12799.24
399001,深证成指,2011-04-20,12779.02,12849.65,12720.52,12753.85
399001,深证成指,2011-04-21,12795.79,12864.72,12760.74,12798.75
399001,深证成指,2011-04-22,12796.33,12819.96,12687.62,12708.42
399001,深证成指,2011-04-25,12664.45,12664.45,12487.53,12508.01
399001,深证成指,2011-04-26,12486.82,12548.17,12361.86,12448.48
399001,深证成指,2011-04-27,12502.96,12573.30,12280.08,12358.88
399001,深证成指,2011-04-28,12398.68,12447.75,12148.17,12149.25
399001,深证成指,2011-04-29,12148.93,12312.99,12138.85,12312.99
399001,深证成指,2011-05-03,12314.69,12423.46,12199.58,12423.46
399001,深证成指,2011-05-04,12365.24,12365.24,12014.42,12070.41
399001,深证成指,2011-05-05,12017.28,12133.14,12005.44,12085.99
399001,深证成指,2011-05-06,11958.04,12150.24,11896.98,12067.61
399001,深证成指,2011-05-09,12074.14,12214.18,12074.14,12125.01
399001,深证成指,2011-05-10,12146.33,12216.94,12102.79,12216.94
399001,深证成指,2011-05-11,12229.31,12282.88,12117.67,12202.62
399001,深证成指,2011-05-12,12114.45,12249.34,12072.21,12072.21
399001,深证成指,2011-05-13,12092.16,12164.13,11958.58,12156.60
399001,深证成指,2011-05-16,12110.97,12215.97,12046.54,12051.24
399001,深证成指,2011-05-17,12031.83,12212.15,11983.88,12128.50
399001,深证成指,2011-05-18,12100.89,12262.47,12091.58,12230.69
399001,深证成指,2011-05-19,12270.25,12341.93,12153.41,12158.11
399001,深证成指,2011-05-20,12167.80,12221.81,12130.15,12161.03
399001,深证成指,2011-05-23,12148.59,12148.59,11742.19,11742.19
399001,深证成指,2011-05-24,11703.64,11768.78,11640.22,11749.92
399001,深证成指,2011-05-25,11716.15,11795.73,11600.21,11615.42
399001,深证成指,2011-05-26,11695.49,11752.73,11530.70,11530.70
399001,深证成指,2011-05-27,11537.03,11645.98,11483.56,11492.71
399001,深证成指,2011-05-30,11456.31,11595.14,11405.06,11478.21
399001,深证成指,2011-05-31,11485.75,11665.14,11420.94,11665.14
399001,深证成指,2011-06-01,11648.86,11719.64,11593.83,11699.83
399001,深证成指,2011-06-02,11566.43,11613.50,11366.12,11506.52
399001,深证成指,2011-06-03,11492.33,11690.09,11487.30,11642.40
399001,深证成指,2011-06-07,11614.00,11756.90,11599.31,11741.26
399001,深证成指,2011-06-08,11726.33,11787.12,11581.64,11761.10
399001,深证成指,2011-06-09,11725.21,11735.21,11508.39,11513.20
399001,深证成指,2011-06-10,11508.58,11596.58,11454.04,11593.38
399001,深证成指,2011-06-13,11518.06,11558.66,11427.15,11521.98
399001,深证成指,2011-06-14,11501.22,11765.12,11495.11,11732.04
399001,深证成指,2011-06-15,11703.19,11794.54,11614.38,11615.97
399001,深证成指,2011-06-16,11516.65,11551.32,11417.58,11435.99
399001,深证成指,2011-06-17,11451.76,11567.00,11409.16,11409.16
399001,深证成指,2011-06-20,11408.36,11446.76,11288.62,11328.67
399001,深证成指,2011-06-21,11360.93,11514.25,11360.93,11509.98
399001,深证成指,2011-06-22,11524.63,11598.75,11484.73,11543.65
399001,深证成指,2011-06-23,11511.91,11817.22,11474.98,11775.32
399001,深证成指,2011-06-24,11749.93,12092.23,11732.21,11996.08
399001,深证成指,2011-06-27,12005.06,12106.65,11947.49,12026.29
399001,深证成指,2011-06-28,12056.53,12067.09,11929.00,12047.09
399001,深证成指,2011-06-29,12048.86,12102.35,11911.83,11913.20
399001,深证成指,2011-06-30,11935.83,12157.56,11930.35,12110.93
399001,深证成指,2011-07-01,12148.97,12267.81,12087.92,12178.08
399001,深证成指,2011-07-04,12241.66,12475.39,12241.66,12441.17
399001,深证成指,2011-07-05,12432.97,12486.71,12382.82,12440.37
399001,深证成指,2011-07-06,12420.63,12446.78,12311.15,12425.68
399001,深证成指,2011-07-07,12440.86,12548.98,12375.23,12392.93
399001,深证成指,2011-07-08,12390.34,12478.84,12343.66,12404.34
399001,深证成指,2011-07-11,12357.58,12494.24,12302.24,12438.56
399001,深证成指,2011-07-12,12344.06,12381.10,12232.22,12268.19
399001,深证成指,2011-07-13,12285.88,12491.38,12285.88,12479.15
399001,深证成指,2011-07-14,12515.69,12546.51,12355.22,12440.83
399001,深证成指,2011-07-15,12390.10,12511.39,12355.58,12506.94
399001,深证成指,2011-07-18,12511.68,12537.79,12461.06,12490.55
399001,深证成指,2011-07-19,12429.23,12448.03,12358.55,12381.46
399001,深证成指,2011-07-20,12445.69,12470.00,12277.39,12393.99
399001,深证成指,2011-07-21,12390.00,12425.49,12296.25,12301.41
399001,深证成指,2011-07-22,12331.14,12432.03,12307.75,12352.50
399001,深证成指,2011-07-25,12258.12,12289.51,11919.85,11966.24
399001,深证成指,2011-07-26,11951.93,12011.59,11909.70,12008.53
399001,深证成指,2011-07-27,11922.66,12143.69,11885.90,12116.86
399001,深证成指,2011-07-28,12014.36,12093.97,11952.34,12085.92
399001,深证成指,2011-07-29,12069.96,12116.38,11915.22,11990.43
399001,深证成指,2011-08-01,11975.27,12074.94,11940.89,12002.42
399001,深证成指,2011-08-02,11927.46,11932.04,11752.60,11932.04
399001,深证成指,2011-08-03,11813.38,12011.86,11809.98,11922.37
399001,深证成指,2011-08-04,11954.44,12047.87,11901.46,11934.41
399001,深证成指,2011-08-05,11585.94,11769.68,11547.15,11701.76
399001,深证成指,2011-08-08,11576.57,11693.98,11107.11,11312.63
399001,深证成指,2011-08-09,11007.55,11380.07,10926.47,11315.08
399001,深证成指,2011-08-10,11519.31,11574.75,11441.91,11449.58
399001,深证成指,2011-08-11,11260.42,11627.49,11260.42,11627.49
399001,深证成指,2011-08-12,11683.62,11738.87,11630.29,11651.29
399001,深证成指,2011-08-15,11686.43,11767.74,11611.23,11767.74
399001,深证成指,2011-08-16,11782.13,11797.42,11628.35,11665.41
399001,深证成指,2011-08-17,11648.01,11726.16,11577.80,11598.28
399001,深证成指,2011-08-18,11597.12,11618.52,11399.67,11414.16
399001,深证成指,2011-08-19,11218.66,11337.57,11191.55,11301.53
399001,深证成指,2011-08-22,11315.30,11377.45,11083.40,11112.64
399001,深证成指,2011-08-23,11146.64,11243.42,11120.59,11243.42
399001,深证成指,2011-08-24,11313.98,11369.98,11225.52,11238.95
399001,深证成指,2011-08-25,11268.80,11605.07,11229.40,11598.93
399001,深证成指,2011-08-26,11547.55,11599.88,11472.28,11568.17
399001,深证成指,2011-08-29,11464.88,11484.45,11356.57,11372.38
399001,深证成指,2011-08-30,11457.93,11573.28,11328.99,11344.45
399001,深证成指,2011-08-31,11371.25,11436.12,11306.28,11397.48
399001,深证成指,2011-09-01,11425.11,11491.35,11308.95,11352.86
399001,深证成指,2011-09-02,11324.01,11353.97,11176.04,11228.30
399001,深证成指,2011-09-05,11129.37,11131.78,10954.90,10954.90
399001,深证成指,2011-09-06,10887.59,10966.73,10736.33,10778.43
399001,深证成指,2011-09-07,10852.08,11011.18,10810.91,11011.18
399001,深证成指,2011-09-08,11063.01,11069.41,10933.31,10933.31
399001,深证成指,2011-09-09,10990.50,11101.71,10850.50,10892.39
399001,深证成指,2011-09-13,10738.60,10806.37,10669.47,10775.30
399001,深证成指,2011-09-14,10807.62,10847.18,10604.64,10822.40
399001,深证成指,2011-09-15,10839.58,10938.82,10813.20,10848.02
399001,深证成指,2011-09-16,10905.59,10955.63,10860.05,10878.23
399001,深证成指,2011-09-19,10815.80,10815.80,10646.49,10657.63
399001,深证成指,2011-09-20,10635.47,10740.94,10569.19,10679.30
399001,深证成指,2011-09-21,10683.29,11035.24,10639.42,10991.85
399001,深证成指,2011-09-22,10896.61,10941.80,10660.47,10660.47
399001,深证成指,2011-09-23,10466.03,10618.12,10392.91,10538.40
399001,深证成指,2011-09-26,10433.11,10602.09,10299.35,10328.47
399001,深证成指,2011-09-27,10416.90,10513.94,10314.53,10448.66
399001,深证成指,2011-09-28,10522.35,10549.90,10327.53,10369.93
399001,深证成指,2011-09-29,10296.69,10411.70,10224.73,10287.90
399001,深证成指,2011-09-30,10340.04,10383.52,10249.78,10292.33
399001,深证成指,2011-10-10,10315.96,10343.66,10158.41,10170.75
399001,深证成指,2011-10-11,10416.61,10452.33,9953.13,10065.47
399001,深证成指,2011-10-12,9997.56,10444.02,9949.14,10425.93
399001,深证成指,2011-10-13,10399.39,10564.55,10362.35,10481.84
399001,深证成指,2011-10-14,10457.75,10500.11,10352.26,10438.26
399001,深证成指,2011-10-17,10455.51,10588.13,10450.51,10513.49
399001,深证成指,2011-10-18,10442.57,10469.17,10215.94,10226.93
399001,深证成指,2011-10-19,10255.60,10304.32,10094.33,10105.74
399001,深证成指,2011-10-20,10049.37,10049.37,9721.11,9796.23
399001,深证成指,2011-10-21,9799.95,9857.97,9691.60,9697.21
399001,深证成指,2011-10-24,9735.34,9977.60,9653.51,9957.62
399001,深证成指,2011-10-25,9954.23,10241.10,9916.35,10203.40
399001,深证成指,2011-10-26,10146.75,10418.35,10144.43,10315.75
399001,深证成指,2011-10-27,10341.41,10400.47,10293.20,10323.29
399001,深证成指,2011-10-28,10476.64,10637.10,10474.55,10561.99
399001,深证成指,2011-10-31,10546.41,10546.41,10415.55,10480.91
399001,深证成指,2011-11-01,10389.02,10563.47,10364.71,10441.70
399001,深证成指,2011-11-02,10291.62,10581.75,10233.63,10581.75
399001,深证成指,2011-11-03,10618.46,10777.77,10618.46,10624.12
399001,深证成指,2011-11-04,10721.48,10791.39,10642.50,10699.49
399001,深证成指,2011-11-07,10660.15,10717.21,10579.42,10591.66
399001,深证成指,2011-11-08,10619.41,10663.66,10519.26,10541.10
399001,深证成指,2011-11-09,10575.18,10636.50,10455.69,10625.88
399001,深证成指,2011-11-10,10508.72,10567.48,10464.36,10477.55
399001,深证成指,2011-11-11,10500.57,10531.14,10375.38,10418.93
399001,深证成指,2011-11-14,10501.73,10645.68,10495.70,10645.68
399001,深证成指,2011-11-15,10631.05,10640.32,10545.01,10583.00
399001,深证成指,2011-11-16,10593.55,10595.88,10282.25,10313.33
399001,深证成指,2011-11-17,10317.32,10408.60,10296.52,10303.16
399001,深证成指,2011-11-18,10236.99,10242.07,10002.77,10025.17
399001,深证成指,2011-11-21,10032.47,10063.85,9953.57,10033.79
399001,深证成指,2011-11-22,9971.68,10052.44,9922.30,10028.20
399001,深证成指,2011-11-23,10043.02,10076.68,9933.21,9957.32
399001,深证成指,2011-11-24,9889.55,10023.07,9837.85,9966.74
399001,深证成指,2011-11-25,9943.66,9999.55,9866.27,9886.25
399001,深证成指,2011-11-28,9908.12,9961.66,9833.44,9884.70
399001,深证成指,2011-11-29,9970.92,10012.94,9903.18,10012.94
399001,深证成指,2011-11-30,9991.95,9991.95,9626.76,9693.39
399001,深证成指,2011-12-01,9976.52,10102.35,9902.82,9917.86
399001,深证成指,2011-12-02,9868.41,9898.09,9757.95,9808.23
399001,深证成指,2011-12-05,9805.45,9807.69,9572.02,9586.08
399001,深证成指,2011-12-06,9568.87,9618.41,9505.23,9586.94
399001,深证成指,2011-12-07,9582.38,9656.23,9551.21,9606.25
399001,深证成指,2011-12-08,9603.15,9712.14,9477.13,9580.52
399001,深证成指,2011-12-09,9516.25,9583.15,9439.83,9480.27
399001,深证成指,2011-12-12,9457.83,9467.04,9365.38,9376.28
399001,深证成指,2011-12-13,9343.24,9367.75,9175.17,9190.88
399001,深证成指,2011-12-14,9164.21,9234.68,9064.63,9093.02
399001,深证成指,2011-12-15,9041.06,9041.06,8850.47,8871.09
399001,深证成指,2011-12-16,8864.94,9081.94,8849.80,9081.94
399001,深证成指,2011-12-19,9002.68,9089.87,8808.66,9054.08
399001,深证成指,2011-12-20,9020.97,9166.66,9013.35,9031.67
399001,深证成指,2011-12-21,9111.32,9147.22,8884.25,8884.25
399001,深证成指,2011-12-22,8828.62,8992.02,8710.57,8909.35
399001,深证成指,2011-12-23,8899.22,9100.29,8866.64,8976.52
399001,深证成指,2011-12-26,8931.58,9038.14,8875.10,8876.19
399001,深证成指,2011-12-27,8876.62,8904.95,8692.38,8711.55
399001,深证成指,2011-12-28,8667.33,8746.53,8555.12,8739.73
399001,深证成指,2011-12-29,8693.14,8831.80,8682.61,8781.32
399001,深证成指,2011-12-30,8805.41,8942.86,8805.41,8918.82
399001,深证成指,2012-01-04,8980.76,9025.66,8695.20,8695.99
399001,深证成指,2012-01-05,8653.10,8744.22,8566.06,8600.26
399001,深证成指,2012-01-06,8597.37,8643.29,8486.58,8634.42
399001,深证成指,2012-01-09,8638.52,8946.88,8532.67,8946.08
399001,深证成指,2012-01-10,8930.56,9291.31,8909.25,9281.25
399001,深证成指,2012-01-11,9278.05,9312.06,9186.16,9239.21
399001,深证成指,2012-01-12,9191.54,9344.74,9177.59,9200.93
399001,深证成指,2012-01-13,9216.96,9258.31,8951.72,9030.59
399001,深证成指,2012-01-16,8951.18,9024.42,8823.80,8827.47
399001,深证成指,2012-01-17,8835.88,9305.42,8762.57,9264.09
399001,深证成指,2012-01-18,9326.43,9399.02,9085.04,9115.27
399001,深证成指,2012-01-19,9119.88,9363.05,9078.98,9300.22
399001,深证成指,2012-01-20,9348.45,9503.37,9259.02,9466.14
399001,深证成指,2012-01-30,9482.21,9482.21,9274.85,9274.85
399001,深证成指,2012-01-31,9278.09,9324.81,9213.14,9303.65
399001,深证成指,2012-02-01,9277.79,9403.37,9173.07,9193.39
399001,深证成指,2012-02-02,9222.24,9382.13,9174.72,9382.13
399001,深证成指,2012-02-03,9349.28,9472.02,9292.78,9436.99
399001,深证成指,2012-02-06,9451.17,9526.79,9404.49,9448.64
399001,深证成指,2012-02-07,9393.76,9393.76,9206.86,9266.71
399001,深证成指,2012-02-08,9259.64,9605.20,9236.16,9557.58
399001,深证成指,2012-02-09,9548.22,9630.35,9493.93,9560.73
399001,深证成指,2012-02-10,9539.70,9699.30,9539.70,9590.95
399001,深证成指,2012-02-13,9463.95,9670.78,9420.40,9585.08
399001,深证成指,2012-02-14,9574.87,9597.08,9478.59,9543.77
399001,深证成指,2012-02-15,9523.65,9725.22,9515.79,9673.44
399001,深证成指,2012-02-16,9647.15,9727.03,9557.94,9622.83
399001,深证成指,2012-02-17,9681.45,9719.53,9553.59,9615.34
399001,深证成指,2012-02-20,9741.15,9755.76,9616.65,9616.65
399001,深证成指,2012-02-21,9632.44,9695.87,9539.83,9695.87
399001,深证成指,2012-02-22,9709.93,9865.77,9701.56,9862.53
399001,深证成指,2012-02-23,9859.43,9958.75,9840.05,9918.94
399001,深证成指,2012-02-24,9922.16,10131.13,9907.03,10124.15
399001,深证成指,2012-02-27,10157.18,10333.92,10157.18,10177.33
399001,深证成指,2012-02-28,10155.04,10233.07,10087.06,10161.86
399001,深证成指,2012-02-29,10126.68,10214.63,10048.79,10054.84
399001,深证成指,2012-03-01,10011.12,10125.67,10011.12,10060.96
399001,深证成指,2012-03-02,10078.82,10301.64,10078.82,10299.93
399001,深证成指,2012-03-05,10338.00,10379.46,10217.53,10226.44
399001,深证成指,2012-03-06,10193.23,10225.05,10070.49,10093.81
399001,深证成指,2012-03-07,9997.89,10173.66,9991.33,10054.86
399001,深证成指,2012-03-08,10092.13,10228.24,10084.52,10171.13
399001,深证成指,2012-03-09,10202.94,10334.38,10161.72,10334.38
399001,深证成指,2012-03-12,10322.95,10373.92,10228.39,10300.50
399001,深证成指,2012-03-13,10308.64,10427.24,10292.05,10427.24
399001,深证成指,2012-03-14,10487.30,10529.00,10063.78,10094.89
399001,深证成指,2012-03-15,10101.27,10173.38,10013.43,10086.56
399001,深证成指,2012-03-16,10115.31,10284.25,10071.58,10279.30
399001,深证成指,2012-03-19,10256.51,10306.46,10186.08,10296.17
399001,深证成指,2012-03-20,10255.25,10255.25,10110.38,10116.39
399001,深证成指,2012-03-21,10152.30,10225.54,10006.92,10090.44
399001,深证成指,2012-03-22,10082.25,10116.95,10008.88,10038.95
399001,深证成指,2012-03-23,10002.90,10029.44,9858.37,9885.25
399001,深证成指,2012-03-26,9871.89,9956.35,9871.89,9946.14
399001,深证成指,2012-03-27,9959.44,10008.68,9830.51,9841.38
399001,深证成指,2012-03-28,9800.29,9824.62,9515.98,9531.15
399001,深证成指,2012-03-29,9478.12,9565.01,9352.17,9418.23
399001,深证成指,2012-03-30,9426.64,9505.14,9365.53,9410.26
399001,深证成指,2012-04-05,9410.97,9737.90,9388.78,9709.03
399001,深证成指,2012-04-06,9704.88,9811.68,9684.37,9786.19
399001,深证成指,2012-04-09,9739.07,9802.23,9650.57,9710.91
399001,深证成指,2012-04-10,9682.83,9795.97,9516.89,9795.97
399001,深证成指,2012-04-11,9683.11,9920.34,9666.53,9802.32
399001,深证成指,2012-04-12,9817.78,10013.20,9779.68,10007.65
399001,深证成指,2012-04-13,10043.26,10116.12,10008.67,10043.72
399001,深证成指,2012-04-16,9975.63,10063.67,9954.89,10000.31
399001,深证成指,2012-04-17,9999.20,10022.55,9837.78,9839.92
399001,深证成指,2012-04-18,9888.05,10082.82,9842.07,10069.53
399001,深证成指,2012-04-19,10049.77,10080.00,9971.62,10015.41
399001,深证成指,2012-04-20,10004.28,10144.54,9996.72,10131.03
399001,深证成指,2012-04-23,10142.00,10154.51,10034.25,10076.05
399001,深证成指,2012-04-24,10010.35,10180.08,9841.44,10041.89
399001,深证成指,2012-04-25,10012.85,10182.09,9993.69,10162.01
399001,深证成指,2012-04-26,10182.46,10258.57,10152.05,10201.65
399001,深证成指,2012-04-27,10191.09,10244.98,10172.52,10180.39
399001,深证成指,2012-05-02,10319.48,10500.15,10253.04,10424.94
399001,深证成指,2012-05-03,10415.29,10479.60,10400.32,10468.38
399001,深证成指,2012-05-04,10464.59,10576.21,10410.94,10573.60
399001,深证成指,2012-05-07,10512.69,10616.28,10509.76,10612.89
399001,深证成指,2012-05-08,10604.96,10605.35,10413.45,10524.68
399001,深证成指,2012-05-09,10410.84,10410.84,10282.82,10294.58
399001,深证成指,2012-05-10,10287.76,10342.34,10255.25,10277.62
399001,深证成指,2012-05-11,10261.55,10342.80,10210.73,10211.41
399001,深证成指,2012-05-14,10278.94,10284.90,10091.00,10093.38
399001,深证成指,2012-05-15,10027.40,10139.25,10009.52,10131.81
399001,深证成指,2012-05-16,10099.81,10099.81,9916.47,9916.47
399001,深证成指,2012-05-17,9942.18,10105.95,9915.81,10079.48
399001,深证成指,2012-05-18,9995.91,10049.92,9880.04,9903.09
399001,深证成指,2012-05-21,9893.77,10060.08,9870.35,9977.56
399001,深证成指,2012-05-22,10030.54,10180.27,10022.73,10180.27
399001,深证成指,2012-05-23,10142.91,10218.33,10055.93,10143.20
399001,深证成指,2012-05-24,10122.57,10187.14,9951.27,9984.58
399001,深证成指,2012-05-25,9980.18,10003.83,9848.92,9884.96
399001,深证成指,2012-05-28,9816.78,10108.37,9755.59,10104.10
399001,深证成指,2012-05-29,10101.40,10271.36,10087.48,10214.74
399001,深证成指,2012-05-30,10196.53,10241.31,10135.38,10162.34
399001,深证成指,2012-05-31,10089.95,10194.58,10050.08,10141.41
399001,深证成指,2012-06-01,10142.12,10262.05,10095.33,10145.80
399001,深证成指,2012-06-04,9988.53,10085.40,9871.04,9874.52
399001,深证成指,2012-06-05,9899.65,9941.54,9816.76,9847.12
399001,深证成指,2012-06-06,9863.70,9897.74,9772.47,9812.98
399001,深证成指,2012-06-07,9921.31,9937.11,9730.58,9755.64
399001,深证成指,2012-06-08,9839.68,9843.90,9685.34,9707.18
399001,深证成指,2012-06-11,9731.80,9895.59,9704.44,9849.77
399001,深证成指,2012-06-12,9800.87,9875.25,9773.66,9790.20
399001,深证成指,2012-06-13,9835.41,9950.05,9795.06,9950.05
399001,深证成指,2012-06-14,9937.35,10002.50,9881.15,9885.29
399001,深证成指,2012-06-15,9906.58,9951.37,9760.05,9885.65
399001,深证成指,2012-06-18,9921.23,10020.07,9916.30,9979.06
399001,深证成指,2012-06-19,9954.00,9954.00,9829.66,9848.16
399001,深证成指,2012-06-20,9877.19,9906.11,9800.57,9821.79
399001,深证成指,2012-06-21,9787.58,9787.58,9621.77,9682.69
399001,深证成指,2012-06-25,9635.70,9635.70,9402.23,9414.21
399001,深证成指,2012-06-26,9373.14,9489.26,9351.80,9446.59
399001,深证成指,2012-06-27,9444.27,9540.89,9406.39,9416.50
399001,深证成指,2012-06-28,9449.71,9495.62,9383.27,9383.27
399001,深证成指,2012-06-29,9374.36,9512.06,9363.97,9500.32
399001,深证成指,2012-07-02,9575.09,9624.27,9510.68,9566.45
399001,深证成指,2012-07-03,9566.57,9698.47,9533.29,9607.33
399001,深证成指,2012-07-04,9637.11,9665.02,9543.28,9569.16
399001,深证成指,2012-07-05,9511.00,9511.00,9366.89,9412.64
399001,深证成指,2012-07-06,9463.07,9716.55,9431.13,9690.16
399001,深证成指,2012-07-09,9636.22,9727.52,9491.45,9496.68
399001,深证成指,2012-07-10,9467.75,9557.44,9445.95,9476.72
399001,深证成指,2012-07-11,9455.46,9614.20,9453.63,9588.29
399001,深证成指,2012-07-12,9575.53,9800.35,9541.09,9753.49
399001,深证成指,2012-07-13,9720.45,9853.73,9708.62,9792.49
399001,深证成指,2012-07-16,9768.59,9771.04,9540.89,9540.89
399001,深证成指,2012-07-17,9503.45,9602.99,9476.90,9560.03
399001,深证成指,2012-07-18,9545.36,9588.04,9328.90,9514.17
399001,深证成指,2012-07-19,9488.89,9609.44,9432.96,9509.49
399001,深证成指,2012-07-20,9471.96,9509.41,9325.26,9333.21
399001,深证成指,2012-07-23,9255.94,9255.94,9152.98,9186.02
399001,深证成指,2012-07-24,9133.92,9340.52,9130.18,9262.77
399001,深证成指,2012-07-25,9225.56,9248.44,9146.14,9155.34
399001,深证成指,2012-07-26,9148.78,9218.12,9069.97,9081.90
399001,深证成指,2012-07-27,9099.42,9157.98,9054.87,9087.13
399001,深证成指,2012-07-30,9087.30,9183.50,9055.59,9071.06
399001,深证成指,2012-07-31,9080.80,9152.09,9033.92,9059.22
399001,深证成指,2012-08-01,9047.59,9234.74,9045.43,9165.97
399001,深证成指,2012-08-02,9150.95,9164.08,8959.17,8995.62
399001,深证成指,2012-08-03,9016.53,9076.62,8957.28,9076.62
399001,深证成指,2012-08-06,9055.12,9229.35,9036.76,9212.20
399001,深证成指,2012-08-07,9217.79,9243.09,9175.67,9229.27
399001,深证成指,2012-08-08,9231.89,9303.88,9191.30,9210.67
399001,深证成指,2012-08-09,9203.41,9344.09,9176.78,9337.54
399001,深证成指,2012-08-10,9335.56,9335.56,9224.30,9238.20
399001,深证成指,2012-08-13,9226.46,9226.46,9035.41,9039.22
399001,深证成指,2012-08-14,9039.45,9101.26,8929.00,9089.61
399001,深证成指,2012-08-15,9052.79,9084.88,8994.38,9048.61
399001,深证成指,2012-08-16,9018.36,9046.43,8963.87,8973.38
399001,深证成指,2012-08-17,8963.40,8983.73,8801.97,8883.60
399001,深证成指,2012-08-20,8805.35,8867.97,8737.63,8838.63
399001,深证成指,2012-08-21,8831.52,8935.24,8799.24,8849.49
399001,深证成指,2012-08-22,8859.46,8864.82,8690.13,8726.02
399001,深证成指,2012-08-23,8739.20,8785.80,8655.61,8730.55
399001,深证成指,2012-08-24,8697.24,8718.53,8578.56,8579.28
399001,深证成指,2012-08-27,8562.34,8562.34,8401.08,8402.15
399001,深证成指,2012-08-28,8389.17,8454.21,8358.64,8400.36
399001,深证成指,2012-08-29,8364.66,8396.83,8270.02,8270.91
399001,深证成指,2012-08-30,8218.72,8290.17,8132.36,8220.08
399001,深证成指,2012-08-31,8218.90,8275.20,8210.99,8210.99
399001,深证成指,2012-09-03,8220.31,8399.60,8215.34,8361.67
399001,深证成指,2012-09-04,8374.24,8393.16,8223.35,8243.83
399001,深证成指,2012-09-05,8223.10,8282.22,8182.05,8242.59
399001,深证成指,2012-09-06,8255.68,8332.97,8230.35,8288.26
399001,深证成指,2012-09-07,8363.81,8822.26,8363.81,8709.07
399001,深证成指,2012-09-10,8738.45,8817.62,8716.58,8769.54
399001,深证成指,2012-09-11,8728.09,8739.47,8638.76,8739.47
399001,深证成指,2012-09-12,8788.01,8865.65,8695.15,8786.73
399001,深证成指,2012-09-13,8778.61,8821.65,8691.00,8691.00
399001,深证成指,2012-09-14,8801.58,8832.52,8670.55,8740.05
399001,深证成指,2012-09-17,8717.32,8738.32,8483.52,8483.69
399001,深证成指,2012-09-18,8456.32,8473.05,8367.00,8390.15
399001,深证成指,2012-09-19,8407.49,8445.92,8351.60,8431.74
399001,深证成指,2012-09-20,8393.01,8393.01,8200.91,8202.20
399001,深证成指,2012-09-21,8186.74,8291.26,8156.63,8201.53
399001,深证成指,2012-09-24,8148.37,8364.31,8095.52,8310.94
399001,深证成指,2012-09-25,8296.95,8364.69,8256.62,8284.25
399001,深证成指,2012-09-26,8289.85,8335.14,8178.67,8193.37
399001,深证成指,2012-09-27,8198.56,8520.19,8198.56,8486.27
399001,深证成指,2012-09-28,8422.28,8690.24,8415.03,8679.22
399001,深证成指,2012-10-08,8677.99,8715.63,8495.35,8540.08
399001,深证成指,2012-10-09,8583.58,8774.36,8583.58,8743.86
399001,深证成指,2012-10-10,8727.75,8779.41,8684.12,8773.68
399001,深证成指,2012-10-11,8741.94,8765.50,8658.94,8665.09
399001,深证成指,2012-10-12,8695.29,8782.45,8579.59,8650.19
399001,深证成指,2012-10-15,8660.72,8671.22,8551.10,8621.97
399001,深证成指,2012-10-16,8618.43,8724.57,8597.33,8645.54
399001,深证成指,2012-10-17,8684.86,8699.20,8563.55,8641.18
399001,深证成指,2012-10-18,8673.73,8821.33,8663.43,8798.20
399001,深证成指,2012-10-19,8817.42,8861.04,8779.45,8796.42
399001,深证成指,2012-10-22,8749.03,8859.51,8725.80,8829.44
399001,深证成指,2012-10-23,8824.95,8836.09,8680.96,8686.48
399001,深证成指,2012-10-24,8662.74,8726.37,8640.09,8653.91
399001,深证成指,2012-10-25,8653.99,8725.34,8587.77,8602.81
399001,深证成指,2012-10-26,8597.07,8609.57,8369.05,8414.85
399001,深证成指,2012-10-29,8394.46,8423.58,8339.66,8376.56
399001,深证成指,2012-10-30,8384.36,8478.01,8366.34,8394.24
399001,深证成指,2012-10-31,8412.31,8481.66,8386.90,8469.80
399001,深证成指,2012-11-01,8473.03,8682.81,8473.03,8663.15
399001,深证成指,2012-11-02,8668.72,8697.32,8616.92,8679.68
399001,深证成指,2012-11-05,8674.26,8739.83,8607.14,8654.74
399001,深证成指,2012-11-06,8649.80,8661.40,8483.70,8589.86
399001,深证成指,2012-11-07,8581.53,8626.61,8534.67,8561.20
399001,深证成指,2012-11-08,8489.29,8523.13,8399.38,8399.38
399001,深证成指,2012-11-09,8384.07,8421.04,8339.55,8356.67
399001,深证成指,2012-11-12,8371.24,8437.93,8313.00,8391.90
399001,深证成指,2012-11-13,8382.91,8382.91,8222.50,8234.60
399001,深证成指,2012-11-14,8241.12,8293.67,8205.74,8283.56
399001,深证成指,2012-11-15,8231.11,8285.02,8173.77,8186.06
399001,深证成指,2012-11-16,8169.67,8177.35,8043.75,8118.15
399001,深证成指,2012-11-19,8109.78,8109.78,7954.07,8060.54
399001,深证成指,2012-11-20,8074.66,8150.13,8043.88,8052.79
399001,深证成指,2012-11-21,8055.64,8153.23,7988.85,8150.84
399001,深证成指,2012-11-22,8079.94,8101.87,8027.76,8047.52
399001,深证成指,2012-11-23,8074.00,8157.84,8054.09,8114.74
399001,深证成指,2012-11-26,8096.71,8114.91,8003.34,8016.07
399001,深证成指,2012-11-27,7986.70,8027.93,7931.74,7936.74
399001,深证成指,2012-11-28,7914.32,7917.40,7844.49,7854.06
399001,深证成指,2012-11-29,7853.92,7919.35,7808.96,7808.96
399001,深证成指,2012-11-30,7808.54,7960.98,7786.84,7903.25
399001,深证成指,2012-12-03,7903.25,7951.65,7698.86,7710.88
399001,深证成指,2012-12-04,7684.49,7828.12,7660.45,7801.75
399001,深证成指,2012-12-05,7783.03,8150.40,7782.68,8091.68
399001,深证成指,2012-12-06,8081.82,8135.14,8010.21,8071.49
399001,深证成指,2012-12-07,8046.48,8211.64,8007.40,8189.68
399001,深证成指,2012-12-10,8199.18,8285.65,8150.03,8265.79
399001,深证成指,2012-12-11,8230.02,8285.82,8201.25,8220.54
399001,深证成指,2012-12-12,8221.38,8278.46,8168.64,8246.06
399001,深证成指,2012-12-13,8222.57,8259.91,8171.35,8171.35
399001,深证成指,2012-12-14,8183.72,8536.54,8183.72,8530.90
399001,深证成指,2012-12-17,8545.03,8659.02,8545.03,8600.33
399001,深证成指,2012-12-18,8576.27,8711.78,8511.40,8592.63
399001,深证成指,2012-12-19,8579.67,8686.12,8558.25,8639.56
399001,深证成指,2012-12-20,8604.20,8719.88,8532.72,8693.23
399001,深证成指,2012-12-21,8702.74,8815.03,8630.67,8658.35
399001,深证成指,2012-12-24,8647.42,8702.02,8605.95,8631.37
399001,深证成指,2012-12-25,8613.28,8941.15,8571.70,8891.57
399001,深证成指,2012-12-26,8887.39,8941.11,8872.50,8940.68
399001,深证成指,2012-12-27,8976.63,9036.94,8910.75,8939.85
399001,深证成指,2012-12-28,8953.34,9038.62,8926.97,9026.99
399001,深证成指,2012-12-31,9042.98,9119.20,9007.11,9116.48
399001,深证成指,2013-01-04,9204.11,9217.01,8991.74,9096.07
399001,深证成指,2013-01-07,9073.97,9132.79,9033.95,9108.47
399001,深证成指,2013-01-08,9102.03,9143.39,9010.16,9110.45
399001,深证成指,2013-01-09,9077.50,9178.83,9066.82,9154.87
399001,深证成指,2013-01-10,9151.81,9262.67,9121.59,9170.06
399001,深证成指,2013-01-11,9185.17,9219.18,8988.30,9017.73
399001,深证成指,2013-01-14,8981.74,9330.59,8976.02,9316.27
399001,深证成指,2013-01-15,9332.90,9432.84,9312.87,9381.69
399001,深证成指,2013-01-16,9359.34,9438.13,9232.33,9355.48
399001,深证成指,2013-01-17,9335.05,9373.41,9258.58,9309.23
399001,深证成指,2013-01-18,9358.40,9475.47,9286.05,9432.30
399001,深证成指,2013-01-21,9543.24,9562.85,9465.89,9562.85
399001,深证成指,2013-01-22,9591.82,9623.01,9456.21,9536.36
399001,深证成指,2013-01-23,9495.73,9566.53,9434.02,9548.31
399001,深证成指,2013-01-24,9540.63,9736.12,9385.45,9444.08
399001,深证成指,2013-01-25,9432.61,9446.00,9353.39,9357.13
399001,深证成指,2013-01-28,9361.31,9618.92,9361.31,9618.92
399001,深证成指,2013-01-29,9636.33,9735.22,9627.66,9704.66
399001,深证成指,2013-01-30,9695.41,9788.47,9667.68,9783.84
399001,深证成指,2013-01-31,9788.26,9804.73,9637.58,9667.67
399001,深证成指,2013-02-01,9648.92,9820.83,9609.84,9820.29
399001,深证成指,2013-02-04,9830.90,9858.57,9693.62,9760.83
399001,深证成指,2013-02-05,9717.56,9971.64,9709.60,9945.98
399001,深证成指,2013-02-06,9942.04,9973.54,9884.13,9922.72
399001,深证成指,2013-02-07,9896.23,9934.30,9782.50,9904.77
399001,深证成指,2013-02-08,9880.26,10057.97,9880.26,9989.09
399001,深证成指,2013-02-18,10036.38,10049.53,9765.91,9795.91
399001,深证成指,2013-02-19,9787.04,9787.04,9519.74,9550.93
399001,深证成指,2013-02-20,9548.17,9646.60,9510.76,9645.87
399001,深证成指,2013-02-21,9553.76,9553.76,9290.19,9396.11
399001,深证成指,2013-02-22,9386.47,9454.15,9353.86,9364.54
399001,深证成指,2013-02-25,9399.45,9449.32,9305.06,9342.37
399001,深证成指,2013-02-26,9291.88,9428.77,9193.93,9208.03
399001,深证成指,2013-02-27,9241.66,9375.72,9232.88,9333.24
399001,深证成指,2013-02-28,9393.33,9641.44,9350.65,9641.44
399001,深证成指,2013-03-01,9630.87,9679.44,9497.71,9650.14
399001,深证成指,2013-03-04,9393.73,9397.82,9081.44,9139.75
399001,深证成指,2013-03-05,9138.50,9353.25,9085.36,9341.35
399001,深证成指,2013-03-06,9396.75,9444.99,9342.38,9431.17
399001,深证成指,2013-03-07,9409.20,9506.29,9268.48,9393.69
399001,深证成指,2013-03-08,9396.85,9417.30,9282.53,9285.83
399001,深证成指,2013-03-11,9256.96,9340.91,9155.94,9277.16
399001,深证成指,2013-03-12,9268.17,9396.41,9082.58,9163.64
399001,深证成指,2013-03-13,9150.95,9159.14,9028.76,9073.22
399001,深证成指,2013-03-14,9029.84,9137.55,9009.01,9087.25
399001,深证成指,2013-03-15,9087.37,9312.13,8937.07,9099.29
399001,深证成指,2013-03-18,9048.36,9152.30,8975.63,8999.02
399001,深证成指,2013-03-19,9013.29,9081.03,8930.06,9034.04
399001,深证成指,2013-03-20,9035.65,9329.72,9027.82,9317.97
399001,深证成指,2013-03-21,9315.86,9382.91,9263.52,9326.29
399001,深证成指,2013-03-22,9319.22,9371.90,9285.85,9343.41
399001,深证成指,2013-03-25,9368.89,9393.48,9279.95,9313.13
399001,深证成指,2013-03-26,9290.05,9339.35,9149.14,9226.64
399001,深证成指,2013-03-27,9220.35,9357.52,9168.63,9225.13
399001,深证成指,2013-03-28,9099.48,9099.48,8946.17,8959.26
399001,深证成指,2013-03-29,8976.08,8996.43,8879.29,8889.77
399001,深证成指,2013-04-01,8901.64,9000.20,8884.17,8937.75
399001,深证成指,2013-04-02,8974.02,9112.93,8928.32,8960.46
399001,深证成指,2013-04-03,9007.65,9062.11,8930.99,8964.47
399001,深证成指,2013-04-08,8828.07,8960.98,8748.74,8953.84
399001,深证成指,2013-04-09,8965.62,9067.25,8961.88,8993.11
399001,深证成指,2013-04-10,8994.44,9006.92,8891.14,8962.30
399001,深证成指,2013-04-11,9017.61,9036.95,8915.71,8920.71
399001,深证成指,2013-04-12,8911.38,8975.44,8823.83,8835.15
399001,深证成指,2013-04-15,8792.91,8818.18,8694.17,8733.44
399001,深证成指,2013-04-16,8656.23,8861.21,8645.18,8852.42
399001,深证成指,2013-04-17,8852.78,8917.69,8819.96,8894.37
399001,深证成指,2013-04-18,8837.25,8996.63,8813.05,8888.02
399001,深证成指,2013-04-19,8910.43,9142.90,8903.70,9111.19
399001,深证成指,2013-04-22,9095.73,9140.45,9012.72,9057.62
399001,深证成指,2013-04-23,9055.23,9055.47,8783.77,8793.13
399001,深证成指,2013-04-24,8786.42,8985.02,8742.19,8911.65
399001,深证成指,2013-04-25,8870.69,8941.27,8758.28,8772.58
399001,深证成指,2013-04-26,8809.19,8857.89,8667.58,8691.39
399001,深证成指,2013-05-02,8643.90,8726.14,8597.71,8718.20
399001,深证成指,2013-05-03,8736.48,8967.09,8736.48,8847.67
399001,深证成指,2013-05-06,8887.22,9016.42,8868.53,8997.08
399001,深证成指,2013-05-07,8974.17,9072.71,8940.71,9022.90
399001,深证成指,2013-05-08,9081.13,9170.83,9039.07,9074.84
399001,深证成指,2013-05-09,9071.11,9101.58,8959.81,9050.08
399001,深证成指,2013-05-10,9014.57,9117.30,8994.44,9071.16
399001,深证成指,2013-05-13,9080.10,9110.45,8975.70,9014.28
399001,深证成指,2013-05-14,9003.47,9007.22,8773.80,8809.08
399001,深证成指,2013-05-15,8823.84,8888.67,8808.35,8869.85
399001,深证成指,2013-05-16,8838.95,9061.33,8791.35,9061.33
399001,深证成指,2013-05-17,9060.53,9264.21,9059.25,9246.28
399001,深证成指,2013-05-20,9274.13,9396.27,9255.69,9307.15
399001,深证成指,2013-05-21,9314.76,9403.53,9292.42,9403.53
399001,深证成指,2013-05-22,9400.79,9462.02,9347.93,9405.06
399001,深证成指,2013-05-23,9362.73,9445.40,9242.46,9265.68
399001,深证成指,2013-05-24,9288.05,9365.30,9206.83,9304.86
399001,深证成指,2013-05-27,9278.22,9323.21,9223.72,9260.63
399001,深证成指,2013-05-28,9263.83,9441.69,9199.41,9441.69
399001,深证成指,2013-05-29,9456.21,9511.18,9398.67,9404.40
399001,深证成指,2013-05-30,9388.82,9427.75,9340.12,9379.19
399001,深证成指,2013-05-31,9397.31,9429.54,9256.95,9257.95
399001,深证成指,2013-06-03,9259.48,9345.66,9227.22,9251.24
399001,深证成指,2013-06-04,9254.63,9254.63,9091.62,9124.27
399001,深证成指,2013-06-05,9133.17,9147.36,9066.27,9143.44
399001,深证成指,2013-06-06,9105.43,9147.63,8995.71,9001.09
399001,深证成指,2013-06-07,8992.26,9012.16,8728.49,8763.61
399001,深证成指,2013-06-13,8642.32,8642.32,8362.02,8432.42
399001,深证成指,2013-06-14,8459.05,8501.72,8433.28,8479.46
399001,深证成指,2013-06-17,8500.03,8521.03,8357.62,8404.50
399001,深证成指,2013-06-18,8433.51,8497.65,8369.20,8470.86
399001,深证成指,2013-06-19,8428.65,8431.97,8257.42,8421.24
399001,深证成指,2013-06-20,8369.04,8388.43,8138.57,8147.48
399001,深证成指,2013-06-21,8012.92,8189.70,7969.96,8136.05
399001,深证成指,2013-06-24,8115.84,8115.84,7558.03,7588.52
399001,深证成指,2013-06-25,7486.83,7582.37,7045.60,7495.10
399001,深证成指,2013-06-26,7544.89,7591.10,7409.25,7566.40
399001,深证成指,2013-06-27,7598.93,7712.40,7544.33,7544.33
399001,深证成指,2013-06-28,7508.35,7841.75,7479.90,7694.47
399001,深证成指,2013-07-01,7649.30,7725.92,7544.77,7718.48
399001,深证成指,2013-07-02,7720.77,7796.56,7652.66,7768.84
399001,深证成指,2013-07-03,7748.59,7748.59,7591.58,7703.74
399001,深证成指,2013-07-04,7641.45,7901.91,7597.26,7804.11
399001,深证成指,2013-07-05,7852.63,7968.87,7852.63,7856.59
399001,深证成指,2013-07-08,7741.41,7811.00,7634.29,7637.63
399001,深证成指,2013-07-09,7624.13,7684.22,7570.54,7600.47
399001,深证成指,2013-07-10,7609.40,7851.25,7584.12,7851.25
399001,深证成指,2013-07-11,7858.07,8281.55,7849.49,8184.77
399001,深证成指,2013-07-12,8171.01,8218.19,7999.44,8012.84
399001,深证成指,2013-07-15,8072.75,8247.67,8003.99,8137.77
399001,深证成指,2013-07-16,8109.85,8201.08,8050.15,8186.68
399001,深证成指,2013-07-17,8161.65,8215.61,8055.99,8063.80
399001,深证成指,2013-07-18,8026.61,8064.02,7887.36,7904.27
399001,深证成指,2013-07-19,7914.27,7937.63,7663.99,7663.99
399001,深证成指,2013-07-22,7608.68,7717.72,7566.75,7684.23
399001,深证成指,2013-07-23,7737.03,7998.41,7726.06,7963.70
399001,深证成指,2013-07-24,7945.28,7995.32,7817.91,7935.85
399001,深证成指,2013-07-25,7948.95,7996.63,7849.13,7894.60
399001,深证成指,2013-07-26,7845.22,7905.40,7787.39,7843.36
399001,深证成指,2013-07-29,7772.16,7772.16,7639.16,7668.53
399001,深证成指,2013-07-30,7690.45,7858.54,7619.36,7730.17
399001,深证成指,2013-07-31,7849.55,7956.41,7748.30,7765.40
399001,深证成指,2013-08-01,7819.45,7967.03,7789.93,7931.79
399001,深证成指,2013-08-02,8023.73,8084.90,7957.17,7961.47
399001,深证成指,2013-08-05,7955.38,8060.39,7930.46,8060.39
399001,深证成指,2013-08-06,8033.67,8170.50,7980.40,8143.13
399001,深证成指,2013-08-07,8167.10,8250.87,8084.05,8096.09
399001,深证成指,2013-08-08,8090.66,8170.72,8065.63,8114.87
399001,深证成指,2013-08-09,8158.38,8214.68,8061.61,8145.97
399001,深证成指,2013-08-12,8181.95,8357.82,8173.76,8356.73
399001,深证成指,2013-08-13,8353.26,8366.67,8290.22,8362.65
399001,深证成指,2013-08-14,8375.03,8467.78,8303.41,8336.81
399001,深证成指,2013-08-15,8342.63,8383.59,8225.78,8228.87
399001,深证成指,2013-08-16,8204.12,8476.05,8152.69,8168.09
399001,深证成指,2013-08-19,8110.80,8319.53,8104.41,8285.72
399001,深证成指,2013-08-20,8269.82,8357.73,8192.84,8234.56
399001,深证成指,2013-08-21,8264.72,8268.65,8174.22,8236.09
399001,深证成指,2013-08-22,8223.30,8325.77,8202.05,8245.04
399001,深证成指,2013-08-23,8281.18,8307.02,8045.80,8166.28
399001,深证成指,2013-08-26,8200.16,8346.70,8180.28,8334.57
399001,深证成指,2013-08-27,8325.97,8352.40,8280.72,8341.77
399001,深证成指,2013-08-28,8286.89,8338.29,8197.40,8259.38
399001,深证成指,2013-08-29,8287.24,8306.32,8177.29,8214.49
399001,深证成指,2013-08-30,8197.19,8290.39,8163.11,8202.48
399001,深证成指,2013-09-02,8214.94,8269.82,8148.17,8243.58
399001,深证成指,2013-09-03,8257.46,8374.31,8245.01,8368.04
399001,深证成指,2013-09-04,8354.49,8400.81,8330.52,8344.96
399001,深证成指,2013-09-05,8352.00,8364.07,8274.19,8286.06
399001,深证成指,2013-09-06,8277.14,8354.31,8256.11,8280.33
399001,深证成指,2013-09-09,8334.42,8537.92,8319.10,8504.74
399001,深证成指,2013-09-10,8535.54,8636.63,8498.38,8636.63
399001,深证成指,2013-09-11,8636.71,8722.39,8622.26,8675.63
399001,深证成指,2013-09-12,8648.66,8766.35,8627.81,8714.88
399001,深证成指,2013-09-13,8709.05,8766.70,8676.59,8687.54
399001,深证成指,2013-09-16,8706.38,8722.49,8627.32,8659.00
399001,深证成指,2013-09-17,8652.50,8652.50,8493.66,8493.78
399001,深证成指,2013-09-18,8463.02,8524.34,8405.23,8480.74
399001,深证成指,2013-09-23,8503.92,8722.59,8503.92,8719.29
399001,深证成指,2013-09-24,8718.16,8718.27,8564.83,8664.80
399001,深证成指,2013-09-25,8642.49,8707.50,8587.37,8613.71
399001,深证成指,2013-09-26,8578.14,8612.33,8415.43,8439.47
399001,深证成指,2013-09-27,8442.14,8515.14,8425.62,8472.29
399001,深证成指,2013-09-30,8485.65,8544.74,8461.66,8514.57
399001,深证成指,2013-10-08,8505.11,8707.05,8461.57,8681.53
399001,深证成指,2013-10-09,8645.63,8675.59,8601.97,8667.77
399001,深证成指,2013-10-10,8684.64,8727.14,8605.42,8685.79
399001,深证成指,2013-10-11,8722.42,8773.18,8661.40,8737.97
399001,深证成指,2013-10-14,8736.76,8815.75,8707.32,8760.10
399001,深证成指,2013-10-15,8756.82,8765.55,8627.09,8700.34
399001,深证成指,2013-10-16,8664.75,8690.38,8499.59,8542.87
399001,深证成指,2013-10-17,8583.93,8614.95,8503.85,8521.20
399001,深证成指,2013-10-18,8529.56,8629.55,8493.94,8584.87
399001,深证成指,2013-10-21,8608.93,8742.04,8571.79,8739.52
399001,深证成指,2013-10-22,8727.67,8744.80,8596.02,8619.64
399001,深证成指,2013-10-23,8640.80,8719.63,8492.69,8512.96
399001,深证成指,2013-10-24,8486.11,8550.86,8423.95,8486.52
399001,深证成指,2013-10-25,8488.34,8570.28,8325.86,8379.61
399001,深证成指,2013-10-28,8398.25,8411.81,8297.66,8336.68
399001,深证成指,2013-10-29,8352.17,8504.57,8214.54,8398.92
399001,深证成指,2013-10-30,8402.65,8559.77,8377.96,8553.37
399001,深证成指,2013-10-31,8516.15,8549.76,8428.36,8444.41
399001,深证成指,2013-11-01,8433.76,8493.38,8370.87,8451.72
399001,深证成指,2013-11-04,8493.31,8524.48,8395.30,8416.93
399001,深证成指,2013-11-05,8357.57,8460.18,8269.73,8451.73
399001,深证成指,2013-11-06,8409.87,8434.95,8285.85,8287.86
399001,深证成指,2013-11-07,8277.89,8300.76,8187.05,8240.25
399001,深证成指,2013-11-08,8185.61,8250.04,8126.80,8155.40
399001,深证成指,2013-11-11,8142.39,8208.91,8082.24,8168.67
399001,深证成指,2013-11-12,8179.03,8298.67,8167.47,8279.31
399001,深证成指,2013-11-13,8221.13,8227.99,8103.49,8110.99
399001,深证成指,2013-11-14,8131.64,8162.62,8054.96,8156.53
399001,深证成指,2013-11-15,8163.95,8418.73,8162.78,8305.91
399001,深证成指,2013-11-18,8356.91,8526.70,8328.86,8523.75
399001,深证成指,2013-11-19,8517.12,8521.25,8430.73,8461.21
399001,深证成指,2013-11-20,8546.40,8564.21,8435.77,8510.68
399001,深证成指,2013-11-21,8469.53,8501.65,8353.67,8472.02
399001,深证成指,2013-11-22,8496.48,8508.60,8405.46,8413.34
399001,深证成指,2013-11-25,8351.83,8479.57,8340.33,8379.55
399001,深证成指,2013-11-26,8364.52,8408.61,8337.19,8365.35
399001,深证成指,2013-11-27,8353.08,8478.31,8347.81,8447.46
399001,深证成指,2013-11-28,8471.26,8630.38,8463.89,8548.37
399001,深证成指,2013-11-29,8552.18,8573.35,8520.11,8542.61
399001,深证成指,2013-12-02,8461.49,8593.99,8355.99,8376.64
399001,深证成指,2013-12-03,8353.79,8514.92,8340.21,8492.52
399001,深证成指,2013-12-04,8482.40,8648.01,8460.06,8600.82
399001,深证成指,2013-12-05,8598.42,8629.20,8545.04,8560.79
399001,深证成指,2013-12-06,8555.39,8586.15,8491.62,8526.68
399001,深证成指,2013-12-09,8562.34,8593.67,8487.89,8519.67
399001,深证成指,2013-12-10,8534.34,8597.19,8510.00,8554.17
399001,深证成指,2013-12-11,8496.44,8497.86,8365.63,8409.80
399001,深证成指,2013-12-12,8391.76,8443.79,8360.77,8400.65
399001,深证成指,2013-12-13,8323.40,8467.28,8317.34,8429.82
399001,深证成指,2013-12-16,8441.11,8446.34,8271.86,8272.67
399001,深证成指,2013-12-17,8282.26,8292.59,8207.32,8213.43
399001,深证成指,2013-12-18,8220.33,8259.08,8194.00,8236.95
399001,深证成指,2013-12-19,8263.69,8276.94,8143.78,8147.70
399001,深证成指,2013-12-20,8169.22,8175.40,7966.72,7966.72
399001,深证成指,2013-12-23,7991.34,8023.16,7903.08,7989.51
399001,深证成指,2013-12-24,8017.25,8125.49,7958.37,8027.43
399001,深证成指,2013-12-25,8038.21,8119.95,7997.36,8096.37
399001,深证成指,2013-12-26,8067.29,8071.73,7887.37,7897.32
399001,深证成指,2013-12-27,7911.23,8092.77,7893.76,8048.85
399001,深证成指,2013-12-30,8074.69,8080.70,7988.90,7999.30
399001,深证成指,2013-12-31,7968.45,8129.26,7959.28,8121.79
399001,深证成指,2014-01-02,8083.77,8124.56,8048.27,8114.39
399001,深证成指,2014-01-03,8077.48,8094.96,7995.59,8028.33
399001,深证成指,2014-01-06,8013.37,8013.37,7790.90,7818.46
399001,深证成指,2014-01-07,7760.96,7848.36,7752.56,7806.31
399001,深证成指,2014-01-08,7816.98,7901.22,7770.38,7802.14
399001,深证成指,2014-01-09,7774.65,7875.59,7740.85,7746.74
399001,深证成指,2014-01-10,7723.74,7732.04,7644.92,7648.04
399001,深证成指,2014-01-13,7646.46,7697.52,7521.19,7572.56
399001,深证成指,2014-01-14,7568.60,7666.52,7543.37,7665.77
399001,深证成指,2014-01-15,7660.66,7697.03,7614.52,7668.80
399001,深证成指,2014-01-16,7677.98,7724.40,7647.28,7667.22
399001,深证成指,2014-01-17,7637.68,7659.57,7541.27,7544.56
399001,深证成指,2014-01-20,7526.70,7573.80,7477.78,7524.33
399001,深证成指,2014-01-21,7528.79,7641.60,7528.79,7593.43
399001,深证成指,2014-01-22,7612.19,7821.07,7597.44,7820.45
399001,深证成指,2014-01-23,7818.76,7855.23,7764.48,7788.47
399001,深证成指,2014-01-24,7771.58,7908.89,7760.20,7855.14
399001,深证成指,2014-01-27,7810.23,7815.72,7723.60,7752.54
399001,深证成指,2014-01-28,7773.55,7810.80,7679.81,7740.75
399001,深证成指,2014-01-29,7754.18,7790.02,7695.27,7707.59
399001,深证成指,2014-01-30,7704.49,7705.63,7560.54,7572.63
399001,深证成指,2014-02-07,7515.09,7616.57,7479.56,7616.57
399001,深证成指,2014-02-10,7655.57,7827.39,7651.49,7812.16
399001,深证成指,2014-02-11,7814.20,7877.09,7781.25,7838.12
399001,深证成指,2014-02-12,7835.06,7904.83,7809.94,7902.08
399001,深证成指,2014-02-13,7895.23,7936.74,7846.99,7857.11
399001,深证成指,2014-02-14,7840.96,7895.39,7821.63,7883.75
399001,深证成指,2014-02-17,7922.74,7947.73,7866.30,7943.96
399001,深证成指,2014-02-18,7947.42,7947.42,7808.15,7832.47
399001,深证成指,2014-02-19,7837.41,7967.07,7816.06,7953.94
399001,深证成指,2014-02-20,7956.92,7997.02,7836.27,7842.12
399001,深证成指,2014-02-21,7825.54,7859.20,7718.53,7750.56
399001,深证成指,2014-02-24,7697.20,7697.20,7465.91,7542.53
399001,深证成指,2014-02-25,7551.00,7559.80,7272.34,7303.94
399001,深证成指,2014-02-26,7271.19,7349.17,7226.18,7319.61
399001,深证成指,2014-02-27,7352.59,7361.15,7179.17,7188.74
399001,深证成指,2014-02-28,7181.43,7366.69,7174.33,7365.93
399001,深证成指,2014-03-03,7349.95,7410.66,7335.43,7391.91
399001,深证成指,2014-03-04,7390.67,7390.67,7272.64,7347.11
399001,深证成指,2014-03-05,7352.72,7370.63,7279.30,7298.13
399001,深证成指,2014-03-06,7282.74,7374.84,7186.70,7352.03
399001,深证成指,2014-03-07,7338.75,7382.14,7306.05,7328.48
399001,深证成指,2014-03-10,7269.49,7269.49,7114.80,7118.44
399001,深证成指,2014-03-11,7103.30,7258.69,7091.30,7212.57
399001,深证成指,2014-03-12,7187.88,7291.55,7139.35,7217.02
399001,深证成指,2014-03-13,7226.83,7335.10,7217.84,7319.29
399001,深证成指,2014-03-14,7287.34,7317.45,7205.18,7239.06
399001,深证成指,2014-03-17,7266.95,7342.34,7257.02,7340.62
399001,深证成指,2014-03-18,7347.04,7357.06,7266.58,7273.95
399001,深证成指,2014-03-19,7246.06,7246.06,7098.70,7150.12
399001,深证成指,2014-03-20,7135.41,7187.31,6997.63,6998.19
399001,深证成指,2014-03-21,6973.09,7261.27,6959.25,7241.57
399001,深证成指,2014-03-24,7237.26,7308.15,7180.12,7273.76
399001,深证成指,2014-03-25,7247.11,7318.75,7220.72,7252.35
399001,深证成指,2014-03-26,7270.02,7292.56,7228.91,7244.19
399001,深证成指,2014-03-27,7230.63,7276.87,7154.65,7173.02
399001,深证成指,2014-03-28,7165.47,7234.45,7144.07,7165.57
399001,深证成指,2014-03-31,7219.21,7279.57,7146.15,7189.58
399001,深证成指,2014-04-01,7184.07,7302.74,7177.85,7281.11
399001,深证成指,2014-04-02,7291.73,7358.36,7284.12,7333.59
399001,深证成指,2014-04-03,7355.21,7396.85,7280.44,7298.00
399001,深证成指,2014-04-04,7281.34,7367.80,7260.13,7367.80
399001,深证成指,2014-04-08,7334.18,7526.47,7323.41,7508.66
399001,深证成指,2014-04-09,7510.31,7556.04,7479.62,7511.25
399001,深证成指,2014-04-10,7534.02,7607.48,7467.19,7563.20
399001,深证成指,2014-04-11,7543.71,7611.15,7528.66,7586.82
399001,深证成指,2014-04-14,7588.61,7618.57,7553.49,7583.28
399001,深证成指,2014-04-15,7568.17,7568.17,7438.96,7449.70
399001,深证成指,2014-04-16,7430.61,7511.00,7430.23,7468.46
399001,深证成指,2014-04-17,7484.15,7512.27,7441.08,7451.04
399001,深证成指,2014-04-18,7425.84,7475.72,7380.73,7455.74
399001,深证成指,2014-04-21,7412.34,7493.41,7351.19,7353.60
399001,深证成指,2014-04-22,7355.63,7392.88,7276.72,7391.22
399001,深证成指,2014-04-23,7388.26,7470.15,7379.89,7434.73
399001,深证成指,2014-04-24,7426.28,7472.04,7392.15,7419.44
399001,深证成指,2014-04-25,7423.90,7459.01,7323.65,7323.65
399001,深证成指,2014-04-28,7324.87,7353.34,7233.71,7240.46
399001,深证成指,2014-04-29,7234.65,7353.02,7215.12,7339.86
399001,深证成指,2014-04-30,7320.79,7335.47,7279.34,7312.86
399001,深证成指,2014-05-05,7289.24,7334.39,7214.06,7309.56
399001,深证成指,2014-05-06,7282.92,7381.22,7282.92,7311.89
399001,深证成指,2014-05-07,7292.01,7292.01,7232.48,7234.69
399001,深证成指,2014-05-08,7185.19,7306.79,7157.26,7169.98
399001,深证成指,2014-05-09,7175.24,7182.42,7093.22,7162.44
399001,深证成指,2014-05-12,7208.04,7334.47,7175.22,7318.14
399001,深证成指,2014-05-13,7321.65,7362.87,7290.73,7310.31
399001,深证成指,2014-05-14,7320.36,7369.17,7303.63,7325.52
399001,深证成指,2014-05-15,7309.88,7309.88,7205.70,7213.77
399001,深证成指,2014-05-16,7203.82,7261.35,7187.80,7242.17
399001,深证成指,2014-05-19,7210.85,7210.85,7105.02,7151.49
399001,深证成指,2014-05-20,7180.32,7220.33,7130.06,7151.18
399001,深证成指,2014-05-21,7121.36,7205.23,7075.32,7204.65
399001,深证成指,2014-05-22,7201.72,7295.04,7181.03,7183.68
399001,深证成指,2014-05-23,7188.56,7246.95,7161.75,7240.92
399001,深证成指,2014-05-26,7289.63,7306.61,7233.17,7275.11
399001,深证成指,2014-05-27,7265.24,7305.96,7253.90,7260.12
399001,深证成指,2014-05-28,7263.31,7381.47,7246.09,7380.69
399001,深证成指,2014-05-29,7395.58,7432.35,7340.98,7341.56
399001,深证成指,2014-05-30,7344.83,7393.38,7309.02,7364.83
399001,深证成指,2014-06-03,7365.61,7399.46,7319.77,7321.52
399001,深证成指,2014-06-04,7314.97,7314.97,7177.66,7223.13
399001,深证成指,2014-06-05,7215.95,7306.76,7205.10,7303.64
399001,深证成指,2014-06-06,7272.23,7283.65,7195.13,7235.39
399001,深证成指,2014-06-09,7217.54,7301.34,7205.34,7227.24
399001,深证成指,2014-06-10,7229.97,7345.54,7229.62,7341.66
399001,深证成指,2014-06-11,7323.04,7354.49,7307.36,7340.69
399001,深证成指,2014-06-12,7313.83,7318.75,7280.01,7299.81
399001,深证成指,2014-06-13,7293.50,7429.96,7290.14,7401.35
399001,深证成指,2014-06-16,7397.05,7433.54,7372.93,7416.99
399001,深证成指,2014-06-17,7400.08,7400.08,7320.72,7331.37
399001,深证成指,2014-06-18,7329.94,7351.97,7291.74,7297.40
399001,深证成指,2014-06-19,7301.39,7324.64,7148.02,7180.32
399001,深证成指,2014-06-20,7181.15,7207.63,7134.53,7195.69
399001,深证成指,2014-06-23,7205.89,7253.98,7184.16,7192.87
399001,深证成指,2014-06-24,7200.65,7243.32,7185.40,7240.85
399001,深证成指,2014-06-25,7238.82,7238.82,7174.60,7217.65
399001,深证成指,2014-06-26,7219.17,7306.73,7219.17,7291.88
399001,深证成指,2014-06-27,7291.18,7344.79,7270.52,7312.62
399001,深证成指,2014-06-30,7312.68,7362.43,7312.68,7343.27
399001,深证成指,2014-07-01,7340.59,7350.87,7277.41,7297.49
399001,深证成指,2014-07-02,7298.02,7319.35,7258.31,7310.38
399001,深证成指,2014-07-03,7300.25,7362.39,7286.18,7335.54
399001,深证成指,2014-07-04,7346.69,7363.16,7318.57,7333.91
399001,深证成指,2014-07-07,7336.63,7373.23,7301.57,7321.52
399001,深证成指,2014-07-08,7319.28,7358.33,7277.46,7358.33
399001,深证成指,2014-07-09,7341.17,7342.32,7192.71,7192.71
399001,深证成指,2014-07-10,7193.22,7218.10,7149.38,7159.63
399001,深证成指,2014-07-11,7158.58,7232.72,7146.45,7206.97
399001,深证成指,2014-07-14,7206.13,7279.15,7180.21,7278.86
399001,深证成指,2014-07-15,7278.96,7314.18,7270.12,7304.41
399001,深证成指,2014-07-16,7289.19,7324.68,7251.57,7261.91
399001,深证成指,2014-07-17,7251.15,7251.15,7151.43,7194.74
399001,深证成指,2014-07-18,7166.65,7312.83,7159.84,7259.45
399001,深证成指,2014-07-21,7264.54,7301.15,7251.35,7274.51
399001,深证成指,2014-07-22,7261.37,7384.87,7258.58,7372.65
399001,深证成指,2014-07-23,7362.74,7412.84,7341.56,7375.31
399001,深证成指,2014-07-24,7384.92,7510.42,7384.92,7503.40
399001,深证成指,2014-07-25,7528.34,7578.12,7503.62,7578.12
399001,深证成指,2014-07-28,7630.35,7826.79,7630.35,7808.66
399001,深证成指,2014-07-29,7828.35,7895.73,7799.14,7867.04
399001,深证成指,2014-07-30,7867.93,7920.97,7820.80,7853.23
399001,深证成指,2014-07-31,7845.80,7957.46,7821.71,7956.91
399001,深证成指,2014-08-01,7919.78,8021.15,7880.42,7880.98
399001,深证成指,2014-08-04,7896.97,8006.91,7892.55,8006.91
399001,深证成指,2014-08-05,8007.47,8032.28,7950.52,8007.76
399001,深证成指,2014-08-06,7962.56,8022.54,7883.08,7995.50
399001,深证成指,2014-08-07,7990.00,8027.51,7869.88,7872.95
399001,深证成指,2014-08-08,7890.88,7929.12,7845.26,7885.33
399001,深证成指,2014-08-11,7902.24,8017.13,7902.24,8009.73
399001,深证成指,2014-08-12,8000.92,8000.92,7933.51,7966.89
399001,深证成指,2014-08-13,7967.91,8029.73,7897.80,7980.49
399001,深证成指,2014-08-14,7977.33,7998.91,7887.95,7893.90
399001,深证成指,2014-08-15,7901.19,8012.14,7891.06,7982.07
399001,深证成指,2014-08-18,8018.18,8058.55,7985.89,8045.86
399001,深证成指,2014-08-19,8064.62,8073.22,7994.50,8043.25
399001,深证成指,2014-08-20,8029.51,8060.51,8000.21,8023.07
399001,深证成指,2014-08-21,8021.15,8024.65,7904.07,8010.71
399001,深证成指,2014-08-22,8003.53,8074.42,7997.59,8059.40
399001,深证成指,2014-08-25,8054.88,8056.21,7925.22,7934.81
399001,深证成指,2014-08-26,7915.33,7946.39,7786.23,7813.98
399001,深证成指,2014-08-27,7809.52,7881.25,7809.52,7841.07
399001,深证成指,2014-08-28,7840.39,7854.28,7735.68,7743.54
399001,深证成指,2014-08-29,7758.36,7841.70,7755.47,7841.70
399001,深证成指,2014-09-01,7852.91,7944.15,7852.87,7941.16
399001,深证成指,2014-09-02,7958.85,8046.71,7923.98,8043.31
399001,深证成指,2014-09-03,8051.09,8136.56,8051.09,8115.87
399001,深证成指,2014-09-04,8141.39,8180.42,8103.20,8176.57
399001,深证成指,2014-09-05,8202.66,8237.42,8158.83,8214.53
399001,深证成指,2014-09-09,8220.96,8225.10,8155.83,8201.51
399001,深证成指,2014-09-10,8164.40,8172.12,8109.44,8158.60
399001,深证成指,2014-09-11,8153.52,8251.06,8095.86,8117.92
399001,深证成指,2014-09-12,8104.42,8147.20,8069.68,8146.99
399001,深证成指,2014-09-15,8124.73,8125.23,8051.53,8112.65
399001,深证成指,2014-09-16,8130.22,8143.91,7918.60,7921.07
399001,深证成指,2014-09-17,7951.42,7986.49,7893.10,7981.82
399001,深证成指,2014-09-18,7964.47,8020.36,7942.85,8004.57
399001,深证成指,2014-09-19,8006.06,8060.74,7971.22,8047.25
399001,深证成指,2014-09-22,8036.87,8036.87,7886.88,7895.87
399001,深证成指,2014-09-23,7906.47,7974.82,7906.47,7965.89
399001,深证成指,2014-09-24,7944.32,8103.30,7925.38,8100.22
399001,深证成指,2014-09-25,8137.33,8167.03,8058.70,8076.51
399001,深证成指,2014-09-26,8050.64,8078.07,8021.27,8072.88
399001,深证成指,2014-09-29,8084.27,8107.15,8045.89,8082.85
399001,深证成指,2014-09-30,8095.27,8100.29,8060.35,8080.35
399001,深证成指,2014-10-08,8134.37,8183.65,8073.72,8183.65
399001,深证成指,2014-10-09,8199.68,8234.92,8131.17,8204.01
399001,深证成指,2014-10-10,8186.33,8260.23,8158.34,8211.54
399001,深证成指,2014-10-13,8179.49,8193.36,8092.49,8164.07
399001,深证成指,2014-10-14,8150.86,8200.35,8105.54,8139.96
399001,深证成指,2014-10-15,8141.14,8209.90,8086.63,8198.12
399001,深证成指,2014-10-16,8156.78,8227.14,8110.69,8110.69
399001,深证成指,2014-10-17,8116.81,8182.83,8015.62,8151.52
399001,深证成指,2014-10-20,8175.68,8219.80,8153.10,8204.20
399001,深证成指,2014-10-21,8197.17,8206.89,8101.60,8106.92
399001,深证成指,2014-10-22,8114.89,8162.84,8059.56,8063.20
399001,深证成指,2014-10-23,8044.71,8077.78,7957.03,7969.16
399001,深证成指,2014-10-24,7982.31,8003.79,7899.54,7921.13
399001,深证成指,2014-10-27,7881.01,7881.01,7803.46,7829.33
399001,深证成指,2014-10-28,7846.87,7988.34,7846.87,7988.34
399001,深证成指,2014-10-29,8010.41,8109.64,7962.03,8090.68
399001,深证成指,2014-10-30,8088.98,8105.72,8034.08,8090.55
399001,深证成指,2014-10-31,8109.55,8230.59,8088.26,8225.61
399001,深证成指,2014-11-03,8245.03,8285.16,8202.53,8240.15
399001,深证成指,2014-11-04,8231.50,8236.17,8179.34,8206.79
399001,深证成指,2014-11-05,8221.95,8248.56,8189.84,8198.57
399001,深证成指,2014-11-06,8206.55,8223.30,8137.42,8211.96
399001,深证成指,2014-11-07,8226.31,8348.88,8183.06,8234.87
399001,深证成指,2014-11-10,8299.42,8410.95,8251.74,8410.22
399001,深证成指,2014-11-11,8443.25,8491.12,8243.90,8312.89
399001,深证成指,2014-11-12,8287.57,8410.42,8271.84,8410.29
399001,深证成指,2014-11-13,8416.67,8416.81,8288.06,8305.08
399001,深证成指,2014-11-14,8263.97,8343.91,8242.49,8326.90
399001,深证成指,2014-11-17,8358.13,8389.40,8278.12,8283.80
399001,深证成指,2014-11-18,8264.40,8295.98,8173.44,8196.59
399001,深证成指,2014-11-19,8206.78,8265.58,8202.78,8225.07
399001,深证成指,2014-11-20,8210.82,8236.32,8190.40,8205.38
399001,深证成指,2014-11-21,8209.98,8335.59,8194.52,8332.30
399001,深证成指,2014-11-24,8498.06,8645.39,8464.61,8577.91
399001,深证成指,2014-11-25,8600.31,8694.59,8578.46,8693.43
399001,深证成指,2014-11-26,8712.29,8774.78,8680.86,8763.78
399001,深证成指,2014-11-27,8798.41,8860.43,8743.93,8860.43
399001,深证成指,2014-11-28,8837.47,9010.17,8767.12,9002.23
399001,深证成指,2014-12-01,9029.64,9180.64,9028.83,9095.76
399001,深证成指,2014-12-02,9058.32,9433.64,9027.30,9366.95
399001,深证成指,2014-12-03,9448.37,9777.76,9441.83,9643.92
399001,深证成指,2014-12-04,9679.59,10040.72,9659.95,10029.83
399001,深证成指,2014-12-05,10164.37,10319.87,9749.14,10067.28
399001,深证成指,2014-12-08,10047.12,10587.62,9919.65,10554.57
399001,深证成指,2014-12-09,10496.63,11050.85,10042.01,10116.49
399001,深证成指,2014-12-10,10154.53,10567.45,10048.46,10545.51
399001,深证成指,2014-12-11,10443.66,10725.77,10387.59,10478.88
399001,深证成指,2014-12-12,10451.61,10622.88,10390.02,10462.31
399001,深证成指,2014-12-15,10477.45,10531.66,10298.38,10504.23
399001,深证成指,2014-12-16,10486.69,10668.62,10429.56,10668.62
399001,深证成指,2014-12-17,10728.74,10788.97,10533.11,10786.72
399001,深证成指,2014-12-18,10744.27,10812.15,10656.35,10665.18
399001,深证成指,2014-12-19,10646.66,10684.60,10382.29,10627.11
399001,深证成指,2014-12-22,10607.58,10742.37,10474.92,10608.51
399001,深证成指,2014-12-23,10549.98,10794.19,10490.14,10570.79
399001,深证成指,2014-12-24,10614.12,10627.08,10179.26,10292.52
399001,深证成指,2014-12-25,10350.94,10514.64,10296.00,10493.78
399001,深证成指,2014-12-26,10505.71,10816.83,10487.91,10802.64
399001,深证成指,2014-12-29,10918.96,10965.29,10665.26,10780.40
399001,深证成指,2014-12-30,10756.58,10866.36,10660.20,10722.26
399001,深证成指,2014-12-31,10723.09,11037.61,10711.33,11014.62
399001,深证成指,2015-01-05,11150.98,11587.28,11150.98,11520.59
399001,深证成指,2015-01-06,11424.92,11749.14,11374.50,11667.97
399001,深证成指,2015-01-07,11612.73,11714.78,11505.03,11613.36
399001,深证成指,2015-01-08,11624.59,11656.70,11371.92,11465.14
399001,深证成指,2015-01-09,11424.53,11738.25,11313.25,11324.76
399001,深证成指,2015-01-12,11279.73,11376.09,11116.06,11285.18
399001,深证成指,2015-01-13,11250.88,11418.45,11244.42,11355.81
399001,深证成指,2015-01-14,11366.95,11429.31,11153.17,11237.78
399001,深证成指,2015-01-15,11240.84,11483.75,11161.52,11483.68
399001,深证成指,2015-01-16,11496.76,11583.73,11436.28,11532.80
399001,深证成指,2015-01-19,10939.04,11204.49,10634.62,10770.93
399001,深证成指,2015-01-20,10761.28,11026.05,10750.85,10996.48
399001,深证成指,2015-01-21,11051.95,11395.10,11000.74,11372.18
399001,深证成指,2015-01-22,11358.44,11499.44,11342.08,11471.21
399001,深证成指,2015-01-23,11507.44,11554.52,11379.96,11436.29
399001,深证成指,2015-01-26,11564.22,11711.89,11512.01,11686.97
399001,深证成指,2015-01-27,11670.24,11705.91,11368.99,11551.87
399001,深证成指,2015-01-28,11484.99,11530.09,11309.21,11354.20
399001,深证成指,2015-01-29,11187.30,11319.47,11161.43,11249.04
399001,深证成指,2015-01-30,11290.45,11354.09,11132.80,11150.69
399001,深证成指,2015-02-02,10952.14,11140.97,10921.44,10963.14
399001,深证成指,2015-02-03,11077.48,11216.68,10993.55,11209.19
399001,深证成指,2015-02-04,11241.98,11364.38,11111.53,11116.55
399001,深证成指,2015-02-05,11367.14,11386.73,11065.58,11065.58
399001,深证成指,2015-02-06,11022.49,11054.94,10715.43,10791.10
399001,深证成指,2015-02-09,10792.00,10975.85,10760.05,10868.14
399001,深证成指,2015-02-10,10887.68,11136.62,10875.28,11136.62
399001,深证成指,2015-02-11,11174.31,11318.46,11167.12,11265.63
399001,深证成指,2015-02-12,11268.59,11348.32,11185.00,11302.73
399001,深证成指,2015-02-13,11362.00,11564.68,11338.01,11443.05
399001,深证成指,2015-02-16,11474.88,11606.01,11437.74,11595.25
399001,深证成指,2015-02-17,11658.05,11772.15,11644.54,11718.56
399001,深证成指,2015-02-25,11755.18,11755.18,11500.69,11539.70
399001,深证成指,2015-02-26,11526.51,11752.01,11470.43,11750.78
399001,深证成指,2015-02-27,11736.29,11819.42,11719.66,11757.68
399001,深证成指,2015-03-02,11869.96,11955.82,11781.61,11884.02
399001,深证成指,2015-03-03,11800.99,11800.99,11515.55,11526.22
399001,深证成指,2015-03-04,11530.93,11688.28,11521.70,11655.08
399001,深证成指,2015-03-05,11597.49,11628.15,11484.80,11566.39
399001,深证成指,2015-03-06,11600.66,11626.11,11381.91,11392.40
399001,深证成指,2015-03-09,11280.02,11547.83,11169.05,11533.23
399001,深证成指,2015-03-10,11501.98,11649.25,11479.27,11556.65
399001,深证成指,2015-03-11,11554.66,11682.54,11491.69,11525.09
399001,深证成指,2015-03-12,11593.69,11645.56,11516.25,11635.59
399001,深证成指,2015-03-13,11680.47,11751.19,11654.19,11713.61
399001,深证成指,2015-03-16,11791.42,12021.82,11748.08,12017.77
399001,深证成指,2015-03-17,12083.44,12190.28,12046.80,12169.52
399001,深证成指,2015-03-18,12206.72,12505.34,12190.25,12496.24
399001,深证成指,2015-03-19,12549.55,12552.71,12337.67,12429.11
399001,深证成指,2015-03-20,12427.41,12659.83,12387.89,12544.45
399001,深证成指,2015-03-23,12644.19,12813.83,12644.19,12780.32
399001,深证成指,2015-03-24,12841.15,12841.44,12495.92,12801.20
399001,深证成指,2015-03-25,12776.00,12841.90,12656.52,12757.09
399001,深证成指,2015-03-26,12703.35,12856.21,12601.75,12712.98
399001,深证成指,2015-03-27,12779.33,12930.24,12717.43,12874.42
399001,深证成指,2015-03-30,12917.14,13242.31,12894.49,13193.32
399001,深证成指,2015-03-31,13420.92,13538.29,13106.97,13160.66
399001,深证成指,2015-04-01,13187.42,13454.81,13142.40,13394.73
399001,深证成指,2015-04-02,13486.90,13537.38,13235.28,13426.10
399001,深证成指,2015-04-03,13336.87,13502.47,13296.94,13494.64
399001,深证成指,2015-04-07,13626.62,13769.76,13625.26,13768.73
399001,深证成指,2015-04-08,13814.98,13846.55,13513.15,13841.72
399001,深证成指,2015-04-09,13898.49,13914.01,13505.85,13796.73
399001,深证成指,2015-04-10,13718.92,14034.31,13650.32,14013.33
399001,深证成指,2015-04-13,14100.35,14175.36,13972.41,14149.50
399001,深证成指,2015-04-14,14132.61,14221.51,13920.06,14042.46
399001,深证成指,2015-04-15,14023.40,14023.40,13646.61,13646.61
399001,深证成指,2015-04-16,13549.87,14024.68,13492.77,13967.80
399001,深证成指,2015-04-17,14120.77,14249.47,14039.04,14149.34
399001,深证成指,2015-04-20,14132.83,14288.33,13814.96,13871.60
399001,深证成指,2015-04-21,13882.44,14439.00,13882.44,14439.00
399001,深证成指,2015-04-22,14529.24,14756.15,14510.93,14749.13
399001,深证成指,2015-04-23,14842.20,14893.01,14647.14,14743.22
399001,深证成指,2015-04-24,14615.53,14771.29,14422.54,14598.69
399001,深证成指,2015-04-27,14749.02,14910.31,14644.01,14809.42
399001,深证成指,2015-04-28,14946.95,14979.81,14580.42,14707.25
399001,深证成指,2015-04-29,14669.22,14907.96,14542.32,14871.95
399001,深证成指,2015-04-30,14909.06,15009.73,14818.64,14818.64
399001,深证成指,2015-05-04,14846.48,14958.79,14714.91,14860.53
399001,深证成指,2015-05-05,14831.91,14831.91,14145.50,14233.10
399001,深证成指,2015-05-06,14347.55,14569.65,14032.02,14136.17
399001,深证成指,2015-05-07,14080.35,14226.08,14027.60,14114.73
399001,深证成指,2015-05-08,14271.46,14481.44,14165.07,14481.25
399001,深证成指,2015-05-11,14572.82,14946.65,14447.78,14944.88
399001,深证成指,2015-05-12,14975.23,15088.96,14879.60,15066.29
399001,深证成指,2015-05-13,15075.02,15245.81,14962.38,15173.09
399001,深证成指,2015-05-14,15210.75,15299.79,15003.72,15024.47
399001,深证成指,2015-05-15,14955.41,14955.41,14590.76,14694.95
399001,深证成指,2015-05-18,14612.88,14759.09,14564.73,14672.63
399001,深证成指,2015-05-19,14723.21,15173.92,14704.33,15127.38
399001,深证成指,2015-05-20,15206.56,15618.13,15206.56,15337.08
399001,深证成指,2015-05-21,15402.95,15872.59,15402.95,15872.53
399001,深证成指,2015-05-22,16084.04,16191.15,15731.01,16045.80
399001,深证成指,2015-05-25,15894.14,16368.91,15810.15,16351.06
399001,深证成指,2015-05-26,16456.23,16904.15,16397.50,16903.47
399001,深证成指,2015-05-27,16988.90,17061.92,16610.78,16963.52
399001,深证成指,2015-05-28,16953.60,17153.80,15909.10,15912.95
399001,深证成指,2015-05-29,15920.33,16386.05,15299.65,16100.45
399001,深证成指,2015-06-01,16247.39,16921.07,16245.55,16917.53
399001,深证成指,2015-06-02,17051.22,17485.58,16963.74,17485.58
399001,深证成指,2015-06-03,17626.92,17696.48,17098.43,17538.50
399001,深证成指,2015-06-04,17579.36,17608.72,16426.31,17501.05
399001,深证成指,2015-06-05,17727.86,17901.86,17302.55,17649.09
399001,深证成指,2015-06-08,17648.72,17648.72,17145.70,17452.31
399001,深证成指,2015-06-09,17410.64,17609.28,17184.32,17399.00
399001,深证成指,2015-06-10,17297.04,17852.36,17165.89,17677.57
399001,深证成指,2015-06-11,17692.90,17889.91,17606.43,17889.69
399001,深证成指,2015-06-12,17978.05,18198.07,17921.91,18098.27
399001,深证成指,2015-06-15,18182.64,18211.76,17668.67,17702.55
399001,深证成指,2015-06-16,17502.37,17502.37,16911.91,17075.93
399001,深证成指,2015-06-17,17073.08,17474.08,16564.37,17405.57
399001,深证成指,2015-06-18,17367.13,17442.77,16709.60,16734.84
399001,深证成指,2015-06-19,16386.98,16578.88,15700.49,15725.47
399001,深证成指,2015-06-23,15720.32,16047.32,14938.82,16045.99
399001,深证成指,2015-06-24,16178.55,16345.75,15867.91,16312.31
399001,深证成指,2015-06-25,16370.00,16399.34,15499.22,15692.44
399001,深证成指,2015-06-26,15196.56,15229.00,14321.05,14398.78
399001,深证成指,2015-06-29,14703.97,14712.16,13250.35,13566.27
399001,深证成指,2015-06-30,13274.65,14352.05,12723.16,14337.97
399001,深证成指,2015-07-01,14185.10,14696.98,13578.38,13650.82
399001,深证成指,2015-07-02,13655.73,13732.49,12727.23,12924.19
399001,深证成指,2015-07-03,12475.61,13154.13,11953.08,12246.06
399001,深证成指,2015-07-06,13140.14,13140.14,11584.47,12075.77
399001,深证成指,2015-07-07,11660.56,11767.66,11282.62,11375.60
399001,深证成指,2015-07-08,10870.14,11112.62,10850.38,11040.89
399001,深证成指,2015-07-09,10953.33,11513.36,10933.00,11510.34
399001,深证成指,2015-07-10,11733.45,12062.90,11696.77,12038.15
399001,深证成指,2015-07-13,12367.62,12658.07,12261.25,12614.16
399001,深证成指,2015-07-14,12796.49,13091.93,12635.20,12728.51
399001,深证成指,2015-07-15,12783.08,12792.31,12093.90,12132.42
399001,深证成指,2015-07-16,11963.35,12600.65,11637.47,12357.61
399001,深证成指,2015-07-17,12460.51,13097.45,12435.59,13004.96
399001,深证成指,2015-07-20,13115.48,13427.86,12942.94,13202.40
399001,深证成指,2015-07-21,13038.15,13436.91,12928.13,13315.56
399001,深证成指,2015-07-22,13307.93,13482.04,13098.81,13416.54
399001,深证成指,2015-07-23,13432.61,13792.36,13356.06,13754.53
399001,深证成指,2015-07-24,13789.31,13970.84,13424.18,13518.51
399001,深证成指,2015-07-27,13242.69,13579.64,12488.37,12493.05
399001,深证成指,2015-07-28,11986.25,12676.27,11719.00,12316.78
399001,深证成指,2015-07-29,12472.27,12823.15,12078.32,12823.07
399001,深证成指,2015-07-30,12766.34,12988.56,12382.30,12395.92
399001,深证成指,2015-07-31,12228.41,12580.96,12213.46,12374.25
399001,深证成指,2015-08-03,12178.57,12305.61,11909.00,12161.58
399001,深证成指,2015-08-04,12163.12,12711.56,12105.94,12711.56
399001,深证成指,2015-08-05,12694.57,12842.31,12447.04,12524.69
399001,深证成指,2015-08-06,12274.72,12595.12,12231.89,12421.85
399001,深证成指,2015-08-07,12543.66,12769.13,12522.47,12753.05
399001,深证成指,2015-08-10,12877.31,13373.30,12821.89,13302.96
399001,深证成指,2015-08-11,13316.89,13508.30,13240.09,13323.08
399001,深证成指,2015-08-12,13201.54,13396.33,13117.10,13117.10
399001,深证成指,2015-08-13,13069.98,13395.18,12962.00,13395.18
399001,深证成指,2015-08-14,13497.16,13606.33,13378.59,13445.87
399001,深证成指,2015-08-17,13417.33,13585.96,13309.54,13573.90
399001,深证成指,2015-08-18,13608.52,13652.54,12634.95,12683.85
399001,深证成指,2015-08-19,12328.60,13028.50,12049.92,12960.66
399001,深证成指,2015-08-20,12864.83,13040.36,12582.24,12584.58
399001,深证成指,2015-08-21,12355.27,12511.42,11891.84,11902.05
399001,深证成指,2015-08-24,11399.66,11446.10,10964.09,10970.29
399001,深证成指,2015-08-25,10212.47,10529.92,10168.42,10197.94
399001,深证成指,2015-08-26,10199.90,10559.24,9776.21,9899.72
399001,深证成指,2015-08-27,10076.09,10254.35,9713.99,10254.35
399001,深证成指,2015-08-28,10397.97,10826.19,10311.37,10800.00
399001,深证成指,2015-08-31,10706.23,10706.23,10398.33,10549.16
399001,深证成指,2015-09-01,10388.50,10388.50,9954.58,10162.52
399001,深证成指,2015-09-02,9694.48,10319.49,9682.71,10054.80
399001,深证成指,2015-09-07,10121.83,10404.22,9933.54,9991.76
399001,深证成指,2015-09-08,9898.64,10341.30,9763.95,10320.23
399001,深证成指,2015-09-09,10367.35,10702.18,10335.02,10620.13
399001,深证成指,2015-09-10,10449.93,10618.87,10406.02,10424.65
399001,深证成指,2015-09-11,10408.41,10555.62,10332.41,10463.69
399001,深证成指,2015-09-14,10517.68,10544.28,9739.42,9778.23
399001,深证成指,2015-09-15,9533.45,9719.66,9259.65,9290.81
399001,深证成指,2015-09-16,9330.75,9933.83,9297.20,9890.43
399001,深证成指,2015-09-17,9872.04,10147.17,9739.89,9739.89
399001,深证成指,2015-09-18,9806.72,9914.58,9691.06,9850.77
399001,深证成指,2015-09-21,9732.12,10176.73,9701.33,10176.73
399001,深证成指,2015-09-22,10200.55,10357.42,10121.74,10238.69
399001,深证成指,2015-09-23,10071.33,10250.45,10040.95,10132.30
399001,深证成指,2015-09-24,10178.10,10288.18,10124.13,10238.04
399001,深证成指,2015-09-25,10184.88,10249.24,9835.84,9904.76
399001,深证成指,2015-09-28,9919.56,10124.31,9796.93,10115.55
399001,深证成指,2015-09-29,9962.58,10070.25,9873.78,9949.92
399001,深证成指,2015-09-30,10004.80,10048.86,9890.71,9988.25
399001,深证成指,2015-10-08,10332.24,10477.21,10265.00,10394.73
399001,深证成指,2015-10-09,10386.81,10589.52,10363.98,10540.19
399001,深证成指,2015-10-12,10599.88,11069.68,10593.54,10961.36
399001,深证成指,2015-10-13,10885.10,11073.00,10850.72,11042.13
399001,深证成指,2015-10-14,10997.08,11095.34,10880.11,10901.48
399001,深证成指,2015-10-15,10862.11,11229.38,10862.11,11229.38
399001,深证成指,2015-10-16,11301.93,11384.24,11172.04,11374.83
399001,深证成指,2015-10-19,11426.52,11498.24,11245.01,11391.01
399001,深证成指,2015-10-20,11372.18,11597.16,11335.78,11597.08
399001,深证成指,2015-10-21,11592.20,11641.89,10872.57,10915.99
399001,深证成指,2015-10-22,10921.18,11320.01,10910.88,11305.10
399001,深证成指,2015-10-23,11397.20,11653.09,11345.53,11603.46
399001,深证成指,2015-10-26,11765.65,11789.02,11534.83,11687.77
399001,深证成指,2015-10-27,11588.94,11820.72,11229.10,11758.41
399001,深证成指,2015-10-28,11689.29,11834.07,11446.43,11494.35
399001,深证成指,2015-10-29,11565.71,11694.78,11406.10,11566.66
399001,深证成指,2015-10-30,11542.01,11711.04,11369.40,11546.05
399001,深证成指,2015-11-02,11306.20,11637.99,11266.04,11304.88
399001,深证成指,2015-11-03,11341.30,11416.84,11200.60,11288.14
399001,深证成指,2015-11-04,11351.25,11884.90,11351.25,11884.90
399001,深证成指,2015-11-05,11908.69,12091.53,11853.46,11939.81
399001,深证成指,2015-11-06,11952.51,12292.42,11952.51,12273.35
399001,深证成指,2015-11-09,12227.41,12538.35,12145.06,12453.24
399001,深证成指,2015-11-10,12390.53,12597.16,12349.03,12500.53
399001,深证成指,2015-11-11,12509.52,12687.20,12445.29,12677.54
399001,深证成指,2015-11-12,12735.50,12758.67,12483.34,12635.39
399001,深证成指,2015-11-13,12492.94,12574.96,12272.38,12402.04
399001,深证成指,2015-11-16,12180.99,12620.38,12171.66,12620.38
399001,深证成指,2015-11-17,12744.79,12827.20,12478.97,12511.55
399001,深证成指,2015-11-18,12516.14,12580.91,12257.04,12283.76
399001,深证成指,2015-11-19,12326.16,12609.84,12309.78,12609.84
399001,深证成指,2015-11-20,12650.25,12766.26,12565.80,12702.03
399001,深证成指,2015-11-23,12699.15,12806.32,12539.98,12586.69
399001,深证成指,2015-11-24,12580.72,12694.86,12438.92,12694.86
399001,深证成指,2015-11-25,12696.13,12904.79,12666.19,12893.23
399001,深证成指,2015-11-26,12952.00,12970.47,12747.89,12767.50
399001,深证成指,2015-11-27,12697.51,12733.45,11880.32,11961.70
399001,深证成指,2015-11-30,11991.70,12121.22,11455.50,12037.86
399001,深证成指,2015-12-01,12022.83,12206.17,11938.63,12081.17
399001,深证成指,2015-12-02,12068.98,12188.01,11830.99,12186.27
399001,深证成指,2015-12-03,12205.44,12447.38,12205.44,12447.38
399001,深证成指,2015-12-04,12384.50,12474.46,12268.49,12329.18
399001,深证成指,2015-12-07,12351.41,12467.85,12262.13,12443.05
399001,深证成指,2015-12-08,12371.11,12371.11,12151.15,12164.97
399001,深证成指,2015-12-09,12112.20,12257.58,12091.76,12179.83
399001,深证成指,2015-12-10,12180.77,12318.04,12158.65,12181.03
399001,深证成指,2015-12-11,12120.59,12228.29,12051.44,12134.02
399001,深证成指,2015-12-14,12023.81,12400.59,12004.49,12400.59
399001,深证成指,2015-12-15,12412.47,12553.79,12412.47,12495.25
399001,深证成指,2015-12-16,12533.11,12595.12,12471.09,12511.03
399001,深证成指,2015-12-17,12602.67,12825.48,12602.67,12825.48
399001,深证成指,2015-12-18,12825.02,12904.08,12763.43,12830.25
399001,深证成指,2015-12-21,12824.43,13047.13,12816.72,13028.31
399001,深证成指,2015-12-22,13064.69,13139.13,12980.38,13139.13
399001,深证成指,2015-12-23,13142.53,13187.05,12974.63,13007.87
399001,深证成指,2015-12-24,12977.25,13003.78,12770.36,12932.37
399001,深证成指,2015-12-25,12960.25,13012.74,12898.47,12980.57
399001,深证成指,2015-12-28,13025.66,13064.50,12686.34,12686.34
399001,深证成指,2015-12-29,12676.61,12806.16,12598.10,12806.16
399001,深证成指,2015-12-30,12826.48,12899.94,12768.17,12889.83
399001,深证成指,2015-12-31,12893.12,12921.71,12664.53,12664.89
