,open,open,high,low,close
2011-01-04,6.4400,6.5600,6.3100,6.5500
2011-01-05,6.4900,6.5000,6.4200,6.4500
2011-01-06,6.4600,6.5000,6.3900,6.4600
2011-01-07,6.4600,6.6800,6.4100,6.5600
2011-01-10,6.5400,6.6400,6.5100,6.5200
2011-01-11,6.5200,6.7200,6.5100,6.7000
2011-01-12,6.7200,6.9000,6.6700,6.8300
2011-01-13,6.8700,6.9000,6.7300,6.7700
2011-01-14,6.7700,6.7700,6.6100,6.7100
2011-01-17,6.6400,6.7400,6.4800,6.5300
2011-01-18,6.5100,6.5600,6.4500,6.5300
2011-01-19,6.5500,6.6000,6.4800,6.5900
2011-01-20,6.5800,6.5800,6.3800,6.4000
2011-01-21,6.3900,6.6700,6.3600,6.5600
2011-01-24,6.5700,6.7500,6.5400,6.6300
2011-01-25,6.6400,7.0100,6.6300,6.7600
2011-01-26,6.7600,6.8900,6.6500,6.8600
2011-01-27,6.7700,6.9200,6.6900,6.8600
2011-01-28,6.8500,6.8600,6.7600,6.8000
2011-01-31,6.8100,6.9800,6.7900,6.9100
2011-02-01,6.9300,6.9400,6.8200,6.8600
2011-02-09,6.8200,6.8800,6.7800,6.8200
2011-02-10,6.8000,6.9200,6.7500,6.9000
2011-02-11,6.8900,7.0900,6.8700,6.9900
2011-02-14,6.9900,7.3300,6.9900,7.2300
2011-02-15,7.2600,7.3300,7.1800,7.1800
2011-02-16,7.1800,7.4300,7.1800,7.3800
2011-02-17,7.3900,7.4500,7.3000,7.3600
2011-02-18,7.3600,7.3600,7.1600,7.1700
2011-02-21,7.1300,7.3000,7.1100,7.2700
2011-02-22,7.2800,7.3000,6.9700,6.9900
2011-02-23,6.9800,7.0400,6.9000,6.9700
2011-02-24,6.9700,6.9700,6.8500,6.9400
2011-02-25,6.9100,6.9100,6.7900,6.8500
2011-02-28,6.8500,6.9500,6.8100,6.9500
2011-03-01,6.9600,7.0200,6.9000,6.9500
2011-03-02,6.9000,6.9500,6.8500,6.8800
2011-03-03,6.9100,7.0100,6.8800,6.9300
2011-03-04,6.9400,7.1500,6.9400,7.0700
2011-03-07,7.0900,7.2600,7.0500,7.2300
2011-03-08,7.2200,7.3300,7.2000,7.3000
2011-03-09,7.3300,7.3300,7.1700,7.2000
2011-03-10,7.1800,7.2100,7.0900,7.1000
2011-03-11,7.0700,7.1200,7.0100,7.0700
2011-03-14,7.3000,7.4000,7.1800,7.2200
2011-03-15,7.2200,7.3500,7.0200,7.3400
2011-03-16,7.3500,7.4800,7.2400,7.4500
2011-03-17,7.3700,7.3700,7.0000,7.0500
2011-03-18,7.1000,7.1400,6.9800,7.0000
2011-03-21,7.0200,7.0600,6.9500,6.9900
2011-03-22,7.0000,7.0200,6.9000,6.9700
2011-03-23,6.9500,7.0400,6.9400,7.0300
2011-03-24,7.0300,7.0400,6.9700,6.9800
2011-03-25,7.0000,7.0700,6.9600,7.0100
2011-03-28,7.0700,7.2600,7.0600,7.2000
2011-03-29,7.2000,7.3400,7.1400,7.1600
2011-03-30,7.1700,7.2100,7.0600,7.1800
2011-03-31,7.2000,7.2100,7.0600,7.0700
2011-04-01,7.0800,7.1600,7.0400,7.1500
2011-04-06,7.1100,7.3300,7.1000,7.2300
2011-04-07,7.2300,7.3500,7.2100,7.2500
2011-04-08,7.2000,7.2800,7.1500,7.2400
2011-04-11,7.2700,7.4600,7.2000,7.3100
2011-04-12,7.2500,7.6800,7.2100,7.5200
2011-04-13,7.4500,7.4700,7.3500,7.4600
2011-04-14,7.4600,7.5300,7.4100,7.4200
2011-04-15,7.4000,7.4000,7.2100,7.3200
2011-04-18,7.3000,7.4300,7.2500,7.3800
2011-04-19,7.3300,7.5000,7.2500,7.3500
2011-04-20,7.3500,7.3700,7.2500,7.2700
2011-04-21,7.2800,7.4800,7.2700,7.3400
2011-04-22,7.3700,7.4200,7.2800,7.3200
2011-04-25,7.2800,7.2900,7.0800,7.1200
2011-04-26,7.1100,7.1500,7.0600,7.0900
2011-04-27,7.1300,7.1700,6.9800,7.0400
2011-04-28,7.0500,7.0800,6.8500,6.9000
2011-04-29,,,,
2011-04-30,,,,
2011-05-03,6.9900,7.0700,6.9300,7.0500
2011-05-04,7.0300,7.0300,6.8600,6.9100
2011-05-05,6.8700,7.0300,6.8300,6.9700
2011-05-06,6.8800,6.9300,6.8400,6.8900
2011-05-09,6.9000,6.9500,6.8600,6.8900
2011-05-10,6.9000,6.9200,6.8300,6.9100
2011-05-11,6.9000,6.9100,6.8300,6.8700
2011-05-12,6.8400,6.8800,6.7300,6.7400
2011-05-13,6.7400,6.7700,6.6000,6.7100
2011-05-16,6.6800,6.7000,6.6000,6.6200
2011-05-17,6.6200,6.7100,6.6000,6.6800
2011-05-18,6.6900,6.7400,6.6700,6.7200
2011-05-19,6.7300,6.7400,6.5900,6.6400
2011-05-20,6.6200,6.6300,6.5900,6.6000
2011-05-23,6.5900,6.6200,6.4000,6.4100
2011-05-24,6.4200,6.4400,6.3200,6.3800
2011-05-25,6.3800,6.3900,6.3300,6.3400
2011-05-26,6.3700,6.3800,6.3200,6.3300
2011-05-27,6.3400,6.3700,6.2800,6.3000
2011-05-30,6.3100,6.3200,6.2100,6.2400
2011-05-31,6.2600,6.3700,6.2500,6.3700
2011-06-01,6.3600,6.3700,6.3100,6.3400
2011-06-02,6.3000,6.3800,6.2800,6.3600
2011-06-03,6.3600,6.4300,6.3300,6.4100
2011-06-07,6.4200,6.4900,6.4100,6.4800
2011-06-08,6.4900,6.5100,6.4000,6.4900
2011-06-09,6.1900,6.1900,6.0500,6.0600
2011-06-10,6.0300,6.0800,5.9900,6.0600
2011-06-13,6.0400,6.0400,5.9400,6.0100
2011-06-14,5.9900,6.0800,5.9700,6.0600
2011-06-15,6.0600,6.1400,6.0200,6.0400
2011-06-16,6.0000,6.0100,5.9400,5.9400
2011-06-17,5.9500,6.0000,5.9100,5.9200
2011-06-20,5.9200,5.9400,5.8100,5.8300
2011-06-21,5.8400,5.9000,5.8200,5.8900
2011-06-22,5.9100,5.9200,5.8200,5.8600
2011-06-23,5.8500,5.9500,5.8100,5.9300
2011-06-24,5.9000,6.1000,5.8900,6.0700
2011-06-27,6.0600,6.0900,6.0100,6.0600
2011-06-28,6.0400,6.0600,5.9800,6.0200
2011-06-29,6.0300,6.0300,5.9300,5.9300
2011-06-30,5.9400,6.0400,5.9400,6.0300
2011-07-01,6.0300,6.0500,5.9900,6.0100
2011-07-04,6.0300,6.1700,6.0100,6.1600
2011-07-05,6.1800,6.2000,6.1400,6.1600
2011-07-06,6.1600,6.1600,6.0500,6.1000
2011-07-07,6.0800,6.1300,6.0600,6.0800
2011-07-08,6.1000,6.1000,6.0200,6.0600
2011-07-11,6.0400,6.0700,6.0100,6.0600
2011-07-12,6.0300,6.0300,5.9200,5.9200
2011-07-13,5.9300,5.9900,5.9300,5.9900
2011-07-14,5.9800,5.9900,5.9200,5.9700
2011-07-15,5.9500,6.0300,5.9200,6.0100
2011-07-18,6.0000,6.0100,5.9700,5.9900
2011-07-19,5.9700,5.9800,5.9100,5.9300
2011-07-20,5.9500,5.9700,5.9000,5.9200
2011-07-21,5.9300,5.9400,5.8800,5.8900
2011-07-22,5.9000,5.9200,5.8800,5.9000
2011-07-25,5.8800,5.8800,5.7700,5.8000
2011-07-26,5.7800,5.8200,5.7700,5.8200
2011-07-27,5.8000,5.8200,5.7700,5.8100
2011-07-28,5.7800,5.8000,5.7600,5.7800
2011-07-29,5.7800,5.8500,5.7300,5.8100
2011-08-01,5.8100,5.8200,5.7800,5.8000
2011-08-02,5.7700,5.7800,5.6800,5.7100
2011-08-03,5.6800,5.8100,5.6500,5.6800
2011-08-04,5.6900,5.7300,5.6600,5.7000
2011-08-05,5.5800,5.5900,5.5000,5.5200
2011-08-08,5.4800,5.5000,5.1800,5.2300
2011-08-09,5.0900,5.2100,5.0300,5.2000
2011-08-10,5.2600,5.3500,5.1900,5.2700
2011-08-11,5.1900,5.3000,5.1600,5.2900
2011-08-12,5.3100,5.3600,5.2900,5.3200
2011-08-15,5.3300,5.3900,5.3100,5.3800
2011-08-16,5.3800,5.4200,5.3400,5.3500
2011-08-17,5.3400,5.3600,5.3200,5.3300
2011-08-18,5.3400,5.3600,5.2200,5.2300
2011-08-19,5.1500,5.1900,5.1100,5.1700
2011-08-22,5.1800,5.2000,5.1400,5.1500
2011-08-23,5.1600,5.2500,5.1600,5.2400
2011-08-24,5.2500,5.3000,5.2400,5.2500
2011-08-25,5.2500,5.4400,5.2500,5.4300
2011-08-26,5.4100,5.4300,5.3800,5.4200
2011-08-29,5.3800,5.3900,5.3100,5.3400
2011-08-30,5.3800,5.4300,5.3100,5.3300
2011-08-31,5.3100,5.3200,5.2400,5.2900
2011-09-01,5.2900,5.3300,5.2400,5.2700
2011-09-02,5.2700,5.2700,5.2100,5.2300
2011-09-05,5.2000,5.2000,5.1300,5.1400
2011-09-06,5.1000,5.1600,5.1000,5.1200
2011-09-07,5.1500,5.2300,5.1500,5.2300
2011-09-08,5.2500,5.2700,5.1800,5.1900
2011-09-09,5.2200,5.2700,5.1600,5.1900
2011-09-13,5.1200,5.1600,5.1000,5.1500
2011-09-14,5.1700,5.1900,5.1000,5.1700
2011-09-15,5.1800,5.2000,5.1500,5.1600
2011-09-16,5.1800,5.2000,5.1300,5.1400
2011-09-19,5.1100,5.1200,5.0600,5.0700
2011-09-20,5.0700,5.1000,5.0300,5.0700
2011-09-21,5.0700,5.1800,5.0500,5.1700
2011-09-22,5.1300,5.1400,5.0500,5.0500
2011-09-23,4.9900,5.0400,4.9600,4.9900
2011-09-26,4.9900,5.0100,4.9400,4.9600
2011-09-27,5.0000,5.1600,5.0000,5.1200
2011-09-28,5.1500,5.1600,5.0400,5.0900
2011-09-29,5.0600,5.1200,5.0400,5.0800
2011-09-30,5.1000,5.1100,5.0600,5.1000
2011-10-10,5.1000,5.1500,5.0800,5.1000
2011-10-11,5.1900,5.2200,5.0900,5.1400
2011-10-12,5.1100,5.2700,5.0900,5.2600
2011-10-13,5.2300,5.4000,5.2000,5.3200
2011-10-14,5.2700,5.3100,5.2200,5.2700
2011-10-17,5.2800,5.3400,5.2300,5.2500
2011-10-18,5.2200,5.2300,5.0500,5.1000
2011-10-19,5.1100,5.1600,5.1100,5.1300
2011-10-20,5.1000,5.1300,5.0200,5.0600
2011-10-21,5.0700,5.1000,5.0600,5.0700
2011-10-24,5.0800,5.2100,5.0600,5.2000
2011-10-25,5.2000,5.2600,5.1400,5.2400
2011-10-26,5.2100,5.3600,5.2000,5.2900
2011-10-27,5.2900,5.3700,5.2800,5.2900
2011-10-28,5.3500,5.3800,5.3000,5.3600
2011-10-29,,,,
2011-10-31,5.3100,5.3200,5.2600,5.2700
2011-11-01,5.2400,5.3100,5.2200,5.2500
2011-11-02,5.2000,5.3000,5.1700,5.2900
2011-11-03,5.3000,5.3800,5.2700,5.3600
2011-11-04,5.3700,5.4200,5.3200,5.3800
2011-11-07,5.3800,5.4400,5.3500,5.3600
2011-11-08,5.3900,5.4100,5.2700,5.3100
2011-11-09,5.3000,5.3400,5.2700,5.3200
2011-11-10,5.2800,5.3700,5.2200,5.2500
2011-11-11,5.2600,5.2700,5.2100,5.2300
2011-11-14,5.2600,5.3100,5.2400,5.2800
2011-11-15,5.2800,5.2800,5.2300,5.2500
2011-11-16,5.2400,5.2500,5.1100,5.1300
2011-11-17,5.1500,5.1500,5.0900,5.1200
2011-11-18,5.0900,5.1100,5.0400,5.0600
2011-11-21,5.0600,5.1000,5.0400,5.1000
2011-11-22,5.0700,5.1100,5.0300,5.0700
2011-11-23,5.0600,5.0800,5.0200,5.0300
2011-11-24,5.0000,5.0400,4.9900,5.0200
2011-11-25,5.0200,5.0600,5.0000,5.0100
2011-11-28,5.0400,5.0400,4.9400,4.9800
2011-11-29,5.0000,5.0200,4.9700,5.0100
2011-11-30,5.0000,5.0000,4.8100,4.8400
2011-12-01,4.9200,4.9800,4.8800,4.9100
2011-12-02,4.8900,4.9000,4.8500,4.8500
2011-12-05,4.8600,4.8800,4.8100,4.8800
2011-12-06,,,,
2011-12-07,,,,
2011-12-08,,,,
2011-12-09,,,,
2011-12-12,4.8800,4.9300,4.8300,4.8500
2011-12-13,4.8300,4.8600,4.7500,4.7700
2011-12-14,4.7700,4.8100,4.7300,4.7500
2011-12-15,4.7300,4.7700,4.6500,4.6600
2011-12-16,4.6600,4.7400,4.6400,4.7200
2011-12-19,4.7000,4.7200,4.5600,4.7100
2011-12-20,4.7000,4.7900,4.6700,4.7600
2011-12-21,4.7800,4.8400,4.7600,4.8100
2011-12-22,4.7800,4.8400,4.7300,4.8000
2011-12-23,4.7900,4.8800,4.7600,4.8600
2011-12-26,4.8400,4.9800,4.8200,4.9700
2011-12-27,4.9200,4.9800,4.8800,4.8800
2011-12-28,4.8800,4.9300,4.8600,4.9100
2011-12-29,4.9000,4.9300,4.8400,4.8500
2011-12-30,4.8700,4.8800,4.8300,4.8500
2011-12-31,,,,
2012-01-04,4.8600,4.8800,4.8200,4.8600
2012-01-05,4.8400,4.8900,4.8200,4.8400
2012-01-06,4.8400,4.9200,4.8200,4.9000
2012-01-09,4.9000,4.9700,4.8500,4.9600
2012-01-10,4.9700,5.1000,4.9600,5.0900
2012-01-11,5.1000,5.1900,5.0600,5.0600
2012-01-12,5.0600,5.1100,5.0500,5.0700
2012-01-13,5.0800,5.1000,4.9900,5.0000
2012-01-16,4.9800,5.1100,4.9600,5.0700
2012-01-17,5.0700,5.2000,5.0100,5.1900
2012-01-18,5.2000,5.2100,5.0800,5.1000
2012-01-19,5.1200,5.2200,5.0900,5.1800
2012-01-20,5.1800,5.2200,5.1400,5.2000
2012-01-30,5.2000,5.2100,5.1200,5.1300
2012-01-31,5.1200,5.1500,5.0500,5.0900
2012-02-01,5.0900,5.1200,5.0000,5.0200
2012-02-02,5.0400,5.0800,5.0000,5.0800
2012-02-03,5.0500,5.0800,5.0200,5.0800
2012-02-06,5.0800,5.1000,5.0400,5.0800
2012-02-07,5.0600,5.0800,4.9800,4.9900
2012-02-08,4.9900,5.1000,4.9800,5.0800
2012-02-09,5.0900,5.1100,5.0600,5.0900
2012-02-10,5.0700,5.1700,5.0700,5.1100
2012-02-13,5.0800,5.1600,5.0700,5.1100
2012-02-14,5.1100,5.1400,5.0700,5.0800
2012-02-15,5.0800,5.1500,5.0700,5.1300
2012-02-16,5.1200,5.1300,5.0600,5.0800
2012-02-17,5.1000,5.1200,5.0800,5.0900
2012-02-20,5.1300,5.1500,5.0800,5.0900
2012-02-21,5.1000,5.1200,5.0700,5.0900
2012-02-22,5.0900,5.1200,5.0500,5.1200
2012-02-23,5.1100,5.2000,5.0900,5.1400
2012-02-24,5.1400,5.1700,5.0900,5.1700
2012-02-27,5.1700,5.2200,5.1700,5.1900
2012-02-28,5.1800,5.3300,5.1400,5.3000
2012-02-29,5.2800,5.3600,5.2600,5.2700
2012-03-01,5.2800,5.2900,5.2100,5.2300
2012-03-02,5.2300,5.2600,5.1800,5.2500
2012-03-05,5.2400,5.2500,5.1800,5.1800
2012-03-06,5.1700,5.1800,5.1200,5.1300
2012-03-07,5.1100,5.1500,5.0800,5.1000
2012-03-08,5.1000,5.1400,5.0900,5.1300
2012-03-09,5.1300,5.1600,5.1000,5.1400
2012-03-12,5.1300,5.1500,5.1000,5.1100
2012-03-13,5.1100,5.1400,5.0900,5.1400
2012-03-14,5.1500,5.2200,5.0600,5.0800
2012-03-15,,,,
2012-03-16,5.0700,5.0700,4.9600,5.0500
2012-03-19,5.0300,5.0400,4.9700,5.0000
2012-03-20,5.0000,5.0200,4.9700,4.9800
2012-03-21,5.0000,5.0200,4.9800,5.0000
2012-03-22,5.0000,5.0200,4.9600,4.9800
2012-03-23,4.9800,4.9800,4.9000,4.9100
2012-03-26,4.9000,4.9400,4.8800,4.9200
2012-03-27,4.9300,5.0100,4.9100,4.9600
2012-03-28,4.9500,4.9700,4.8400,4.8500
2012-03-29,4.8500,4.8500,4.7400,4.7500
2012-03-30,4.7700,4.7900,4.7500,4.7700
2012-03-31,,,,
2012-04-05,4.7700,4.8400,4.7500,4.8200
2012-04-06,4.8300,4.8400,4.7900,4.8200
2012-04-09,4.8100,4.8200,4.7700,4.7800
2012-04-10,4.7700,4.7900,4.6900,4.7900
2012-04-11,4.7500,4.7900,4.7200,4.7700
2012-04-12,4.7700,4.8300,4.7600,4.8200
2012-04-13,4.8100,4.8500,4.8100,4.8300
2012-04-16,4.8000,4.8300,4.7900,4.8100
2012-04-17,4.8200,4.8500,4.7900,4.8000
2012-04-18,4.8200,4.9000,4.8000,4.8800
2012-04-19,4.8700,4.9300,4.8400,4.9100
2012-04-20,4.8900,5.0100,4.8800,4.9900
2012-04-23,4.9800,4.9900,4.9400,4.9600
2012-04-24,4.9300,5.0000,4.8700,4.9500
2012-04-25,4.9300,5.0100,4.9100,4.9900
2012-04-26,5.0000,5.0200,4.9600,5.0000
2012-04-27,,,,
2012-04-28,,,,
2012-05-02,5.0500,5.1000,5.0200,5.0800
2012-05-03,5.0800,5.0800,5.0400,5.0600
2012-05-04,5.0600,5.0900,5.0400,5.0800
2012-05-07,5.0500,5.1000,5.0500,5.0900
2012-05-08,5.0800,5.0800,5.0100,5.0300
2012-05-09,5.0100,5.0200,4.9300,4.9500
2012-05-10,4.9700,4.9900,4.9400,4.9600
2012-05-11,4.9500,4.9600,4.9100,4.9200
2012-05-14,4.9500,4.9500,4.8800,4.8800
2012-05-15,4.8600,4.8800,4.8100,4.8300
2012-05-16,4.8300,4.8300,4.7600,4.7900
2012-05-17,4.7900,4.8400,4.7600,4.8200
2012-05-18,4.8000,4.8400,4.7700,4.7900
2012-05-21,4.7800,4.8200,4.7800,4.8000
2012-05-22,4.8200,4.8600,4.8000,4.8500
2012-05-23,4.8500,4.8800,4.8200,4.8400
2012-05-24,4.8400,4.8700,4.8100,4.8200
2012-05-25,4.8200,4.8700,4.7900,4.8000
2012-05-28,4.8100,4.8900,4.8000,4.8800
2012-05-29,4.9000,4.9500,4.8700,4.9000
2012-05-30,4.9000,4.9200,4.8400,4.8500
2012-05-31,4.8500,4.8600,4.8100,4.8400
2012-06-01,4.8400,4.8600,4.8200,4.8400
2012-06-04,4.7900,4.8100,4.7400,4.7400
2012-06-05,4.7500,4.8200,4.7500,4.8000
2012-06-06,4.8100,4.8300,4.7700,4.8000
2012-06-07,4.8300,4.8400,4.7800,4.8000
2012-06-08,4.8200,4.8300,4.7800,4.8000
2012-06-11,4.5900,4.6000,4.5200,4.5800
2012-06-12,4.5500,4.5600,4.4300,4.4300
2012-06-13,4.4400,4.4800,4.4100,4.4400
2012-06-14,4.4300,4.4400,4.3700,4.3800
2012-06-15,4.4000,4.4400,4.3900,4.4300
2012-06-18,4.4400,4.4700,4.4300,4.4500
2012-06-19,4.4500,4.4500,4.4100,4.4200
2012-06-20,4.4300,4.4600,4.4200,4.4500
2012-06-21,4.4500,4.4600,4.4000,4.4100
2012-06-25,4.4100,4.4400,4.3900,4.3900
2012-06-26,4.3800,4.4000,4.3700,4.3900
2012-06-27,4.3900,4.4100,4.3100,4.3600
2012-06-28,4.3800,4.3800,4.3000,4.3100
2012-06-29,4.3200,4.3300,4.2800,4.3200
2012-06-30,,,,
2012-07-02,4.3400,4.3400,4.2700,4.2800
2012-07-03,4.2900,4.3000,4.2600,4.2800
2012-07-04,4.2800,4.3100,4.2700,4.3000
2012-07-05,4.3000,4.3100,4.2300,4.2400
2012-07-06,4.2500,4.2800,4.2100,4.2800
2012-07-09,4.2500,4.2500,4.1500,4.1700
2012-07-10,4.1700,4.1900,4.1200,4.1500
2012-07-11,4.1500,4.1800,4.1300,4.1600
2012-07-12,4.1600,4.1900,4.1300,4.1600
2012-07-13,4.1500,4.1800,4.1400,4.1800
2012-07-16,4.1700,4.1700,4.1200,4.1300
2012-07-17,4.1100,4.1500,4.1100,4.1400
2012-07-18,4.1400,4.1900,4.1300,4.1800
2012-07-19,4.1800,4.2000,4.1500,4.1800
2012-07-20,4.1700,4.2000,4.1600,4.1700
2012-07-23,4.1500,4.1500,4.1000,4.1100
2012-07-24,4.0800,4.1400,4.0800,4.1100
2012-07-25,4.1000,4.1400,4.1000,4.1100
2012-07-26,4.1000,4.1800,4.1000,4.1600
2012-07-27,4.1600,4.1800,4.1400,4.1700
2012-07-30,4.1800,4.2400,4.1700,4.2200
2012-07-31,4.2200,4.2400,4.1800,4.2000
2012-08-01,4.2000,4.2300,4.1800,4.1900
2012-08-02,4.2100,4.3100,4.2000,4.2400
2012-08-03,4.2300,4.2700,4.2100,4.2500
2012-08-06,4.2400,4.2700,4.2100,4.2500
2012-08-07,4.2500,4.3100,4.2300,4.2700
2012-08-08,4.2700,4.2800,4.2400,4.2400
2012-08-09,4.2400,4.2600,4.2300,4.2400
2012-08-10,4.2400,4.2500,4.2200,4.2400
2012-08-13,4.2300,4.2400,4.2000,4.2100
2012-08-14,4.2200,4.2300,4.1700,4.1800
2012-08-15,4.1700,4.1900,4.1300,4.1400
2012-08-16,4.1400,4.1700,4.1300,4.1500
2012-08-17,4.1500,4.1700,4.1300,4.1500
2012-08-20,4.1300,4.1500,4.0800,4.1100
2012-08-21,4.1100,4.1400,4.1000,4.1200
2012-08-22,4.1100,4.1300,4.1000,4.1100
2012-08-23,4.1100,4.1300,4.0900,4.1100
2012-08-24,4.1100,4.1300,4.1000,4.1000
2012-08-27,4.1000,4.1100,4.0700,4.0700
2012-08-28,4.4500,4.4800,4.3600,4.4800
2012-08-29,4.4700,4.4900,4.3400,4.3600
2012-08-30,4.3400,4.4100,4.3100,4.3900
2012-08-31,4.3700,4.4200,4.3500,4.3600
2012-09-03,4.3500,4.4000,4.3400,4.3500
2012-09-04,4.3600,4.3700,4.3100,4.3300
2012-09-05,4.3200,4.4200,4.3200,4.3800
2012-09-06,4.3900,4.4600,4.3800,4.4500
2012-09-07,4.4700,4.6100,4.4700,4.5000
2012-09-10,4.5100,4.6100,4.4800,4.5800
2012-09-11,4.5600,4.6000,4.5400,4.5800
2012-09-12,4.5800,4.6300,4.5200,4.5500
2012-09-13,4.5700,4.6300,4.5500,4.5900
2012-09-14,4.6100,4.6500,4.5800,4.6300
2012-09-17,4.6300,4.6800,4.5700,4.6300
2012-09-18,4.6400,4.6500,4.6100,4.6400
2012-09-19,4.6300,4.6400,4.5900,4.6000
2012-09-20,4.6300,4.6900,4.5900,4.6100
2012-09-21,4.6300,4.6600,4.6200,4.6600
2012-09-24,4.6500,4.6600,4.5300,4.5400
2012-09-25,4.5400,4.6000,4.5000,4.5600
2012-09-26,4.5500,4.5900,4.5300,4.5400
2012-09-27,4.5400,4.6000,4.5100,4.5700
2012-09-28,4.5500,4.6000,4.5400,4.5800
2012-09-30,,,,
2012-10-08,4.5800,4.5900,4.5500,4.5700
2012-10-09,4.5800,4.6300,4.5700,4.6300
2012-10-10,4.6300,4.6600,4.6100,4.6400
2012-10-11,4.6400,4.6500,4.6100,4.6300
2012-10-12,4.6400,4.6400,4.6100,4.6100
2012-10-15,4.6100,4.6400,4.5900,4.6000
2012-10-16,4.5700,4.5700,4.4600,4.5000
2012-10-17,4.5000,4.5000,4.4700,4.4900
2012-10-18,4.5000,4.5600,4.4900,4.5400
2012-10-19,4.5400,4.5800,4.5300,4.5500
2012-10-22,4.5500,4.5900,4.5400,4.5700
2012-10-23,4.5700,4.5800,4.5500,4.5600
2012-10-24,4.5600,4.5800,4.5500,4.5700
2012-10-25,4.5700,4.6800,4.5600,4.5900
2012-10-26,4.5800,4.5900,4.5200,4.5900
2012-10-29,4.5700,4.6000,4.5500,4.5800
2012-10-30,4.5800,4.6100,4.5700,4.6100
2012-10-31,4.6000,4.6500,4.5900,4.6300
2012-11-01,4.6400,4.6800,4.6300,4.6700
2012-11-02,4.6700,4.7000,4.6500,4.6800
2012-11-05,4.6800,4.6900,4.6400,4.6900
2012-11-06,4.6800,4.6800,4.6000,4.6700
2012-11-07,4.6500,4.6900,4.6400,4.6700
2012-11-08,4.6500,4.6700,4.6400,4.6400
2012-11-09,4.6400,4.6600,4.6300,4.6500
2012-11-12,4.6500,4.6600,4.6400,4.6600
2012-11-13,4.6500,4.6600,4.6300,4.6400
2012-11-14,4.6300,4.6600,4.6200,4.6500
2012-11-15,4.6400,4.6500,4.6200,4.6300
2012-11-16,4.6200,4.6300,4.5900,4.6200
2012-11-19,4.6000,4.6100,4.5500,4.6000
2012-11-20,4.6000,4.6000,4.5800,4.5900
2012-11-21,4.5900,4.6200,4.5800,4.6100
2012-11-22,4.6000,4.6300,4.5900,4.6100
2012-11-23,4.6200,4.6600,4.6100,4.6300
2012-11-26,4.6200,4.6400,4.6100,4.6300
2012-11-27,4.6300,4.6600,4.6200,4.6500
2012-11-28,4.6400,4.6600,4.6300,4.6500
2012-11-29,4.6400,4.6700,4.6300,4.6600
2012-11-30,4.6500,4.6800,4.6500,4.6700
2012-12-03,4.6700,4.6700,4.6200,4.6300
2012-12-04,4.6300,4.6600,4.6200,4.6300
2012-12-05,4.6400,4.6900,4.6100,4.6900
2012-12-06,4.6900,4.7000,4.6600,4.6700
2012-12-07,4.6700,4.7100,4.6600,4.7100
2012-12-10,4.7200,4.7500,4.7000,4.7400
2012-12-11,4.7400,4.7500,4.7200,4.7300
2012-12-12,4.7400,4.7700,4.7200,4.7500
2012-12-13,4.7500,4.7700,4.7000,4.7100
2012-12-14,4.7300,4.8700,4.7100,4.8600
2012-12-17,4.8700,4.9300,4.8300,4.8500
2012-12-18,4.8300,4.9000,4.7900,4.8400
2012-12-19,4.8600,4.8800,4.8100,4.8400
2012-12-20,4.8500,4.8700,4.8200,4.8600
2012-12-21,4.8700,4.8900,4.7900,4.8200
2012-12-24,4.8200,4.8500,4.8000,4.8100
2012-12-25,4.8100,4.8800,4.7900,4.8700
2012-12-26,4.8600,4.8700,4.8400,4.8600
2012-12-27,4.8600,4.9000,4.8300,4.8600
2012-12-28,4.8500,4.8700,4.8300,4.8600
2012-12-31,4.8500,4.9100,4.8400,4.8900
2013-01-04,4.9600,5.0000,4.9000,4.9500
2013-01-07,4.9400,4.9600,4.9100,4.9500
2013-01-08,4.9500,4.9900,4.9200,4.9700
2013-01-09,4.9700,4.9900,4.9400,4.9700
2013-01-10,4.9900,5.0700,4.9700,5.0300
2013-01-11,5.0400,5.0600,4.9600,5.0000
2013-01-14,5.0000,5.1300,4.9600,5.0900
2013-01-15,5.1000,5.1200,5.0700,5.1000
2013-01-16,5.0900,5.0900,4.9900,5.0300
2013-01-17,5.0300,5.0300,4.9500,4.9600
2013-01-18,4.9800,5.0300,4.9700,5.0100
2013-01-21,5.0100,5.0300,4.9600,4.9900
2013-01-22,4.9900,4.9900,4.9500,4.9700
2013-01-23,4.9900,5.0800,4.9800,5.0400
2013-01-24,5.0500,5.0700,4.9700,4.9900
2013-01-25,5.0000,5.0000,4.9500,4.9800
2013-01-28,4.9900,5.0300,4.9800,5.0200
2013-01-29,5.0200,5.0300,4.9900,5.0100
2013-01-30,5.0100,5.0400,4.9800,5.0300
2013-01-31,5.0300,5.0600,5.0000,5.0100
2013-02-01,5.0100,5.0400,4.9900,5.0300
2013-02-04,5.0300,5.1500,5.0200,5.1300
2013-02-05,5.1000,5.1700,5.0800,5.1600
2013-02-06,5.1600,5.1800,5.1000,5.1200
2013-02-07,5.1200,5.1600,5.1000,5.1500
2013-02-08,5.1500,5.2100,5.1500,5.1800
2013-02-18,5.1900,5.2000,5.1200,5.1300
2013-02-19,5.1200,5.1500,5.0400,5.0500
2013-02-20,5.0800,5.1000,5.0200,5.0500
2013-02-21,5.0300,5.0300,4.9100,4.9500
2013-02-22,4.9400,4.9700,4.9100,4.9500
2013-02-25,4.9600,4.9800,4.9200,4.9400
2013-02-26,4.9200,4.9600,4.8600,4.8700
2013-02-27,4.8600,5.0100,4.8600,4.9900
2013-02-28,4.9900,5.0400,4.9600,5.0100
2013-03-01,5.0200,5.0200,4.9400,5.0000
2013-03-04,4.9800,5.0200,4.9300,4.9400
2013-03-05,4.9600,5.0000,4.9100,4.9500
2013-03-06,4.9700,4.9900,4.9300,4.9800
2013-03-07,4.9800,4.9900,4.9400,4.9500
2013-03-08,4.9600,5.0100,4.9500,4.9700
2013-03-11,4.9800,4.9900,4.9400,4.9600
2013-03-12,4.9500,4.9800,4.9100,4.9200
2013-03-13,4.9200,4.9400,4.8800,4.8900
2013-03-14,4.8700,4.9100,4.8700,4.8800
2013-03-15,4.8900,4.9400,4.8400,4.8700
2013-03-18,4.8700,4.8900,4.8000,4.8100
2013-03-19,4.8100,4.8300,4.7700,4.7900
2013-03-20,4.8000,4.8500,4.7800,4.8400
2013-03-21,4.8400,4.8700,4.8300,4.8500
2013-03-22,4.8400,4.8600,4.8200,4.8400
2013-03-25,4.8500,4.8800,4.8300,4.8700
2013-03-26,4.8500,4.8500,4.7400,4.7700
2013-03-27,4.7700,4.8000,4.7400,4.7700
2013-03-28,4.7500,4.7700,4.6900,4.7300
2013-03-29,4.7300,4.7500,4.7100,4.7300
2013-03-30,,,,
2013-03-31,,,,
2013-04-01,4.7200,4.8300,4.7100,4.8000
2013-04-02,4.8100,4.8600,4.7800,4.8300
2013-04-03,4.8400,4.8800,4.8200,4.8500
2013-04-08,4.8300,4.9000,4.7800,4.8400
2013-04-09,4.8500,4.9100,4.8400,4.8700
2013-04-10,4.8700,4.9100,4.8400,4.8800
2013-04-11,4.9000,4.9400,4.8700,4.8900
2013-04-12,4.8700,4.9100,4.8300,4.8500
2013-04-15,4.8500,4.8900,4.8100,4.8100
2013-04-16,4.8200,4.8400,4.8100,4.8200
2013-04-17,4.8400,4.8400,4.7600,4.7800
2013-04-18,4.7800,4.8100,4.7600,4.7600
2013-04-19,4.7600,4.8200,4.7600,4.8100
2013-04-22,4.8100,4.8300,4.8000,4.8200
2013-04-23,4.8100,4.8200,4.7300,4.7500
2013-04-24,4.7500,4.8100,4.7400,4.7900
2013-04-25,4.7900,4.8000,4.7500,4.7900
2013-04-26,4.8000,4.8400,4.7600,4.8000
2013-05-02,4.7900,4.8600,4.7700,4.8200
2013-05-03,4.8400,4.9000,4.8200,4.8800
2013-05-06,4.8800,4.9400,4.8700,4.9100
2013-05-07,4.9100,4.9600,4.9000,4.9400
2013-05-08,4.9500,4.9800,4.9300,4.9600
2013-05-09,4.9700,4.9800,4.9400,4.9500
2013-05-10,4.9400,4.9700,4.9400,4.9600
2013-05-13,4.9600,4.9700,4.9300,4.9600
2013-05-14,4.9500,4.9600,4.9400,4.9400
2013-05-15,4.9400,4.9600,4.9300,4.9300
2013-05-16,4.9300,4.9900,4.9200,4.9600
2013-05-17,4.9600,4.9800,4.9500,4.9600
2013-05-20,5.0000,5.0000,4.9600,4.9700
2013-05-21,4.9700,5.0000,4.9500,4.9800
2013-05-22,4.9700,4.9700,4.9200,4.9400
2013-05-23,4.9200,4.9300,4.8500,4.8700
2013-05-24,4.9000,4.9200,4.8500,4.8700
2013-05-27,4.8500,4.8700,4.8200,4.8300
2013-05-28,4.8300,4.8800,4.8100,4.8700
2013-05-29,4.8700,4.8800,4.8400,4.8400
2013-05-30,4.8400,4.8600,4.8200,4.8300
2013-05-31,4.8300,4.8500,4.7900,4.7900
2013-06-03,4.8000,4.8300,4.7900,4.8100
2013-06-04,4.8100,4.8100,4.7600,4.7700
2013-06-05,4.7600,4.7700,4.7300,4.7600
2013-06-06,4.7600,4.7600,4.7000,4.7100
2013-06-07,4.7100,4.7200,4.6400,4.6600
2013-06-13,4.6100,4.6200,4.4400,4.5300
2013-06-14,4.5100,4.5600,4.4600,4.5500
2013-06-17,4.5500,4.5500,4.4900,4.5100
2013-06-18,4.4100,4.4100,4.3000,4.3300
2013-06-19,4.3300,4.3300,4.2000,4.2800
2013-06-20,4.2500,4.2700,4.1600,4.1700
2013-06-21,4.1600,4.2400,4.1300,4.1500
2013-06-24,4.1500,4.1700,4.0300,4.0500
2013-06-25,4.0300,4.0600,3.8500,4.0300
2013-06-26,4.0400,4.0500,3.8900,3.9200
2013-06-27,3.9200,3.9500,3.8900,3.9200
2013-06-28,3.9000,3.9500,3.8700,3.9300
2013-06-30,,,,
2013-07-01,3.9200,3.9200,3.8500,3.9100
2013-07-02,3.9000,3.9300,3.8600,3.9200
2013-07-03,3.9000,4.0300,3.8700,3.9400
2013-07-04,3.9500,3.9700,3.9100,3.9400
2013-07-05,3.9300,4.0000,3.9200,3.9500
2013-07-08,3.9300,3.9300,3.8500,3.8700
2013-07-09,3.8700,3.9500,3.8500,3.9400
2013-07-10,3.9300,3.9900,3.9000,3.9800
2013-07-11,3.9900,4.1200,3.9800,4.1000
2013-07-12,4.0900,4.1000,4.0200,4.0300
2013-07-15,4.0500,4.1100,4.0300,4.0700
2013-07-16,4.0500,4.1200,4.0100,4.0900
2013-07-17,4.0800,4.1200,4.0600,4.0900
2013-07-18,4.0700,4.1000,4.0300,4.0600
2013-07-19,4.0600,4.0700,4.0000,4.0000
2013-07-22,3.9600,4.0900,3.9600,4.0400
2013-07-23,4.0700,4.1200,4.0200,4.1000
2013-07-24,4.0900,4.0900,4.0100,4.0600
2013-07-25,4.0800,4.1100,4.0200,4.0600
2013-07-26,4.0600,4.0700,4.0200,4.0400
2013-07-29,4.0200,4.0300,3.9600,3.9800
2013-07-30,3.9700,4.0700,3.9700,4.0200
2013-07-31,4.0500,4.0600,3.9800,4.0000
2013-08-01,4.0200,4.0800,4.0000,4.0500
2013-08-02,4.0700,4.0900,4.0300,4.0400
2013-08-05,4.0400,4.0600,4.0200,4.0500
2013-08-06,4.0400,4.0800,4.0200,4.0600
2013-08-07,4.0500,4.0700,4.0300,4.0400
2013-08-08,4.0500,4.0600,4.0100,4.0200
2013-08-09,4.0500,4.0600,4.0000,4.0500
2013-08-12,4.0600,4.1500,4.0500,4.1500
2013-08-13,4.1400,4.2100,4.1200,4.1800
2013-08-14,4.2000,4.2000,4.1300,4.1500
2013-08-15,4.1600,4.2100,4.1300,4.1500
2013-08-16,4.1500,4.5700,4.0900,4.1300
2013-08-19,4.1100,4.1600,4.0900,4.1300
2013-08-20,4.1300,4.1400,4.0800,4.0900
2013-08-21,4.1300,4.1300,4.0500,4.0800
2013-08-22,4.0800,4.1000,4.0500,4.0700
2013-08-23,4.0700,4.0900,3.9800,4.0300
2013-08-24,,,,
2013-08-26,4.0300,4.0900,4.0100,4.0800
2013-08-27,4.0800,4.1300,4.0700,4.0900
2013-08-28,4.0700,4.2400,4.0500,4.1800
2013-08-29,4.1700,4.1900,4.1000,4.1300
2013-08-30,4.1400,4.3000,4.1400,4.3000
2013-09-02,4.3400,4.3600,4.1900,4.2100
2013-09-03,4.1800,4.2800,4.1800,4.2500
2013-09-04,4.2800,4.6700,4.2400,4.5000
2013-09-05,4.4300,4.4800,4.3300,4.4700
2013-09-06,4.4300,4.5700,4.3800,4.4900
2013-09-09,4.5000,4.6300,4.4700,4.6200
2013-09-10,4.6200,4.6800,4.5500,4.6400
2013-09-11,4.6500,4.8100,4.5600,4.5800
2013-09-12,4.5600,4.5700,4.4700,4.5300
2013-09-13,4.5000,4.5500,4.4700,4.4800
2013-09-16,4.4900,4.5300,4.3800,4.4100
2013-09-17,4.4000,4.4000,4.3100,4.3300
2013-09-18,4.3300,4.3600,4.3100,4.3400
2013-09-23,4.3500,4.3900,4.3400,4.3600
2013-09-24,4.3500,4.3600,4.2400,4.2700
2013-09-25,4.2600,4.2900,4.2300,4.2500
2013-09-26,4.2400,4.2400,4.1700,4.1900
2013-09-27,4.1800,4.2200,4.1700,4.2000
2013-09-30,4.2000,4.2100,4.1700,4.2000
2013-10-08,4.1900,4.2400,4.1600,4.2400
2013-10-09,4.2300,4.2400,4.1900,4.2300
2013-10-10,4.2200,4.2300,4.1800,4.2000
2013-10-11,4.2000,4.2600,4.1900,4.2500
2013-10-14,4.2500,4.2700,4.2200,4.2600
2013-10-15,4.2700,4.2800,4.2000,4.2200
2013-10-16,4.2500,4.2600,4.1800,4.2100
2013-10-17,4.2000,4.2600,4.1900,4.2200
2013-10-18,4.2300,4.2800,4.1900,4.2300
2013-10-21,4.2200,4.2500,4.1900,4.2300
2013-10-22,4.2300,4.2300,4.1900,4.2000
2013-10-23,4.2100,4.2400,4.1600,4.1600
2013-10-24,4.1700,4.1700,4.0900,4.1100
2013-10-25,4.1100,4.1200,4.0100,4.0400
2013-10-28,4.0400,4.0600,4.0200,4.0600
2013-10-29,4.0500,4.0800,4.0000,4.0300
2013-10-30,4.0200,4.0900,4.0100,4.0700
2013-10-31,4.0800,4.0800,4.0300,4.0600
2013-11-01,4.0600,4.0900,4.0500,4.0800
2013-11-04,4.0900,4.1100,4.0700,4.0800
2013-11-05,4.0600,4.1000,4.0400,4.0900
2013-11-06,4.0800,4.1200,4.0700,4.1000
2013-11-07,4.1000,4.1100,4.0600,4.0800
2013-11-08,4.0700,4.1100,4.0500,4.0600
2013-11-11,4.0700,4.0900,4.0300,4.0500
2013-11-12,4.0600,4.0900,4.0500,4.0700
2013-11-13,4.0600,4.0700,4.0200,4.0300
2013-11-14,4.0400,4.0500,4.0000,4.0100
2013-11-15,4.0300,4.0900,4.0200,4.0700
2013-11-18,4.0800,4.2100,4.0700,4.1700
2013-11-19,4.1800,4.1800,4.1100,4.1400
2013-11-20,4.1500,4.1800,4.1300,4.1700
2013-11-21,4.1600,4.1600,4.1100,4.1300
2013-11-22,4.1500,4.1600,4.1000,4.1100
2013-11-25,4.1100,4.1700,4.1000,4.1500
2013-11-26,4.1400,4.2400,4.1400,4.1900
2013-11-27,4.2100,4.2500,4.1900,4.2400
2013-11-28,4.2300,4.3600,4.2200,4.3200
2013-11-29,4.3200,4.3200,4.2500,4.3000
2013-12-02,4.2700,4.2800,4.1800,4.2100
2013-12-03,4.2000,4.3200,4.1900,4.2900
2013-12-04,4.3100,4.4300,4.2900,4.3900
2013-12-05,4.4000,4.4700,4.3300,4.3900
2013-12-06,4.3800,4.4300,4.3600,4.4000
2013-12-09,4.4200,4.4600,4.4000,4.4400
2013-12-10,4.4400,4.5000,4.4000,4.4300
2013-12-11,4.4200,4.4400,4.3300,4.3400
2013-12-12,4.3300,4.3500,4.2900,4.3100
2013-12-13,4.2700,4.3100,4.2000,4.2200
2013-12-16,4.2200,4.2500,4.1600,4.1800
2013-12-17,4.1800,4.2000,4.1200,4.1400
2013-12-18,4.1400,4.1700,4.1200,4.1600
2013-12-19,4.1600,4.1800,4.1000,4.1000
2013-12-20,4.1200,4.1200,4.0100,4.0400
2013-12-23,4.0600,4.0600,4.0000,4.0200
2013-12-24,4.0200,4.1100,4.0200,4.0800
2013-12-25,4.0600,4.1000,4.0400,4.0800
2013-12-26,4.0800,4.0900,4.0300,4.0400
2013-12-27,4.0600,4.1400,4.0300,4.0900
2013-12-30,4.1200,4.1600,4.0100,4.0600
2013-12-31,4.0400,4.1000,4.0300,4.0900
2014-01-02,4.0700,4.0700,4.0000,4.0400
2014-01-03,4.0100,4.0400,3.9900,4.0100
2014-01-06,4.0100,4.0200,3.7900,3.9000
2014-01-07,3.8700,3.9200,3.8600,3.8900
2014-01-08,3.9100,3.9100,3.7200,3.8300
2014-01-09,3.8000,3.8100,3.7700,3.7900
2014-01-10,3.8000,3.8100,3.7300,3.7800
2014-01-13,3.7900,3.8600,3.7600,3.8400
2014-01-14,3.8500,3.9100,3.8400,3.9100
2014-01-15,3.9100,3.9100,3.8500,3.8600
2014-01-16,3.8700,3.9100,3.8500,3.8700
2014-01-17,3.8700,3.8800,3.6800,3.7400
2014-01-20,3.7300,3.7500,3.7100,3.7300
2014-01-21,3.7200,3.7700,3.7100,3.7400
2014-01-22,3.7400,3.8300,3.7300,3.8200
2014-01-23,3.8000,3.8100,3.7500,3.7600
2014-01-24,3.7600,3.8200,3.7400,3.7800
2014-01-27,3.7600,3.7700,3.7400,3.7600
2014-01-28,3.7700,3.7900,3.7500,3.7700
2014-01-29,3.7700,3.8300,3.7600,3.8200
2014-01-30,3.8000,3.8200,3.7800,3.7900
2014-02-07,3.7800,3.7900,3.7600,3.7900
2014-02-10,3.7900,3.8400,3.7800,3.8300
2014-02-11,3.8200,3.8700,3.8000,3.8400
2014-02-12,3.8400,3.8500,3.8200,3.8400
2014-02-13,3.8400,3.8500,3.8200,3.8300
2014-02-14,3.8300,3.8500,3.8100,3.8500
2014-02-17,3.8600,3.8700,3.8300,3.8600
2014-02-18,3.8500,3.8600,3.8000,3.8200
2014-02-19,3.8100,3.8500,3.8000,3.8400
2014-02-20,3.8400,3.9100,3.8300,3.8500
2014-02-21,3.8500,3.8600,3.8000,3.8200
2014-02-24,3.8100,3.8100,3.7100,3.7400
2014-02-25,3.7300,3.7400,3.6800,3.7000
2014-02-26,3.6900,3.7000,3.6400,3.6600
2014-02-27,3.6700,3.7200,3.6300,3.7200
2014-02-28,3.7100,3.7100,3.6500,3.6800
2014-03-03,3.6700,3.7200,3.6500,3.6900
2014-03-04,3.6700,3.6900,3.6400,3.6800
2014-03-05,3.6800,3.6900,3.6400,3.6600
2014-03-06,3.6500,3.6700,3.6200,3.6600
2014-03-07,3.6600,3.6800,3.6400,3.6400
2014-03-10,3.6300,3.6600,3.5500,3.5600
2014-03-11,3.5600,3.6400,3.5500,3.6100
2014-03-12,3.5900,3.6400,3.5800,3.6100
2014-03-13,3.6200,3.6600,3.6000,3.6200
2014-03-14,3.6100,3.6100,3.5700,3.5900
2014-03-17,3.6000,3.6300,3.5900,3.6200
2014-03-18,3.6300,3.6400,3.6000,3.6300
2014-03-19,3.6200,3.6300,3.5800,3.6100
2014-03-20,3.6100,3.6300,3.5400,3.5800
2014-03-21,3.5700,3.6700,3.5500,3.6500
2014-03-24,3.6600,3.8200,3.6600,3.7800
2014-03-25,3.7700,3.8300,3.7500,3.7800
2014-03-26,3.7800,3.8100,3.7400,3.7600
2014-03-27,3.7500,3.9000,3.7100,3.8000
2014-03-28,3.7900,3.8500,3.7700,3.8100
2014-03-29,,,,
2014-03-31,3.8100,3.8900,3.7900,3.8500
2014-04-01,3.8500,3.9600,3.8300,3.9200
2014-04-02,3.9000,4.0200,3.9000,3.9700
2014-04-03,3.9900,3.9900,3.8100,3.8800
2014-04-04,3.8500,3.9300,3.8300,3.9300
2014-04-08,3.9100,4.0000,3.9000,4.0000
2014-04-09,3.9900,4.0200,3.9500,3.9600
2014-04-10,3.9600,4.1100,3.9200,4.0700
2014-04-11,4.0800,4.1700,4.0700,4.1200
2014-04-14,4.1200,4.1500,4.0500,4.0700
2014-04-15,4.0500,4.0800,3.9700,3.9800
2014-04-16,3.9800,4.0300,3.9600,3.9900
2014-04-17,3.9900,4.0100,3.9800,3.9900
2014-04-18,3.9700,3.9700,3.9200,3.9500
2014-04-21,3.9100,3.9500,3.9000,3.9000
2014-04-22,3.9000,3.9300,3.8800,3.9000
2014-04-23,3.9000,3.9300,3.8800,3.9000
2014-04-24,3.8900,3.9500,3.8800,3.9100
2014-04-25,3.9300,3.9300,3.8800,3.8900
2014-04-28,3.9000,3.9000,3.8500,3.8800
2014-04-29,3.8800,3.9000,3.8600,3.8800
2014-04-30,3.9000,3.9000,3.8500,3.8800
2014-05-05,3.8800,3.9200,3.8700,3.9100
2014-05-06,3.9200,3.9500,3.9000,3.9100
2014-05-07,3.8900,3.9000,3.8700,3.8700
2014-05-08,3.8700,3.9400,3.8600,3.9000
2014-05-09,3.9200,3.9300,3.8800,3.8900
2014-05-12,3.9100,3.9900,3.9000,3.9800
2014-05-13,3.9700,3.9800,3.9200,3.9400
2014-05-14,3.9300,3.9600,3.9100,3.9200
2014-05-15,3.9200,3.9400,3.8600,3.8600
2014-05-16,3.8600,3.8900,3.8500,3.8700
2014-05-19,3.8700,3.8800,3.8100,3.8600
2014-05-20,3.8600,3.8800,3.8500,3.8600
2014-05-21,3.8400,3.8700,3.8300,3.8600
2014-05-22,3.8600,3.9000,3.8500,3.8600
2014-05-23,3.8800,3.8900,3.8600,3.8700
2014-05-26,3.9000,3.9500,3.8900,3.9400
2014-05-27,3.9400,3.9700,3.9200,3.9400
2014-05-28,3.9500,3.9700,3.9100,3.9500
2014-05-29,3.9700,3.9800,3.9500,3.9600
2014-05-30,3.9600,3.9900,3.9300,3.9400
2014-06-03,3.9400,3.9600,3.9200,3.9300
2014-06-04,3.9500,3.9500,3.9100,3.9200
2014-06-05,3.9200,3.9400,3.9000,3.9300
2014-06-06,3.9300,3.9500,3.8900,3.9300
2014-06-09,3.9200,3.9500,3.9000,3.9300
2014-06-10,3.9300,3.9500,3.9100,3.9500
2014-06-11,3.9400,3.9600,3.9000,3.9100
2014-06-12,3.9000,3.9300,3.9000,3.9300
2014-06-13,3.9300,3.9500,3.9100,3.9500
2014-06-16,3.9400,3.9600,3.9300,3.9600
2014-06-17,3.9500,3.9500,3.9200,3.9400
2014-06-18,3.9300,3.9500,3.9200,3.9300
2014-06-19,3.9300,3.9500,3.9000,3.9200
2014-06-20,3.9200,3.9400,3.9100,3.9200
2014-06-23,3.9200,3.9300,3.9100,3.9100
2014-06-24,3.9200,3.9400,3.9100,3.9300
2014-06-25,3.9300,4.0000,3.9200,3.9900
2014-06-26,3.9900,4.1000,3.9800,4.0800
2014-06-27,4.0800,4.1800,4.0600,4.1800
2014-06-30,4.0900,4.2200,4.0700,4.1000
2014-07-01,4.1000,4.1500,4.0700,4.0800
2014-07-02,4.0800,4.1300,4.0300,4.0800
2014-07-03,4.0700,4.1800,4.0600,4.1000
2014-07-04,4.1200,4.1200,4.0400,4.0500
2014-07-07,4.0500,4.1200,4.0400,4.0900
2014-07-08,4.0800,4.1000,4.0500,4.0700
2014-07-09,4.0700,4.0700,4.0200,4.0300
2014-07-10,4.0200,4.0400,3.9600,4.0000
2014-07-11,3.9900,4.0600,3.9800,4.0000
2014-07-14,4.0100,4.0500,4.0000,4.0300
2014-07-15,4.0400,4.0800,4.0300,4.0800
2014-07-16,4.0800,4.1800,4.0800,4.1700
2014-07-17,4.1700,4.2000,4.1400,4.1700
2014-07-18,4.1600,4.2200,4.1200,4.1400
2014-07-21,4.1400,4.2100,4.1100,4.1700
2014-07-22,4.1600,4.2500,4.1500,4.2300
2014-07-23,4.2300,4.3000,4.2200,4.2800
2014-07-24,4.2800,4.3300,4.2400,4.3200
2014-07-25,4.3200,4.3900,4.2900,4.3100
2014-07-28,4.3300,4.4500,4.3200,4.4500
2014-07-29,4.4400,4.4400,4.3500,4.3900
2014-07-30,4.3500,4.3900,4.2800,4.3200
2014-07-31,4.3100,4.3200,4.2500,4.3200
2014-08-01,4.3200,4.4900,4.3000,4.4100
2014-08-04,4.4100,4.6500,4.3800,4.6100
2014-08-05,4.6000,4.6200,4.5400,4.6000
2014-08-06,4.6000,4.7000,4.5200,4.7000
2014-08-07,4.7000,4.7400,4.6500,4.6900
2014-08-08,4.6800,4.7000,4.6000,4.6200
2014-08-11,4.6300,4.7200,4.5800,4.6800
2014-08-12,4.6400,4.6800,4.5300,4.5700
2014-08-13,4.5700,4.5800,4.4500,4.5500
2014-08-14,4.5300,4.5300,4.4500,4.4600
2014-08-15,4.4300,4.5000,4.4300,4.4900
2014-08-18,4.4800,4.5200,4.4500,4.4700
2014-08-19,4.4500,4.5100,4.4200,4.5100
2014-08-20,4.4900,4.5200,4.4600,4.4900
2014-08-21,4.5000,4.5100,4.4500,4.5000
2014-08-22,4.5000,4.5600,4.4700,4.5600
2014-08-23,,,,
2014-08-25,4.5300,4.6500,4.2900,4.4200
2014-08-26,4.3900,4.4400,4.3500,4.3700
2014-08-27,4.3700,4.4000,4.3400,4.3600
2014-08-28,4.3700,4.4100,4.3200,4.3400
2014-08-29,4.3400,4.4400,4.3300,4.4300
2014-09-01,4.4400,4.5300,4.3900,4.5000
2014-09-02,4.5100,4.5600,4.4800,4.5500
2014-09-03,4.5600,4.5900,4.5400,4.5400
2014-09-04,4.5500,4.5700,4.4900,4.5100
2014-09-05,4.5200,4.5500,4.5100,4.5400
2014-09-09,4.5400,4.5800,4.5100,4.5700
2014-09-10,4.5500,4.5900,4.5000,4.5600
2014-09-11,4.5600,4.5800,4.5000,4.5100
2014-09-12,4.5100,4.5200,4.4400,4.4800
2014-09-15,4.4800,4.4900,4.4400,4.4800
2014-09-16,4.4800,4.6000,4.4700,4.5100
2014-09-17,4.5000,4.5200,4.3900,4.4300
2014-09-18,4.4200,4.4600,4.4000,4.4300
2014-09-19,4.4300,4.4300,4.3800,4.4100
2014-09-22,4.3900,4.4000,4.1900,4.2300
2014-09-23,4.2300,4.2500,4.1900,4.2500
2014-09-24,4.2300,4.3200,4.2100,4.3100
2014-09-25,4.3300,4.3400,4.2800,4.3000
2014-09-26,4.2700,4.3200,4.2600,4.2900
2014-09-29,4.2900,4.3200,4.2900,4.3000
2014-09-30,4.3100,4.3500,4.3000,4.3400
2014-10-08,4.3400,4.3600,4.3300,4.3500
2014-10-09,4.3400,4.3600,4.2900,4.3200
2014-10-10,4.3100,4.3200,4.2700,4.3000
2014-10-13,4.3000,4.3000,4.2400,4.2800
2014-10-14,4.2700,4.3700,4.2500,4.3000
2014-10-15,4.2900,4.4600,4.2400,4.4200
2014-10-16,4.3800,4.4300,4.3100,4.3200
2014-10-17,4.3400,4.4100,4.3100,4.3500
2014-10-20,4.4000,4.4500,4.3600,4.3800
2014-10-21,4.3700,4.3800,4.3200,4.3300
2014-10-22,4.3300,4.3500,4.2700,4.2800
2014-10-23,4.2900,4.2900,4.1800,4.2000
2014-10-24,4.2000,4.2200,4.1700,4.1900
2014-10-27,4.1800,4.1800,4.1100,4.1300
2014-10-28,4.1300,4.2200,4.1300,4.2200
2014-10-29,4.2400,4.3500,4.2100,4.3200
2014-10-30,4.3100,4.3800,4.2900,4.3600
2014-10-31,4.4200,4.5900,4.4100,4.4500
2014-11-03,4.4500,4.5600,4.4300,4.5200
2014-11-04,4.5200,4.6100,4.4900,4.5600
2014-11-05,4.5800,4.7700,4.5500,4.6100
2014-11-06,4.5700,4.6000,4.4700,4.5100
2014-11-07,4.5000,4.5400,4.4500,4.4600
2014-11-10,4.5000,4.7100,4.5000,4.7000
2014-11-11,4.7200,4.7900,4.6300,4.6900
2014-11-12,4.6500,4.7300,4.6300,4.7100
2014-11-13,4.7400,4.9300,4.7200,4.8700
2014-11-14,4.8300,4.9400,4.7600,4.7900
2014-11-17,4.9200,4.9300,4.7100,4.7200
2014-11-18,4.7200,4.7300,4.5300,4.5600
2014-11-19,4.5500,4.6200,4.5000,4.5400
2014-11-20,4.5300,4.5600,4.5100,4.5300
2014-11-21,4.5200,4.6000,4.5000,4.5900
2014-11-24,4.6800,4.8200,4.6200,4.7400
2014-11-25,4.7500,4.8700,4.7100,4.8000
2014-11-26,4.8000,4.8300,4.7200,4.7900
2014-11-27,4.8200,4.8600,4.6800,4.7900
2014-11-28,4.7800,5.0500,4.7300,5.0400
2014-12-01,5.0700,5.4500,5.0700,5.3500
2014-12-02,5.3000,5.6200,5.1400,5.5300
2014-12-03,5.5200,5.9700,5.4800,5.6300
2014-12-04,5.6700,5.9000,5.5600,5.8700
2014-12-05,5.8900,5.9700,5.5400,5.6900
2014-12-08,5.6000,6.2600,5.5100,6.1800
2014-12-09,6.0800,6.6800,5.8100,5.8900
2014-12-10,5.9000,6.1500,5.6900,6.0800
2014-12-11,6.0100,6.6000,5.9100,6.5700
2014-12-12,6.5800,6.6100,6.2700,6.3300
2014-12-15,6.3000,6.3000,6.0400,6.2000
2014-12-16,6.1700,6.5400,6.1600,6.4100
2014-12-17,6.4500,6.5500,6.2600,6.3900
2014-12-18,6.4100,6.5600,6.3600,6.3700
2014-12-19,6.3600,7.0100,6.3200,7.0100
2014-12-22,7.2800,7.6900,6.9600,7.1500
2014-12-23,6.9000,7.0900,6.6000,6.6600
2014-12-24,6.6100,6.6600,6.1800,6.3700
2014-12-25,6.3700,6.7800,6.3100,6.7500
2014-12-26,6.6900,6.9500,6.5800,6.9100
2014-12-29,6.9100,7.1700,6.7000,6.8400
2014-12-30,6.8500,6.9000,6.7000,6.8400
2014-12-31,6.8300,7.0500,6.7800,7.0100
2015-01-05,7.0000,7.5000,6.9800,7.4700
2015-01-06,7.3600,7.3600,7.0400,7.1700
2015-01-07,7.0800,7.2000,6.9300,7.0600
2015-01-08,7.0500,7.1000,6.7300,6.7900
2015-01-09,6.7700,6.9500,6.5800,6.6300
2015-01-12,6.5500,6.5500,6.2300,6.3500
2015-01-13,6.3200,6.4100,6.2700,6.3300
2015-01-14,6.3400,6.3700,6.1600,6.2300
2015-01-15,6.1400,6.4400,6.0700,6.4400
2015-01-16,6.4200,6.4700,6.3500,6.4100
2015-01-19,6.0000,6.1600,5.7700,5.8100
2015-01-20,5.8400,5.9400,5.7900,5.8900
2015-01-21,5.9100,6.1500,5.8000,6.1200
2015-01-22,6.1100,6.2800,6.0600,6.2100
2015-01-23,6.2100,6.2800,6.1000,6.1400
2015-01-26,6.1300,6.2500,6.1200,6.2500
2015-01-27,6.2600,6.2600,5.9800,6.1100
2015-01-28,6.0900,6.1000,5.9900,6.0300
2015-01-29,5.9500,6.1200,5.9200,6.0500
2015-01-30,6.0600,6.0800,5.9300,5.9400
2015-02-02,5.8400,5.8600,5.7000,5.7100
2015-02-03,5.7600,5.8400,5.7100,5.8300
2015-02-04,6.1500,6.4100,6.0300,6.4100
2015-02-05,6.7000,6.7000,6.1500,6.1800
2015-02-06,6.1100,6.6200,6.0800,6.4300
2015-02-09,6.3500,6.7500,6.3100,6.6300
2015-02-10,6.6500,6.7200,6.4600,6.6100
2015-02-11,6.5500,6.6100,6.4500,6.4900
2015-02-12,6.4700,6.4800,6.1800,6.4100
2015-02-13,6.3800,6.6600,6.3600,6.4900
2015-02-16,6.4900,6.5200,6.3600,6.4700
2015-02-17,6.5000,6.7400,6.4600,6.6200
2015-02-25,6.6200,6.6900,6.4800,6.5300
2015-02-26,6.5100,6.6300,6.4000,6.6200
2015-02-27,6.6100,6.7500,6.5500,6.6800
2015-03-02,6.7200,7.1000,6.6600,6.9300
2015-03-03,6.8500,6.8500,6.5700,6.6100
2015-03-04,6.6000,6.6800,6.5000,6.5800
2015-03-05,6.5200,6.6100,6.2900,6.3500
2015-03-06,6.3500,6.4100,6.2500,6.3000
2015-03-09,6.2500,6.3900,6.1800,6.3800
2015-03-10,6.3600,6.3700,6.2800,6.3100
2015-03-11,6.3100,6.3700,6.2500,6.2900
2015-03-12,6.2800,6.3800,6.2700,6.3600
2015-03-13,6.3900,6.4600,6.3500,6.4300
2015-03-16,6.4500,6.6800,6.4500,6.6000
2015-03-17,6.6300,6.7900,6.5800,6.6500
2015-03-18,6.6800,6.9800,6.6600,6.9300
2015-03-19,6.9700,6.9700,6.7700,6.8300
2015-03-20,6.8300,6.9000,6.7600,6.8400
2015-03-23,6.9400,7.0300,6.9300,6.9800
2015-03-24,7.0000,7.6300,6.9700,7.3500
2015-03-25,7.2600,7.2700,7.0100,7.0400
2015-03-26,7.0400,7.2900,7.0300,7.1400
2015-03-27,7.1300,7.1700,7.0300,7.0700
2015-03-30,7.1100,7.3200,7.0900,7.2700
2015-03-31,7.3100,7.5000,7.0900,7.1200
2015-04-01,7.1000,7.1800,7.0500,7.1400
2015-04-02,7.1800,7.2000,7.0000,7.0800
2015-04-03,7.0100,7.2700,6.9900,7.1500
2015-04-07,7.1900,7.3500,7.1400,7.2800
2015-04-08,7.2800,7.3900,7.0800,7.3200
2015-04-09,7.4500,7.5700,7.2300,7.5500
2015-04-10,7.5400,7.5900,7.4100,7.5700
2015-04-13,7.6300,7.7800,7.5600,7.6300
2015-04-14,7.5600,7.6500,7.4300,7.5500
2015-04-15,7.5000,7.5100,7.2600,7.3200
2015-04-16,7.2400,7.5000,7.2100,7.4700
2015-04-17,7.5500,8.2200,7.5100,7.9900
2015-04-20,7.8200,8.5800,7.7500,8.1300
2015-04-21,8.2000,8.3900,7.9500,8.3200
2015-04-22,8.3100,8.5200,8.2000,8.4300
2015-04-23,8.3800,8.9800,8.3800,8.7900
2015-04-24,8.6900,8.7500,8.3000,8.4100
2015-04-27,8.4800,9.2500,8.4000,9.2500
2015-04-28,9.2100,9.8500,8.9000,9.5500
2015-04-29,9.4500,9.9400,9.1800,9.3100
2015-04-30,9.2000,9.2500,8.9100,8.9700
2015-05-04,8.9900,9.8700,8.9900,9.8700
2015-05-05,10.0800,10.1500,8.9000,9.1500
2015-05-06,9.1500,9.2500,8.4100,8.6600
2015-05-07,8.5000,8.6100,8.0000,8.0200
2015-05-08,8.2800,8.5100,8.0600,8.4900
2015-05-11,8.6700,8.7800,8.3800,8.6900
2015-05-12,8.6900,8.9800,8.6100,8.8700
2015-05-13,8.8300,9.1700,8.6400,8.7600
2015-05-14,8.6400,8.6400,8.2100,8.5000
2015-05-15,8.3600,8.4000,8.1000,8.1600
2015-05-18,8.1500,8.2700,8.0800,8.1300
2015-05-19,8.1100,8.3800,8.0800,8.3500
2015-05-20,8.3700,8.6000,8.2700,8.4000
2015-05-21,8.3500,8.4500,8.2700,8.4200
2015-05-22,8.4800,9.0300,8.4700,8.9000
2015-05-25,8.9500,9.2900,8.9000,9.2700
2015-05-26,9.3100,9.4600,9.0100,9.4400
2015-05-27,9.4700,9.6300,9.1700,9.4700
2015-05-28,9.4000,9.5500,8.5200,8.5600
2015-05-29,8.5500,8.6400,8.0900,8.3100
2015-06-01,8.3300,8.8100,8.3200,8.8100
2015-06-02,8.8200,9.1100,8.7000,9.0400
2015-06-03,9.0500,9.0800,8.6000,8.8300
2015-06-04,8.8300,8.9900,8.2900,8.9700
2015-06-05,9.0400,9.6700,8.9700,9.5400
2015-06-08,9.5800,9.8300,9.3000,9.7000
2015-06-09,9.7100,9.7700,9.3400,9.5200
2015-06-10,9.3800,9.5900,9.2400,9.3700
2015-06-11,9.3100,9.5000,9.2300,9.4600
2015-06-12,9.4800,9.5900,9.3400,9.5700
2015-06-15,9.4500,10.1800,9.3500,9.7100
2015-06-16,9.5000,9.5700,8.9600,9.0600
2015-06-17,8.9800,9.3000,8.6900,9.2400
2015-06-18,9.1400,9.5800,8.9900,9.0100
2015-06-19,8.7800,8.9700,8.2200,8.2500
2015-06-23,8.2800,8.5400,7.9100,8.5000
2015-06-24,8.5400,8.9700,8.5100,8.8900
2015-06-25,8.8900,9.2700,8.6100,8.9800
2015-06-26,8.6100,8.9000,8.0800,8.1700
2015-06-29,8.3700,8.6500,7.4200,8.1700
2015-06-30,8.0500,8.8500,7.7000,8.7400
2015-07-01,8.7100,9.1000,8.3200,8.3600
2015-07-02,8.4100,8.5000,7.5500,7.6300
2015-07-03,7.4000,7.7900,6.8700,6.8700
2015-07-06,7.5000,7.5500,6.7300,7.1900
2015-07-07,7.0500,7.5800,6.5100,7.5000
2015-07-08,6.9500,7.2900,6.7500,6.7500
2015-07-09,6.7500,7.4300,6.3000,7.4300
2015-07-10,7.4900,8.1700,7.2600,8.1600
2015-07-13,8.0100,8.4800,7.8700,8.2000
2015-07-14,7.9900,7.9900,7.5000,7.5800
2015-07-15,7.4000,7.5600,7.0100,7.0900
2015-07-16,7.0900,7.4900,6.9500,7.2300
2015-07-17,7.3400,7.5400,7.2300,7.4500
2015-07-20,7.4700,7.5200,7.2700,7.3600
2015-07-21,7.3000,7.4800,7.1600,7.3300
2015-07-22,7.3300,7.4700,7.1800,7.3800
2015-07-23,7.4500,7.8000,7.4200,7.6100
2015-07-24,7.5500,7.7500,7.3800,7.4300
2015-07-27,7.2500,7.3500,6.6900,6.6900
2015-07-28,6.5000,6.7600,6.3100,6.6300
2015-07-29,6.7100,6.9300,6.5600,6.9200
2015-07-30,6.8600,6.9500,6.6200,6.6500
2015-07-31,6.5100,6.8300,6.5100,6.7900
2015-08-03,6.7200,7.2400,6.6700,7.2300
2015-08-04,7.1800,7.2800,7.0100,7.2500
2015-08-05,7.2000,7.2500,7.0300,7.0600
2015-08-06,6.9000,7.0000,6.8200,6.8800
2015-08-07,6.9500,7.0900,6.9200,7.0200
2015-08-10,7.3700,7.7200,7.3700,7.7200
2015-08-11,7.7200,8.0000,7.6700,7.7500
2015-08-12,7.7000,8.0100,7.5500,7.7100
2015-08-13,7.6600,7.7900,7.4400,7.7300
2015-08-14,7.7500,7.7800,7.5900,7.6100
2015-08-17,7.5700,7.8900,7.4600,7.7700
2015-08-18,7.7500,7.7500,6.9900,6.9900
2015-08-19,6.8600,7.6600,6.7900,7.4900
2015-08-20,7.4000,7.4000,7.0900,7.1300
2015-08-21,7.0200,7.1300,6.6100,6.7900
2015-08-24,6.5800,6.5800,6.1100,6.1100
2015-08-25,5.6000,5.8000,5.5000,5.5000
2015-08-26,5.1400,5.6700,5.0300,5.1600
2015-08-27,5.2600,5.3900,5.0400,5.3800
2015-08-28,5.4700,5.7500,5.3800,5.7200
2015-08-31,5.6500,5.7500,5.4000,5.7100
2015-09-01,5.7500,6.0400,5.6500,5.9200
2015-09-02,5.6200,6.4600,5.6000,6.2400
2015-09-07,6.1000,6.4400,5.9000,5.9700
2015-09-08,5.9700,6.0900,5.7200,6.0600
2015-09-09,6.1000,6.3000,6.0500,6.1700
2015-09-10,6.0500,6.1200,5.9800,6.0300
2015-09-11,6.0300,6.0800,5.9400,5.9800
2015-09-14,6.1000,6.1400,5.7400,6.0400
2015-09-15,5.9200,5.9800,5.6500,5.6700
2015-09-16,5.5200,6.1400,5.5200,6.0100
2015-09-17,5.9200,6.0400,5.8200,5.8300
2015-09-18,5.8800,5.9200,5.7800,5.8200
2015-09-21,5.8100,5.8800,5.7800,5.8600
2015-09-22,5.8700,5.9600,5.8400,5.9100
2015-09-23,5.8300,5.8500,5.6700,5.6900
2015-09-24,5.7100,5.7500,5.6500,5.7100
2015-09-25,5.7000,5.7000,5.5500,5.5600
2015-09-28,5.5500,5.6200,5.5100,5.6000
2015-09-29,5.5300,5.5300,5.4300,5.4700
2015-09-30,5.5000,5.7000,5.4800,5.5900
2015-10-08,5.7500,5.8400,5.6500,5.7700
2015-10-09,5.7900,5.8300,5.7300,5.8000
2015-10-12,5.8100,6.0500,5.8000,5.9800
2015-10-13,5.9400,5.9700,5.9200,5.9400
2015-10-14,5.9000,6.0600,5.8600,5.8800
2015-10-15,5.8700,5.9900,5.8400,5.9700
2015-10-16,5.9800,6.0500,5.9600,6.0300
2015-10-19,6.0500,6.0800,5.9400,5.9700
2015-10-20,5.9500,6.0500,5.8800,6.0300
2015-10-21,6.0300,6.1000,5.7800,5.8000
2015-10-22,5.8500,5.8800,5.7200,5.8600
2015-10-23,5.8600,5.9500,5.8100,5.9200
2015-10-26,5.9800,6.0000,5.9000,5.9300
2015-10-27,5.9100,5.9400,5.8000,5.8800
2015-10-28,5.8500,5.9500,5.8300,5.8400
2015-10-29,5.8400,5.8600,5.7600,5.7800
2015-10-30,5.7500,5.7600,5.6200,5.6700
2015-11-02,5.6000,5.6500,5.5400,5.5500
2015-11-03,5.5600,5.6100,5.5400,5.5700
2015-11-04,5.6000,5.7500,5.5700,5.7500
2015-11-05,5.7400,6.1400,5.7100,5.9200
2015-11-06,5.8900,5.9800,5.8400,5.9600
2015-11-09,5.9600,6.0800,5.9400,6.0300
2015-11-10,5.9700,6.0400,5.9500,6.0100
2015-11-11,6.0000,6.2000,5.9900,6.0500
2015-11-12,6.0500,6.0500,5.8800,5.9200
2015-11-13,5.8700,5.8900,5.7700,5.7900
2015-11-16,5.7100,5.8200,5.7000,5.8100
2015-11-17,5.8300,5.9200,5.8300,5.8800
2015-11-18,5.8800,5.9400,5.8300,5.8600
2015-11-19,5.8900,5.9200,5.8300,5.9100
2015-11-20,5.8900,5.9200,5.8600,5.8900
2015-11-23,5.8900,5.9100,5.8200,5.8300
2015-11-24,5.8200,5.8300,5.7200,5.8000
2015-11-25,5.7700,5.8300,5.7700,5.8100
2015-11-26,5.8100,5.8600,5.7800,5.8000
2015-11-27,5.7800,5.7900,5.4300,5.5100
2015-11-30,5.5300,5.5400,5.3700,5.4800
2015-12-01,5.4800,5.5600,5.4200,5.5200
2015-12-02,5.5200,5.7300,5.4700,5.6800
2015-12-03,5.6500,5.8000,5.6200,5.6700
2015-12-04,5.6500,5.6600,5.5000,5.5300
2015-12-07,5.5200,5.5500,5.4800,5.5100
2015-12-08,5.4900,5.5000,5.3800,5.4000
2015-12-09,5.3800,5.4500,5.3700,5.4100
2015-12-10,5.4300,5.4500,5.3700,5.3800
2015-12-11,5.3700,5.4400,5.3200,5.4200
2015-12-14,5.3700,5.5100,5.3400,5.5100
2015-12-15,5.5000,5.5400,5.4200,5.4500
2015-12-16,5.4700,5.5000,5.4100,5.4200
2015-12-17,5.4600,5.6700,5.4500,5.6400
2015-12-18,5.6100,5.6200,5.5100,5.5200
2015-12-21,5.5000,5.6800,5.4900,5.6500
2015-12-22,5.6400,5.9200,5.6400,5.7700
2015-12-23,5.7900,5.8300,5.6800,5.6800
2015-12-24,5.7000,5.7200,5.5700,5.6900
2015-12-25,5.7300,5.7300,5.6000,5.6500
2015-12-28,5.6400,5.6700,5.5200,5.5300
2015-12-29,5.5000,5.6600,5.5000,5.6300
2015-12-30,5.6400,5.6500,5.5400,5.5900
2015-12-31,5.5800,5.6400,5.5600,5.5800
